Date,Rank,Keyword,Popularity Score
2026-07-02,1,เรียนภาษาญี่ปุ่น ออนไลน์,12
2026-07-02,2,เรียนภาษาญี่ปุ่น กรุงเทพ,10
2026-07-02,3,เรียน ภาษา ญี่ปุ่น กับ ai,10
2026-07-02,4,เรียน ภาษา ญี่ปุ่น a level,10
2026-07-02,5,เรียนภาษาญี่ปุ่นด้วยตัวเอง,9
2026-07-02,6,เรียนภาษาญี่ปุ่น กับกรมแรงงาน,9
2026-07-02,7,เรียน ภาษา ญี่ปุ่น ai,9
2026-07-02,8,เรียนภาษาญี่ปุ่นพื้นฐาน,8
2026-07-02,9,เรียน ภาษา ญี่ปุ่น กับ พี่ ริ ว,8
2026-07-02,10,เรียน ภาษา ญี่ปุ่น app,8
2026-07-02,11,เรียนภาษาญี่ปุ่นเบื้องต้น ฟรี,7
2026-07-02,12,เรียน ภาษา ญี่ปุ่น กับ พี่ ริ ว pantip,7
2026-07-02,13,เรียนภาษาญี่ปุ่น ที่ไหนดี,6
2026-07-02,14,เรียน ภาษา ญี่ปุ่น ก ทม,6
2026-07-02,15,คอร์ส เรียน ภาษา ญี่ปุ่น a level,6
2026-07-02,16,เรียนภาษาญี่ปุ่น ใกล้ฉัน,5
2026-07-02,17,เรียน ภาษา ญี่ปุ่น กับ พี่ ริ ว รีวิว,5
2026-07-02,18,app เรียน ภาษา ญี่ปุ่น ฟรี,5
2026-07-02,19,เรียนภาษาญี่ปุ่นฟรี,4
2026-07-02,20,เรียน ภาษา ญี่ปุ่น กี่ ปี,4
2026-07-02,21,atp เรียน ภาษา ญี่ปุ่น,4
2026-07-02,22,เรียนภาษาญี่ปุ่น ที่ญี่ปุ่น,3
2026-07-02,23,แนะนํา app เรียน ภาษา ญี่ปุ่น,3
2026-07-02,24,เรียนภาษาญี่ปุ่น เชียงใหม่,2
2026-07-02,25,เรียน ภาษา ญี่ปุ่น กัน เถอะ,2
2026-07-02,26,เรียนภาษาญี่ปุ่น จุฬา,1
2026-07-02,27,เรียนภาษาญี่ปุ่นออนไลน์ ฟรี,1
2026-07-02,28,เรียนภาษาญี่ปุ่น ตัวต่อตัว,1
2026-07-02,29,เรียนภาษาญี่ปุ่นกับพี่ริว,1
2026-07-02,30,เรียนภาษาญี่ปุ่น สสท,1
2026-07-02,31,เรียนภาษาญี่ปุ่น ศรีราชา,1
2026-07-02,32,เรียน ภาษา ญี่ปุ่น กี่ บาท,1
2026-07-02,33,เรียน ภาษา ญี่ปุ่น กับ ใคร ดี,1
2026-07-02,34,เรียน ภาษา ญี่ปุ่น กับ ส ส ท,1
2026-07-02,35,เรียน ภาษา ญี่ปุ่น กาญจนบุรี,1
2026-07-02,36,เรียน ภาษา ญี่ปุ่น กับ nhk,1
2026-07-02,37,เรียน ภาษา ญี่ปุ่น กี่ เดือน,1
2026-07-02,38,เรียน ภาษา ญี่ปุ่น แอ ป,1
2026-07-02,39,เรียน ภาษา ญี่ปุ่น แอ พ,1
2026-07-02,40,เรียนภาษาญี่ปุ่นเอง,1
2026-07-02,1,ข้อสอบภาษาญี่ปุ่น n4,291
2026-07-02,2,คําศัพท์ภาษาญี่ปุ่น nc,286
2026-07-02,3,สนทนาภาษาญี่ปุ่นพื้นฐาน,283
2026-07-02,4,สนทนาภาษาญี่ปุ่น เบื้องต้น,265
2026-07-02,5,ไวยากรณ์ภาษาญี่ปุ่น n1,250
2026-07-02,6,ข้อสอบภาษาญี่ปุ่น n5,246
2026-07-02,7,ข้อสอบ ภาษา ญี่ปุ่น คือ,241
2026-07-02,8,ข้อสอบ ภาษา ญี่ปุ่น pdf,200
2026-07-02,9,ไวยากรณ์ ภาษา ญี่ปุ่น pantip,196
2026-07-02,10,คําศัพท์ภาษาญี่ปุ่น n5,189
2026-07-02,11,คําศัพท์ภาษาญี่ปุ่นง่ายๆ,187
2026-07-02,12,ภาษา ญี่ปุ่น เบื้องต้น สนทนา,187
2026-07-02,13,คําศัพท์ภาษาญี่ปุ่นเบื้องต้น,170
2026-07-02,14,เรียน ภาษา ญี่ปุ่น ด้วย ตัว เอง รีวิว,170
2026-07-02,15,ภาษาญี่ปุ่น เบื้องต้น,166
2026-07-02,16,สนทนาภาษาญี่ปุ่น n4,166
2026-07-02,17,คอร์ส ภาษา ญี่ปุ่น ราคา,163
2026-07-02,18,ภาษา ญี่ปุ่น เบื้องต้น pdf,157
2026-07-02,19,คอร์ส ภาษา ญี่ปุ่น พื้นฐาน,152
2026-07-02,20,คําศัพท์ภาษาญี่ปุ่น n1,151
2026-07-02,21,ไวยากรณ์ภาษาญี่ปุ่น n4,142
2026-07-02,22,ไวยากรณ์ ภาษา ญี่ปุ่น คือ,138
2026-07-02,23,ไวยากรณ์ ภาษา ญี่ปุ่น พื้นฐาน,135
2026-07-02,24,คอร์ส ภาษา ญี่ปุ่น ฟรี,130
2026-07-02,25,คอร์ส ภาษา ญี่ปุ่น ออนไลน์,130
2026-07-02,26,ไวยากรณ์ ภาษา ญี่ปุ่น เรียก ว่า,122
2026-07-02,27,ไวยากรณ์ ภาษา ญี่ปุ่น ทั้งหมด,122
2026-07-02,28,คําศัพท์ภาษาญี่ปุ่นพื้นฐาน,118
2026-07-02,29,ไวยากรณ์ ภาษา ญี่ปุ่น pdf,116
2026-07-02,30,สนทนา ภาษา ญี่ปุ่น,113
2026-07-02,31,เรียนภาษาญี่ปุ่นด้วยตัวเอง,104
2026-07-02,32,ข้อสอบ ภาษา ญี่ปุ่น พื้นฐาน,103
2026-07-02,33,ภาษา ญี่ปุ่น เบื้องต้น n5,96
2026-07-02,34,คอร์ส เรียน ภาษา ญี่ปุ่น พื้นฐาน,91
2026-07-02,35,ภาษาญี่ปุ่นเบื้องต้น พยัญชนะ,89
2026-07-02,36,สนทนาภาษาญี่ปุ่นเบื้องต้น,88
2026-07-02,37,สอนภาษาญี่ปุ่นง่ายๆ,87
2026-07-02,38,ข้อสอบภาษาญี่ปุ่น,85
2026-07-02,39,สอนภาษาญี่ปุ่นฟรี,84
2026-07-02,40,สอบ jlpt ผ่าน,84
2026-07-02,41,คําศัพท์ภาษาญี่ปุ่น n4,83
2026-07-02,42,สนทนา ภาษา ญี่ปุ่น พื้นฐาน,80
2026-07-02,43,เรียนภาษาญี่ปุ่นด้วยตัวเอง เริ่มจาก 0,78
2026-07-02,44,ไวยากรณ์ภาษาญี่ปุ่น n5,76
2026-07-02,45,ข้อสอบ ภาษา ญี่ปุ่น เบื้องต้น,76
2026-07-02,46,ภาษา ญี่ปุ่น เบื้องต้น ฟรี,76
2026-07-02,47,ไวยากรณ์ภาษาญี่ปุ่นเบื้องต้น,75
2026-07-02,48,คอร์ส ภาษา ญี่ปุ่น เบื้องต้น,75
2026-07-02,49,คําศัพท์ภาษาญี่ปุ่น n3,74
2026-07-02,50,ไวยากรณ์ภาษาญี่ปุ่น n2,73
2026-07-02,51,ข้อสอบ ภาษา ญี่ปุ่น ง่ายๆ,72
2026-07-02,52,เรียน ภาษา ญี่ปุ่น ด้วย ตัว เอง pantip,70
2026-07-02,53,สอนภาษาญี่ปุ่นพื้นฐาน,70
2026-07-02,54,คอร์ส เรียน ภาษา ญี่ปุ่น พูด,70
2026-07-02,55,คอร์ส เรียน ภาษา ญี่ปุ่น รีวิว,69
2026-07-02,56,สอบ jlpt pantip,69
2026-07-02,57,เรียน ภาษา ญี่ปุ่น ด้วย ตัว เอง ฟรี,67
2026-07-02,58,คอร์ส ออนไลน์ สนทนา ภาษา ญี่ปุ่น พูด ได้ ใช้ คล่อง,67
2026-07-02,59,ไวยากรณ์ ภาษา ญี่ปุ่น เบื้องต้น,64
2026-07-02,60,คอร์ส ภาษา ญี่ปุ่น ธุรกิจ,57
2026-07-02,61,สอบ jlpt n5,54
2026-07-02,62,ภาษาญี่ปุ่นเบื้องต้น บทที่ 1,53
2026-07-02,63,คอร์ส ภาษา ญี่ปุ่น มหิดล,51
2026-07-02,64,สอบ jlpt ไม่ ผ่าน,51
2026-07-02,65,เรียนภาษาญี่ปุ่น เด็ก,49
2026-07-02,66,คําศัพท์ภาษาญี่ปุ่น n2,49
2026-07-02,67,สอบ jlpt ออนไลน์,48
2026-07-02,68,ข้อสอบ ภาษา ญี่ปุ่น a level,47
2026-07-02,69,เรียน ภาษา ญี่ปุ่น by click japanese,46
2026-07-02,70,คอร์ส เรียน ภาษา ญี่ปุ่น ราคา,46
2026-07-02,71,ข้อสอบ ภาษา ญี่ปุ่น พร้อม เฉลย,46
2026-07-02,72,สอบ jlpt ยัง ไง,45
2026-07-02,73,สอบ jlpt n1,45
2026-07-02,74,เรียน ภาษา ญี่ปุ่น future skill,44
2026-07-02,75,คอร์ส เรียน ภาษา ญี่ปุ่น pantip,44
2026-07-02,76,ไวยากรณ์ ภาษา ญี่ปุ่น เบื้องต้น ฉบับ สมบูรณ์ pdf,43
2026-07-02,77,สอบ jlpt ครั้ง ที่ 1,43
2026-07-02,78,สอบ jlpt n2,43
2026-07-02,79,ภาษา ญี่ปุ่น เบื้องต้น สวัสดี,42
2026-07-02,80,คอร์ส เรียน ภาษา ญี่ปุ่น a level,41
2026-07-02,81,ไวยากรณ์ภาษาญี่ปุ่น n3,41
2026-07-02,82,คอร์ส ภาษา ญี่ปุ่น ออนไลน์ ฟรี,41
2026-07-02,83,ภาษา ญี่ปุ่น เบื้องต้น หนังสือ,41
2026-07-02,84,เรียน ภาษา ญี่ปุ่น ด้วย ตัว เอง n1,41
2026-07-02,85,สอบ jlpt ที่ไหน,41
2026-07-02,86,สนทนา ภาษา ญี่ปุ่น ใน ชีวิต ประ จํา วัน,40
2026-07-02,87,เรียนภาษาญี่ปุ่น ออนไลน์,39
2026-07-02,88,เรียน ภาษา ญี่ปุ่น by click japanese รีวิว,39
2026-07-02,89,เรียน ภาษา ญี่ปุ่น japan foundation,39
2026-07-02,90,สอบ jlpt ระดับ,39
2026-07-02,91,เรียน ภาษา ญี่ปุ่น i love japan,38
2026-07-02,92,สอนภาษาญี่ปุ่น สนทนา,38
2026-07-02,93,สอนภาษาญี่ปุ่น n4,38
2026-07-02,94,สอบ jlpt คือ,38
2026-07-02,95,สอบ jlpt ยาก ไหม,38
2026-07-02,96,ข้อสอบ ภาษา ญี่ปุ่น เขียน ยัง ไง,38
2026-07-02,97,ไวยากรณ์ ภาษา ญี่ปุ่น ชั้น ต้น,37
2026-07-02,98,สอบ jlpt ครั้ง แรก,37
2026-07-02,99,โรงเรียน สอน ภาษา ญี่ปุ่น ichiban japanese language center,36
2026-07-02,100,คอร์ส ภาษา ญี่ปุ่น n4,36
2026-07-02,1,ข้อสอบภาษาญี่ปุ่น n4,291
2026-07-02,2,คําศัพท์ภาษาญี่ปุ่น nc,286
2026-07-02,3,สนทนาภาษาญี่ปุ่นพื้นฐาน,285
2026-07-02,4,สนทนาภาษาญี่ปุ่น เบื้องต้น,267
2026-07-02,5,ไวยากรณ์ภาษาญี่ปุ่น n1,250
2026-07-02,6,ข้อสอบภาษาญี่ปุ่น n5,246
2026-07-02,7,ข้อสอบ ภาษา ญี่ปุ่น คือ,241
2026-07-02,8,ข้อสอบ ภาษา ญี่ปุ่น pdf,200
2026-07-02,9,ไวยากรณ์ ภาษา ญี่ปุ่น pantip,196
2026-07-02,10,คําศัพท์ภาษาญี่ปุ่น n5,189
2026-07-02,11,คําศัพท์ภาษาญี่ปุ่นง่ายๆ,187
2026-07-02,12,ภาษา ญี่ปุ่น เบื้องต้น สนทนา,186
2026-07-02,13,เรียน ภาษา ญี่ปุ่น ด้วย ตัว เอง รีวิว,178
2026-07-02,14,คําศัพท์ภาษาญี่ปุ่นเบื้องต้น,170
2026-07-02,15,สนทนาภาษาญี่ปุ่น n4,166
2026-07-02,16,ภาษาญี่ปุ่น เบื้องต้น,165
2026-07-02,17,คอร์ส ภาษา ญี่ปุ่น ราคา,163
2026-07-02,18,ภาษา ญี่ปุ่น เบื้องต้น pdf,157
2026-07-02,19,คอร์ส ภาษา ญี่ปุ่น พื้นฐาน,153
2026-07-02,20,คําศัพท์ภาษาญี่ปุ่น n1,151
2026-07-02,21,ไวยากรณ์ภาษาญี่ปุ่น n4,142
2026-07-02,22,ไวยากรณ์ ภาษา ญี่ปุ่น คือ,138
2026-07-02,23,ไวยากรณ์ ภาษา ญี่ปุ่น พื้นฐาน,135
2026-07-02,24,คอร์ส ภาษา ญี่ปุ่น ฟรี,130
2026-07-02,25,คอร์ส ภาษา ญี่ปุ่น ออนไลน์,130
2026-07-02,26,ไวยากรณ์ ภาษา ญี่ปุ่น เรียก ว่า,122
2026-07-02,27,ไวยากรณ์ ภาษา ญี่ปุ่น ทั้งหมด,122
2026-07-02,28,คําศัพท์ภาษาญี่ปุ่นพื้นฐาน,118
2026-07-02,29,ไวยากรณ์ ภาษา ญี่ปุ่น pdf,116
2026-07-02,30,สนทนา ภาษา ญี่ปุ่น,115
2026-07-02,31,เรียนภาษาญี่ปุ่นด้วยตัวเอง,104
2026-07-02,32,ข้อสอบ ภาษา ญี่ปุ่น พื้นฐาน,103
2026-07-02,33,ภาษา ญี่ปุ่น เบื้องต้น n5,96
2026-07-02,34,คอร์ส เรียน ภาษา ญี่ปุ่น พื้นฐาน,91
2026-07-02,35,ภาษาญี่ปุ่นเบื้องต้น พยัญชนะ,89
2026-07-02,36,สนทนาภาษาญี่ปุ่นเบื้องต้น,88
2026-07-02,37,สอนภาษาญี่ปุ่นง่ายๆ,87
2026-07-02,38,เรียนภาษาญี่ปุ่นด้วยตัวเอง เริ่มจาก 0,87
2026-07-02,39,ข้อสอบภาษาญี่ปุ่น,85
2026-07-02,40,สอนภาษาญี่ปุ่นฟรี,84
2026-07-02,41,คําศัพท์ภาษาญี่ปุ่น n4,83
2026-07-02,42,สอบ jlpt ผ่าน,81
2026-07-02,43,สนทนา ภาษา ญี่ปุ่น พื้นฐาน,80
2026-07-02,44,ภาษา ญี่ปุ่น เบื้องต้น ฟรี,77
2026-07-02,45,ไวยากรณ์ภาษาญี่ปุ่น n5,76
2026-07-02,46,ข้อสอบ ภาษา ญี่ปุ่น เบื้องต้น,76
2026-07-02,47,ไวยากรณ์ภาษาญี่ปุ่นเบื้องต้น,75
2026-07-02,48,คอร์ส ภาษา ญี่ปุ่น เบื้องต้น,75
2026-07-02,49,คําศัพท์ภาษาญี่ปุ่น n3,74
2026-07-02,50,ไวยากรณ์ภาษาญี่ปุ่น n2,73
2026-07-02,51,ข้อสอบ ภาษา ญี่ปุ่น ง่ายๆ,72
2026-07-02,52,เรียน ภาษา ญี่ปุ่น ด้วย ตัว เอง pantip,70
2026-07-02,53,สอนภาษาญี่ปุ่นพื้นฐาน,70
2026-07-02,54,คอร์ส เรียน ภาษา ญี่ปุ่น พูด,70
2026-07-02,55,คอร์ส เรียน ภาษา ญี่ปุ่น รีวิว,69
2026-07-02,56,เรียน ภาษา ญี่ปุ่น ด้วย ตัว เอง ฟรี,67
2026-07-02,57,คอร์ส ออนไลน์ สนทนา ภาษา ญี่ปุ่น พูด ได้ ใช้ คล่อง,66
2026-07-02,58,ไวยากรณ์ ภาษา ญี่ปุ่น เบื้องต้น,64
2026-07-02,59,สอบ jlpt pantip,63
2026-07-02,60,คอร์ส ภาษา ญี่ปุ่น ธุรกิจ,58
2026-07-02,61,สอบ jlpt n5,54
2026-07-02,62,ภาษาญี่ปุ่นเบื้องต้น บทที่ 1,53
2026-07-02,63,คอร์ส ภาษา ญี่ปุ่น มหิดล,51
2026-07-02,64,สอบ jlpt ไม่ ผ่าน,51
2026-07-02,65,เรียนภาษาญี่ปุ่น เด็ก,49
2026-07-02,66,คําศัพท์ภาษาญี่ปุ่น n2,49
2026-07-02,67,สอบ jlpt ออนไลน์,48
2026-07-02,68,ข้อสอบ ภาษา ญี่ปุ่น a level,47
2026-07-02,69,เรียน ภาษา ญี่ปุ่น by click japanese,46
2026-07-02,70,คอร์ส เรียน ภาษา ญี่ปุ่น ราคา,46
2026-07-02,71,ข้อสอบ ภาษา ญี่ปุ่น พร้อม เฉลย,46
2026-07-02,72,ไวยากรณ์ ภาษา ญี่ปุ่น เบื้องต้น ฉบับ สมบูรณ์ pdf,45
2026-07-02,73,สอบ jlpt ยัง ไง,45
2026-07-02,74,สอบ jlpt n1,45
2026-07-02,75,เรียน ภาษา ญี่ปุ่น future skill,44
2026-07-02,76,คอร์ส เรียน ภาษา ญี่ปุ่น pantip,44
2026-07-02,77,ภาษา ญี่ปุ่น เบื้องต้น หนังสือ,43
2026-07-02,78,สอบ jlpt ครั้ง ที่ 1,43
2026-07-02,79,ไวยากรณ์ภาษาญี่ปุ่น n3,41
2026-07-02,80,คอร์ส ภาษา ญี่ปุ่น ออนไลน์ ฟรี,41
2026-07-02,81,ภาษา ญี่ปุ่น เบื้องต้น สวัสดี,41
2026-07-02,82,เรียน ภาษา ญี่ปุ่น ด้วย ตัว เอง n1,41
2026-07-02,83,สอบ jlpt ที่ไหน,41
2026-07-02,84,คอร์ส เรียน ภาษา ญี่ปุ่น a level,40
2026-07-02,85,สนทนา ภาษา ญี่ปุ่น ใน ชีวิต ประ จํา วัน,40
2026-07-02,86,เรียนภาษาญี่ปุ่น ออนไลน์,39
2026-07-02,87,เรียน ภาษา ญี่ปุ่น by click japanese รีวิว,39
2026-07-02,88,เรียน ภาษา ญี่ปุ่น japan foundation,39
2026-07-02,89,สอบ jlpt n2,39
2026-07-02,90,สอบ jlpt ระดับ,39
2026-07-02,91,เรียน ภาษา ญี่ปุ่น i love japan,38
2026-07-02,92,สอนภาษาญี่ปุ่น สนทนา,38
2026-07-02,93,สอนภาษาญี่ปุ่น n4,38
2026-07-02,94,สอบ jlpt คือ,38
2026-07-02,95,สอบ jlpt ยาก ไหม,38
2026-07-02,96,ข้อสอบ ภาษา ญี่ปุ่น เขียน ยัง ไง,38
2026-07-02,97,ไวยากรณ์ ภาษา ญี่ปุ่น ชั้น ต้น,37
2026-07-02,98,สอบ jlpt ครั้ง แรก,37
2026-07-02,99,โรงเรียน สอน ภาษา ญี่ปุ่น ichiban japanese language center,36
2026-07-02,100,คอร์ส ภาษา ญี่ปุ่น n4,36
2026-07-03,1,ข้อสอบภาษาญี่ปุ่น n4,291
2026-07-03,2,คําศัพท์ภาษาญี่ปุ่น nc,286
2026-07-03,3,สนทนาภาษาญี่ปุ่นพื้นฐาน,285
2026-07-03,4,สนทนาภาษาญี่ปุ่น เบื้องต้น,267
2026-07-03,5,ไวยากรณ์ภาษาญี่ปุ่น n1,250
2026-07-03,6,ข้อสอบภาษาญี่ปุ่น n5,246
2026-07-03,7,ข้อสอบ ภาษา ญี่ปุ่น คือ,241
2026-07-03,8,ข้อสอบ ภาษา ญี่ปุ่น pdf,200
2026-07-03,9,ไวยากรณ์ ภาษา ญี่ปุ่น pantip,196
2026-07-03,10,คําศัพท์ภาษาญี่ปุ่น n5,189
2026-07-03,11,คําศัพท์ภาษาญี่ปุ่นง่ายๆ,187
2026-07-03,12,ภาษา ญี่ปุ่น เบื้องต้น สนทนา,186
2026-07-03,13,คําศัพท์ภาษาญี่ปุ่นเบื้องต้น,170
2026-07-03,14,เรียน ภาษา ญี่ปุ่น ด้วย ตัว เอง รีวิว,170
2026-07-03,15,สนทนาภาษาญี่ปุ่น n4,166
2026-07-03,16,ภาษาญี่ปุ่น เบื้องต้น,165
2026-07-03,17,คอร์ส ภาษา ญี่ปุ่น ราคา,165
2026-07-03,18,ภาษา ญี่ปุ่น เบื้องต้น pdf,157
2026-07-03,19,คอร์ส ภาษา ญี่ปุ่น พื้นฐาน,153
2026-07-03,20,คําศัพท์ภาษาญี่ปุ่น n1,151
2026-07-03,21,ไวยากรณ์ภาษาญี่ปุ่น n4,142
2026-07-03,22,ไวยากรณ์ ภาษา ญี่ปุ่น คือ,138
2026-07-03,23,ไวยากรณ์ ภาษา ญี่ปุ่น พื้นฐาน,135
2026-07-03,24,คอร์ส ภาษา ญี่ปุ่น ฟรี,130
2026-07-03,25,คอร์ส ภาษา ญี่ปุ่น ออนไลน์,130
2026-07-03,26,ไวยากรณ์ ภาษา ญี่ปุ่น เรียก ว่า,122
2026-07-03,27,ไวยากรณ์ ภาษา ญี่ปุ่น ทั้งหมด,122
2026-07-03,28,คําศัพท์ภาษาญี่ปุ่นพื้นฐาน,118
2026-07-03,29,ไวยากรณ์ ภาษา ญี่ปุ่น pdf,116
2026-07-03,30,สนทนา ภาษา ญี่ปุ่น,115
2026-07-03,31,เรียนภาษาญี่ปุ่นด้วยตัวเอง,106
2026-07-03,32,ข้อสอบ ภาษา ญี่ปุ่น พื้นฐาน,103
2026-07-03,33,ภาษา ญี่ปุ่น เบื้องต้น n5,96
2026-07-03,34,คอร์ส เรียน ภาษา ญี่ปุ่น พื้นฐาน,91
2026-07-03,35,ภาษาญี่ปุ่นเบื้องต้น พยัญชนะ,89
2026-07-03,36,สนทนาภาษาญี่ปุ่นเบื้องต้น,88
2026-07-03,37,สอนภาษาญี่ปุ่นง่ายๆ,87
2026-07-03,38,ข้อสอบภาษาญี่ปุ่น,85
2026-07-03,39,สอนภาษาญี่ปุ่นฟรี,84
2026-07-03,40,คําศัพท์ภาษาญี่ปุ่น n4,83
2026-07-03,41,สอบ jlpt ผ่าน,81
2026-07-03,42,สนทนา ภาษา ญี่ปุ่น พื้นฐาน,80
2026-07-03,43,เรียนภาษาญี่ปุ่นด้วยตัวเอง เริ่มจาก 0,78
2026-07-03,44,ไวยากรณ์ภาษาญี่ปุ่น n5,76
2026-07-03,45,ข้อสอบ ภาษา ญี่ปุ่น เบื้องต้น,76
2026-07-03,46,ภาษา ญี่ปุ่น เบื้องต้น ฟรี,76
2026-07-03,47,ไวยากรณ์ภาษาญี่ปุ่นเบื้องต้น,75
2026-07-03,48,คอร์ส ภาษา ญี่ปุ่น เบื้องต้น,75
2026-07-03,49,คําศัพท์ภาษาญี่ปุ่น n3,74
2026-07-03,50,ไวยากรณ์ภาษาญี่ปุ่น n2,73
2026-07-03,51,ข้อสอบ ภาษา ญี่ปุ่น ง่ายๆ,72
2026-07-03,52,เรียน ภาษา ญี่ปุ่น ด้วย ตัว เอง pantip,70
2026-07-03,53,สอนภาษาญี่ปุ่นพื้นฐาน,70
2026-07-03,54,คอร์ส เรียน ภาษา ญี่ปุ่น พูด,70
2026-07-03,55,คอร์ส เรียน ภาษา ญี่ปุ่น รีวิว,69
2026-07-03,56,คอร์ส ออนไลน์ สนทนา ภาษา ญี่ปุ่น พูด ได้ ใช้ คล่อง,68
2026-07-03,57,เรียน ภาษา ญี่ปุ่น ด้วย ตัว เอง ฟรี,67
2026-07-03,58,ไวยากรณ์ ภาษา ญี่ปุ่น เบื้องต้น,64
2026-07-03,59,สอบ jlpt pantip,63
2026-07-03,60,คอร์ส ภาษา ญี่ปุ่น ธุรกิจ,58
2026-07-03,61,ภาษาญี่ปุ่นเบื้องต้น บทที่ 1,53
2026-07-03,62,คอร์ส ภาษา ญี่ปุ่น มหิดล,51
2026-07-03,63,สอบ jlpt ไม่ ผ่าน,51
2026-07-03,64,เรียนภาษาญี่ปุ่น เด็ก,49
2026-07-03,65,คําศัพท์ภาษาญี่ปุ่น n2,49
2026-07-03,66,สอบ jlpt n5,48
2026-07-03,67,สอบ jlpt ออนไลน์,48
2026-07-03,68,ข้อสอบ ภาษา ญี่ปุ่น a level,47
2026-07-03,69,เรียน ภาษา ญี่ปุ่น by click japanese,46
2026-07-03,70,คอร์ส เรียน ภาษา ญี่ปุ่น ราคา,46
2026-07-03,71,ข้อสอบ ภาษา ญี่ปุ่น พร้อม เฉลย,46
2026-07-03,72,สอบ jlpt ยัง ไง,45
2026-07-03,73,สอบ jlpt n1,45
2026-07-03,74,เรียน ภาษา ญี่ปุ่น future skill,44
2026-07-03,75,คอร์ส เรียน ภาษา ญี่ปุ่น pantip,44
2026-07-03,76,ไวยากรณ์ ภาษา ญี่ปุ่น เบื้องต้น ฉบับ สมบูรณ์ pdf,43
2026-07-03,77,สอบ jlpt ครั้ง ที่ 1,42
2026-07-03,78,ไวยากรณ์ภาษาญี่ปุ่น n3,41
2026-07-03,79,คอร์ส ภาษา ญี่ปุ่น ออนไลน์ ฟรี,41
2026-07-03,80,ภาษา ญี่ปุ่น เบื้องต้น สวัสดี,41
2026-07-03,81,ภาษา ญี่ปุ่น เบื้องต้น หนังสือ,41
2026-07-03,82,เรียน ภาษา ญี่ปุ่น ด้วย ตัว เอง n1,41
2026-07-03,83,คอร์ส เรียน ภาษา ญี่ปุ่น a level,40
2026-07-03,84,สนทนา ภาษา ญี่ปุ่น ใน ชีวิต ประ จํา วัน,40
2026-07-03,85,สอบ jlpt คือ,40
2026-07-03,86,เรียนภาษาญี่ปุ่น ออนไลน์,39
2026-07-03,87,เรียน ภาษา ญี่ปุ่น by click japanese รีวิว,39
2026-07-03,88,เรียน ภาษา ญี่ปุ่น japan foundation,39
2026-07-03,89,สอบ jlpt n2,39
2026-07-03,90,สอบ jlpt ระดับ,39
2026-07-03,91,เรียน ภาษา ญี่ปุ่น i love japan,38
2026-07-03,92,สอนภาษาญี่ปุ่น สนทนา,38
2026-07-03,93,สอนภาษาญี่ปุ่น n4,38
2026-07-03,94,สอบ jlpt ยาก ไหม,38
2026-07-03,95,สอบ jlpt ที่ไหน,38
2026-07-03,96,ข้อสอบ ภาษา ญี่ปุ่น เขียน ยัง ไง,38
2026-07-03,97,ไวยากรณ์ ภาษา ญี่ปุ่น ชั้น ต้น,37
2026-07-03,98,สอบ jlpt n3,37
2026-07-03,99,สอบ jlpt ครั้ง แรก,37
2026-07-03,100,โรงเรียน สอน ภาษา ญี่ปุ่น ichiban japanese language center,36
2026-07-04,1,ข้อสอบภาษาญี่ปุ่น n4,292
2026-07-04,2,คําศัพท์ภาษาญี่ปุ่น nc,287
2026-07-04,3,สนทนาภาษาญี่ปุ่นพื้นฐาน,284
2026-07-04,4,สนทนาภาษาญี่ปุ่น เบื้องต้น,266
2026-07-04,5,ไวยากรณ์ภาษาญี่ปุ่น n1,251
2026-07-04,6,ข้อสอบ ภาษา ญี่ปุ่น คือ,248
2026-07-04,7,ข้อสอบภาษาญี่ปุ่น n5,246
2026-07-04,8,ข้อสอบ ภาษา ญี่ปุ่น pdf,206
2026-07-04,9,ไวยากรณ์ ภาษา ญี่ปุ่น pantip,196
2026-07-04,10,คําศัพท์ภาษาญี่ปุ่น n5,189
2026-07-04,11,คําศัพท์ภาษาญี่ปุ่นง่ายๆ,189
2026-07-04,12,เรียน ภาษา ญี่ปุ่น ด้วย ตัว เอง รีวิว,187
2026-07-04,13,ภาษา ญี่ปุ่น เบื้องต้น สนทนา,186
2026-07-04,14,คําศัพท์ภาษาญี่ปุ่นเบื้องต้น,169
2026-07-04,15,สนทนาภาษาญี่ปุ่น n4,166
2026-07-04,16,ภาษาญี่ปุ่น เบื้องต้น,164
2026-07-04,17,คอร์ส ภาษา ญี่ปุ่น ราคา,159
2026-07-04,18,ภาษา ญี่ปุ่น เบื้องต้น pdf,155
2026-07-04,19,คําศัพท์ภาษาญี่ปุ่น n1,152
2026-07-04,20,คอร์ส ภาษา ญี่ปุ่น พื้นฐาน,149
2026-07-04,21,ไวยากรณ์ภาษาญี่ปุ่น n4,142
2026-07-04,22,ไวยากรณ์ ภาษา ญี่ปุ่น พื้นฐาน,137
2026-07-04,23,ไวยากรณ์ ภาษา ญี่ปุ่น คือ,137
2026-07-04,24,คอร์ส ภาษา ญี่ปุ่น ฟรี,129
2026-07-04,25,คอร์ส ภาษา ญี่ปุ่น ออนไลน์,128
2026-07-04,26,ไวยากรณ์ ภาษา ญี่ปุ่น ทั้งหมด,124
2026-07-04,27,ไวยากรณ์ ภาษา ญี่ปุ่น เรียก ว่า,123
2026-07-04,28,ไวยากรณ์ ภาษา ญี่ปุ่น pdf,119
2026-07-04,29,คําศัพท์ภาษาญี่ปุ่นพื้นฐาน,117
2026-07-04,30,สนทนา ภาษา ญี่ปุ่น,114
2026-07-04,31,ข้อสอบ ภาษา ญี่ปุ่น พื้นฐาน,110
2026-07-04,32,เรียนภาษาญี่ปุ่นด้วยตัวเอง,104
2026-07-04,33,ภาษา ญี่ปุ่น เบื้องต้น n5,96
2026-07-04,34,เรียนภาษาญี่ปุ่นด้วยตัวเอง เริ่มจาก 0,95
2026-07-04,35,ข้อสอบภาษาญี่ปุ่น,93
2026-07-04,36,คอร์ส เรียน ภาษา ญี่ปุ่น พื้นฐาน,90
2026-07-04,37,สอนภาษาญี่ปุ่นง่ายๆ,89
2026-07-04,38,ภาษาญี่ปุ่นเบื้องต้น พยัญชนะ,89
2026-07-04,39,สนทนาภาษาญี่ปุ่นเบื้องต้น,88
2026-07-04,40,สอนภาษาญี่ปุ่นฟรี,87
2026-07-04,41,คําศัพท์ภาษาญี่ปุ่น n4,82
2026-07-04,42,สอบ jlpt ผ่าน,81
2026-07-04,43,สนทนา ภาษา ญี่ปุ่น พื้นฐาน,80
2026-07-04,44,ข้อสอบ ภาษา ญี่ปุ่น ง่ายๆ,79
2026-07-04,45,ไวยากรณ์ภาษาญี่ปุ่น n5,76
2026-07-04,46,ข้อสอบ ภาษา ญี่ปุ่น เบื้องต้น,76
2026-07-04,47,ภาษา ญี่ปุ่น เบื้องต้น ฟรี,76
2026-07-04,48,คําศัพท์ภาษาญี่ปุ่น n3,75
2026-07-04,49,คอร์ส ภาษา ญี่ปุ่น เบื้องต้น,74
2026-07-04,50,เรียน ภาษา ญี่ปุ่น ด้วย ตัว เอง pantip,70
2026-07-04,51,สอนภาษาญี่ปุ่นพื้นฐาน,70
2026-07-04,52,คอร์ส เรียน ภาษา ญี่ปุ่น พูด,70
2026-07-04,53,ไวยากรณ์ ภาษา ญี่ปุ่น เบื้องต้น,69
2026-07-04,54,คอร์ส เรียน ภาษา ญี่ปุ่น รีวิว,68
2026-07-04,55,เรียน ภาษา ญี่ปุ่น ด้วย ตัว เอง ฟรี,67
2026-07-04,56,ไวยากรณ์ภาษาญี่ปุ่นเบื้องต้น,66
2026-07-04,57,คอร์ส ออนไลน์ สนทนา ภาษา ญี่ปุ่น พูด ได้ ใช้ คล่อง,66
2026-07-04,58,สอบ jlpt pantip,62
2026-07-04,59,ไวยากรณ์ภาษาญี่ปุ่น n2,58
2026-07-04,60,คอร์ส ภาษา ญี่ปุ่น ธุรกิจ,57
2026-07-04,61,ภาษาญี่ปุ่นเบื้องต้น บทที่ 1,54
2026-07-04,62,สอบ jlpt n5,53
2026-07-04,63,เรียนภาษาญี่ปุ่น เด็ก,51
2026-07-04,64,คอร์ส ภาษา ญี่ปุ่น มหิดล,50
2026-07-04,65,ภาษา ญี่ปุ่น เบื้องต้น หนังสือ,50
2026-07-04,66,สอบ jlpt ไม่ ผ่าน,50
2026-07-04,67,คําศัพท์ภาษาญี่ปุ่น n2,48
2026-07-04,68,สอบ jlpt ออนไลน์,48
2026-07-04,69,เรียน ภาษา ญี่ปุ่น by click japanese,47
2026-07-04,70,สอบ jlpt n1,46
2026-07-04,71,ข้อสอบ ภาษา ญี่ปุ่น a level,46
2026-07-04,72,ข้อสอบ ภาษา ญี่ปุ่น พร้อม เฉลย,46
2026-07-04,73,คอร์ส เรียน ภาษา ญี่ปุ่น ราคา,45
2026-07-04,74,สอบ jlpt ยัง ไง,45
2026-07-04,75,เรียน ภาษา ญี่ปุ่น future skill,44
2026-07-04,76,คอร์ส เรียน ภาษา ญี่ปุ่น pantip,44
2026-07-04,77,ไวยากรณ์ ภาษา ญี่ปุ่น เบื้องต้น ฉบับ สมบูรณ์ pdf,43
2026-07-04,78,สอบ jlpt ครั้ง ที่ 1,43
2026-07-04,79,ภาษา ญี่ปุ่น เบื้องต้น สวัสดี,42
2026-07-04,80,ไวยากรณ์ภาษาญี่ปุ่น n3,41
2026-07-04,81,คอร์ส ภาษา ญี่ปุ่น ออนไลน์ ฟรี,41
2026-07-04,82,เรียน ภาษา ญี่ปุ่น ด้วย ตัว เอง n1,41
2026-07-04,83,สอบ jlpt ที่ไหน,41
2026-07-04,84,คอร์ส เรียน ภาษา ญี่ปุ่น a level,40
2026-07-04,85,สนทนา ภาษา ญี่ปุ่น ใน ชีวิต ประ จํา วัน,40
2026-07-04,86,เรียนภาษาญี่ปุ่น ออนไลน์,39
2026-07-04,87,เรียน ภาษา ญี่ปุ่น by click japanese รีวิว,39
2026-07-04,88,เรียน ภาษา ญี่ปุ่น i love japan,39
2026-07-04,89,สอนภาษาญี่ปุ่น สนทนา,39
2026-07-04,90,สอบ jlpt คือ,39
2026-07-04,91,สอบ jlpt ระดับ,39
2026-07-04,92,ข้อสอบ ภาษา ญี่ปุ่น แปล ว่า,39
2026-07-04,93,สอนภาษาญี่ปุ่น n4,38
2026-07-04,94,สอบ jlpt ยาก ไหม,38
2026-07-04,95,สอบ jlpt n2,38
2026-07-04,96,ข้อสอบ ภาษา ญี่ปุ่น เขียน ยัง ไง,38
2026-07-04,97,เรียน ภาษา ญี่ปุ่น japan foundation,37
2026-07-04,98,ไวยากรณ์ ภาษา ญี่ปุ่น ชั้น ต้น,37
2026-07-04,99,สอบ jlpt n3,37
2026-07-04,100,สอบ jlpt ครั้ง แรก,37
2026-07-04,1,ข้อสอบภาษาญี่ปุ่น n4,290
2026-07-04,2,คําศัพท์ภาษาญี่ปุ่น nc,287
2026-07-04,3,สนทนาภาษาญี่ปุ่นพื้นฐาน,284
2026-07-04,4,สนทนาภาษาญี่ปุ่น เบื้องต้น,266
2026-07-04,5,ไวยากรณ์ภาษาญี่ปุ่น n1,251
2026-07-04,6,ข้อสอบ ภาษา ญี่ปุ่น คือ,248
2026-07-04,7,ข้อสอบภาษาญี่ปุ่น n5,244
2026-07-04,8,ข้อสอบ ภาษา ญี่ปุ่น pdf,204
2026-07-04,9,ไวยากรณ์ ภาษา ญี่ปุ่น pantip,196
2026-07-04,10,คําศัพท์ภาษาญี่ปุ่น n5,189
2026-07-04,11,คําศัพท์ภาษาญี่ปุ่นง่ายๆ,189
2026-07-04,12,เรียน ภาษา ญี่ปุ่น ด้วย ตัว เอง รีวิว,187
2026-07-04,13,ภาษา ญี่ปุ่น เบื้องต้น สนทนา,186
2026-07-04,14,คําศัพท์ภาษาญี่ปุ่นเบื้องต้น,169
2026-07-04,15,สนทนาภาษาญี่ปุ่น n4,166
2026-07-04,16,ภาษาญี่ปุ่น เบื้องต้น,164
2026-07-04,17,คอร์ส ภาษา ญี่ปุ่น ราคา,161
2026-07-04,18,ภาษา ญี่ปุ่น เบื้องต้น pdf,155
2026-07-04,19,คําศัพท์ภาษาญี่ปุ่น n1,152
2026-07-04,20,คอร์ส ภาษา ญี่ปุ่น พื้นฐาน,152
2026-07-04,21,ไวยากรณ์ภาษาญี่ปุ่น n4,142
2026-07-04,22,ไวยากรณ์ ภาษา ญี่ปุ่น พื้นฐาน,137
2026-07-04,23,ไวยากรณ์ ภาษา ญี่ปุ่น คือ,137
2026-07-04,24,คอร์ส ภาษา ญี่ปุ่น ฟรี,129
2026-07-04,25,คอร์ส ภาษา ญี่ปุ่น ออนไลน์,128
2026-07-04,26,ไวยากรณ์ ภาษา ญี่ปุ่น ทั้งหมด,124
2026-07-04,27,ไวยากรณ์ ภาษา ญี่ปุ่น เรียก ว่า,123
2026-07-04,28,ไวยากรณ์ ภาษา ญี่ปุ่น pdf,119
2026-07-04,29,คําศัพท์ภาษาญี่ปุ่นพื้นฐาน,117
2026-07-04,30,สนทนา ภาษา ญี่ปุ่น,114
2026-07-04,31,ข้อสอบ ภาษา ญี่ปุ่น พื้นฐาน,110
2026-07-04,32,เรียนภาษาญี่ปุ่นด้วยตัวเอง,103
2026-07-04,33,ภาษา ญี่ปุ่น เบื้องต้น n5,96
2026-07-04,34,เรียนภาษาญี่ปุ่นด้วยตัวเอง เริ่มจาก 0,95
2026-07-04,35,ข้อสอบภาษาญี่ปุ่น,92
2026-07-04,36,คอร์ส เรียน ภาษา ญี่ปุ่น พื้นฐาน,90
2026-07-04,37,สอนภาษาญี่ปุ่นง่ายๆ,89
2026-07-04,38,ภาษาญี่ปุ่นเบื้องต้น พยัญชนะ,89
2026-07-04,39,สนทนาภาษาญี่ปุ่นเบื้องต้น,88
2026-07-04,40,สอนภาษาญี่ปุ่นฟรี,87
2026-07-04,41,คําศัพท์ภาษาญี่ปุ่น n4,82
2026-07-04,42,สอบ jlpt ผ่าน,81
2026-07-04,43,สนทนา ภาษา ญี่ปุ่น พื้นฐาน,80
2026-07-04,44,ข้อสอบ ภาษา ญี่ปุ่น ง่ายๆ,79
2026-07-04,45,ไวยากรณ์ภาษาญี่ปุ่น n5,76
2026-07-04,46,ข้อสอบ ภาษา ญี่ปุ่น เบื้องต้น,76
2026-07-04,47,ภาษา ญี่ปุ่น เบื้องต้น ฟรี,76
2026-07-04,48,คําศัพท์ภาษาญี่ปุ่น n3,75
2026-07-04,49,คอร์ส ภาษา ญี่ปุ่น เบื้องต้น,74
2026-07-04,50,เรียน ภาษา ญี่ปุ่น ด้วย ตัว เอง pantip,70
2026-07-04,51,สอนภาษาญี่ปุ่นพื้นฐาน,70
2026-07-04,52,คอร์ส เรียน ภาษา ญี่ปุ่น พูด,70
2026-07-04,53,ไวยากรณ์ ภาษา ญี่ปุ่น เบื้องต้น,69
2026-07-04,54,คอร์ส เรียน ภาษา ญี่ปุ่น รีวิว,68
2026-07-04,55,เรียน ภาษา ญี่ปุ่น ด้วย ตัว เอง ฟรี,67
2026-07-04,56,คอร์ส ออนไลน์ สนทนา ภาษา ญี่ปุ่น พูด ได้ ใช้ คล่อง,67
2026-07-04,57,ไวยากรณ์ภาษาญี่ปุ่นเบื้องต้น,66
2026-07-04,58,สอบ jlpt pantip,62
2026-07-04,59,ไวยากรณ์ภาษาญี่ปุ่น n2,58
2026-07-04,60,คอร์ส ภาษา ญี่ปุ่น ธุรกิจ,57
2026-07-04,61,ภาษาญี่ปุ่นเบื้องต้น บทที่ 1,54
2026-07-04,62,สอบ jlpt n5,53
2026-07-04,63,เรียนภาษาญี่ปุ่น เด็ก,51
2026-07-04,64,คอร์ส ภาษา ญี่ปุ่น มหิดล,50
2026-07-04,65,ภาษา ญี่ปุ่น เบื้องต้น หนังสือ,50
2026-07-04,66,สอบ jlpt ไม่ ผ่าน,50
2026-07-04,67,คําศัพท์ภาษาญี่ปุ่น n2,48
2026-07-04,68,สอบ jlpt ออนไลน์,48
2026-07-04,69,เรียน ภาษา ญี่ปุ่น by click japanese,47
2026-07-04,70,สอบ jlpt n1,46
2026-07-04,71,ข้อสอบ ภาษา ญี่ปุ่น a level,46
2026-07-04,72,ข้อสอบ ภาษา ญี่ปุ่น พร้อม เฉลย,46
2026-07-04,73,คอร์ส เรียน ภาษา ญี่ปุ่น ราคา,45
2026-07-04,74,สอบ jlpt ยัง ไง,45
2026-07-04,75,เรียน ภาษา ญี่ปุ่น future skill,44
2026-07-04,76,คอร์ส เรียน ภาษา ญี่ปุ่น pantip,44
2026-07-04,77,ไวยากรณ์ ภาษา ญี่ปุ่น เบื้องต้น ฉบับ สมบูรณ์ pdf,43
2026-07-04,78,สอบ jlpt ครั้ง ที่ 1,43
2026-07-04,79,ภาษา ญี่ปุ่น เบื้องต้น สวัสดี,42
2026-07-04,80,ไวยากรณ์ภาษาญี่ปุ่น n3,41
2026-07-04,81,คอร์ส ภาษา ญี่ปุ่น ออนไลน์ ฟรี,41
2026-07-04,82,เรียน ภาษา ญี่ปุ่น ด้วย ตัว เอง n1,41
2026-07-04,83,สอบ jlpt ที่ไหน,41
2026-07-04,84,คอร์ส เรียน ภาษา ญี่ปุ่น a level,40
2026-07-04,85,สนทนา ภาษา ญี่ปุ่น ใน ชีวิต ประ จํา วัน,40
2026-07-04,86,เรียน ภาษา ญี่ปุ่น by click japanese รีวิว,39
2026-07-04,87,เรียน ภาษา ญี่ปุ่น i love japan,39
2026-07-04,88,สอนภาษาญี่ปุ่น สนทนา,39
2026-07-04,89,สอบ jlpt คือ,39
2026-07-04,90,สอบ jlpt ระดับ,39
2026-07-04,91,ข้อสอบ ภาษา ญี่ปุ่น แปล ว่า,39
2026-07-04,92,เรียนภาษาญี่ปุ่น ออนไลน์,38
2026-07-04,93,สอนภาษาญี่ปุ่น n4,38
2026-07-04,94,สอบ jlpt ยาก ไหม,38
2026-07-04,95,สอบ jlpt n2,38
2026-07-04,96,ข้อสอบ ภาษา ญี่ปุ่น เขียน ยัง ไง,38
2026-07-04,97,เรียน ภาษา ญี่ปุ่น japan foundation,37
2026-07-04,98,ไวยากรณ์ ภาษา ญี่ปุ่น ชั้น ต้น,37
2026-07-04,99,เรียน ญี่ปุ่น ที่ไหน,37
2026-07-04,100,สอบ jlpt n3,37
2026-07-06,1,ข้อสอบภาษาญี่ปุ่น n4,290
2026-07-06,2,คําศัพท์ภาษาญี่ปุ่น nc,287
2026-07-06,3,สนทนาภาษาญี่ปุ่นพื้นฐาน,284
2026-07-06,4,สนทนาภาษาญี่ปุ่น เบื้องต้น,266
2026-07-06,5,ข้อสอบ ภาษา ญี่ปุ่น คือ,248
2026-07-06,6,ข้อสอบภาษาญี่ปุ่น n5,244
2026-07-06,7,ไวยากรณ์ภาษาญี่ปุ่น n1,241
2026-07-06,8,ข้อสอบ ภาษา ญี่ปุ่น pdf,204
2026-07-06,9,คําศัพท์ภาษาญี่ปุ่น n5,189
2026-07-06,10,คําศัพท์ภาษาญี่ปุ่นง่ายๆ,189
2026-07-06,11,ไวยากรณ์ ภาษา ญี่ปุ่น pantip,188
2026-07-06,12,เรียน ภาษา ญี่ปุ่น ด้วย ตัว เอง รีวิว,187
2026-07-06,13,ภาษา ญี่ปุ่น เบื้องต้น สนทนา,185
2026-07-06,14,คําศัพท์ภาษาญี่ปุ่นเบื้องต้น,169
2026-07-06,15,สนทนาภาษาญี่ปุ่น n4,166
2026-07-06,16,ภาษาญี่ปุ่น เบื้องต้น,163
2026-07-06,17,คอร์ส ภาษา ญี่ปุ่น ราคา,160
2026-07-06,18,ภาษา ญี่ปุ่น เบื้องต้น pdf,155
2026-07-06,19,คําศัพท์ภาษาญี่ปุ่น n1,152
2026-07-06,20,คอร์ส ภาษา ญี่ปุ่น พื้นฐาน,152
2026-07-06,21,ไวยากรณ์ ภาษา ญี่ปุ่น พื้นฐาน,137
2026-07-06,22,ไวยากรณ์ ภาษา ญี่ปุ่น คือ,137
2026-07-06,23,ไวยากรณ์ภาษาญี่ปุ่น n4,136
2026-07-06,24,คอร์ส ภาษา ญี่ปุ่น ฟรี,129
2026-07-06,25,คอร์ส ภาษา ญี่ปุ่น ออนไลน์,128
2026-07-06,26,ไวยากรณ์ ภาษา ญี่ปุ่น เรียก ว่า,123
2026-07-06,27,ไวยากรณ์ ภาษา ญี่ปุ่น pdf,119
2026-07-06,28,ไวยากรณ์ ภาษา ญี่ปุ่น ทั้งหมด,117
2026-07-06,29,คําศัพท์ภาษาญี่ปุ่นพื้นฐาน,117
2026-07-06,30,สนทนา ภาษา ญี่ปุ่น,114
2026-07-06,31,ข้อสอบ ภาษา ญี่ปุ่น พื้นฐาน,110
2026-07-06,32,เรียนภาษาญี่ปุ่นด้วยตัวเอง,104
2026-07-06,33,ภาษา ญี่ปุ่น เบื้องต้น n5,96
2026-07-06,34,เรียนภาษาญี่ปุ่นด้วยตัวเอง เริ่มจาก 0,95
2026-07-06,35,สอนภาษาญี่ปุ่นง่ายๆ,92
2026-07-06,36,ข้อสอบภาษาญี่ปุ่น,92
2026-07-06,37,คอร์ส เรียน ภาษา ญี่ปุ่น พื้นฐาน,90
2026-07-06,38,ภาษาญี่ปุ่นเบื้องต้น พยัญชนะ,89
2026-07-06,39,สนทนาภาษาญี่ปุ่นเบื้องต้น,88
2026-07-06,40,สอนภาษาญี่ปุ่นฟรี,87
2026-07-06,41,คําศัพท์ภาษาญี่ปุ่น n4,82
2026-07-06,42,สอบ jlpt ผ่าน,81
2026-07-06,43,สนทนา ภาษา ญี่ปุ่น พื้นฐาน,80
2026-07-06,44,ข้อสอบ ภาษา ญี่ปุ่น ง่ายๆ,79
2026-07-06,45,ไวยากรณ์ภาษาญี่ปุ่น n5,76
2026-07-06,46,ข้อสอบ ภาษา ญี่ปุ่น เบื้องต้น,76
2026-07-06,47,ภาษา ญี่ปุ่น เบื้องต้น ฟรี,76
2026-07-06,48,คําศัพท์ภาษาญี่ปุ่น n3,75
2026-07-06,49,คอร์ส ภาษา ญี่ปุ่น เบื้องต้น,74
2026-07-06,50,เรียน ภาษา ญี่ปุ่น ด้วย ตัว เอง pantip,70
2026-07-06,51,สอนภาษาญี่ปุ่นพื้นฐาน,70
2026-07-06,52,คอร์ส เรียน ภาษา ญี่ปุ่น พูด,70
2026-07-06,53,ไวยากรณ์ ภาษา ญี่ปุ่น เบื้องต้น,69
2026-07-06,54,คอร์ส เรียน ภาษา ญี่ปุ่น รีวิว,68
2026-07-06,55,เรียน ภาษา ญี่ปุ่น ด้วย ตัว เอง ฟรี,67
2026-07-06,56,คอร์ส ออนไลน์ สนทนา ภาษา ญี่ปุ่น พูด ได้ ใช้ คล่อง,66
2026-07-06,57,สอบ jlpt pantip,62
2026-07-06,58,ไวยากรณ์ภาษาญี่ปุ่น n2,58
2026-07-06,59,ไวยากรณ์ภาษาญี่ปุ่นเบื้องต้น,57
2026-07-06,60,คอร์ส ภาษา ญี่ปุ่น ธุรกิจ,57
2026-07-06,61,ภาษาญี่ปุ่นเบื้องต้น บทที่ 1,54
2026-07-06,62,สอบ jlpt n5,53
2026-07-06,63,เรียนภาษาญี่ปุ่น เด็ก,51
2026-07-06,64,คอร์ส ภาษา ญี่ปุ่น มหิดล,50
2026-07-06,65,ภาษา ญี่ปุ่น เบื้องต้น หนังสือ,50
2026-07-06,66,สอบ jlpt ไม่ ผ่าน,50
2026-07-06,67,คําศัพท์ภาษาญี่ปุ่น n2,48
2026-07-06,68,สอบ jlpt ออนไลน์,48
2026-07-06,69,เรียน ภาษา ญี่ปุ่น by click japanese,47
2026-07-06,70,สอบ jlpt n1,46
2026-07-06,71,ข้อสอบ ภาษา ญี่ปุ่น a level,46
2026-07-06,72,ข้อสอบ ภาษา ญี่ปุ่น พร้อม เฉลย,46
2026-07-06,73,คอร์ส เรียน ภาษา ญี่ปุ่น ราคา,45
2026-07-06,74,สอบ jlpt ยัง ไง,45
2026-07-06,75,เรียน ภาษา ญี่ปุ่น future skill,44
2026-07-06,76,คอร์ส เรียน ภาษา ญี่ปุ่น pantip,44
2026-07-06,77,ไวยากรณ์ ภาษา ญี่ปุ่น เบื้องต้น ฉบับ สมบูรณ์ pdf,43
2026-07-06,78,สอบ jlpt ครั้ง ที่ 1,43
2026-07-06,79,ไวยากรณ์ภาษาญี่ปุ่น n3,41
2026-07-06,80,สอนภาษาญี่ปุ่น n4,41
2026-07-06,81,คอร์ส ภาษา ญี่ปุ่น ออนไลน์ ฟรี,41
2026-07-06,82,ภาษา ญี่ปุ่น เบื้องต้น สวัสดี,41
2026-07-06,83,เรียน ภาษา ญี่ปุ่น ด้วย ตัว เอง n1,41
2026-07-06,84,สอบ jlpt ที่ไหน,41
2026-07-06,85,คอร์ส เรียน ภาษา ญี่ปุ่น a level,40
2026-07-06,86,สนทนา ภาษา ญี่ปุ่น ใน ชีวิต ประ จํา วัน,40
2026-07-06,87,เรียน ภาษา ญี่ปุ่น by click japanese รีวิว,39
2026-07-06,88,เรียน ภาษา ญี่ปุ่น i love japan,39
2026-07-06,89,สอนภาษาญี่ปุ่น สนทนา,39
2026-07-06,90,สอบ jlpt คือ,39
2026-07-06,91,สอบ jlpt ระดับ,39
2026-07-06,92,ข้อสอบ ภาษา ญี่ปุ่น แปล ว่า,39
2026-07-06,93,เรียนภาษาญี่ปุ่น ออนไลน์,38
2026-07-06,94,สอบ jlpt ยาก ไหม,38
2026-07-06,95,สอบ jlpt n2,38
2026-07-06,96,ข้อสอบ ภาษา ญี่ปุ่น เขียน ยัง ไง,38
2026-07-06,97,เรียน ภาษา ญี่ปุ่น japan foundation,37
2026-07-06,98,ไวยากรณ์ ภาษา ญี่ปุ่น ชั้น ต้น,37
2026-07-06,99,สอบ jlpt n3,37
2026-07-06,100,สอบ jlpt ครั้ง แรก,37
2026-07-07,1,ข้อสอบภาษาญี่ปุ่น n4,290
2026-07-07,2,คําศัพท์ภาษาญี่ปุ่น nc,287
2026-07-07,3,สนทนาภาษาญี่ปุ่นพื้นฐาน,284
2026-07-07,4,สนทนาภาษาญี่ปุ่น เบื้องต้น,266
2026-07-07,5,ไวยากรณ์ภาษาญี่ปุ่น n1,251
2026-07-07,6,ข้อสอบ ภาษา ญี่ปุ่น คือ,248
2026-07-07,7,ข้อสอบภาษาญี่ปุ่น n5,244
2026-07-07,8,ข้อสอบ ภาษา ญี่ปุ่น pdf,204
2026-07-07,9,ไวยากรณ์ ภาษา ญี่ปุ่น pantip,196
2026-07-07,10,คําศัพท์ภาษาญี่ปุ่น n5,189
2026-07-07,11,คําศัพท์ภาษาญี่ปุ่นง่ายๆ,189
2026-07-07,12,เรียน ภาษา ญี่ปุ่น ด้วย ตัว เอง รีวิว,187
2026-07-07,13,ภาษา ญี่ปุ่น เบื้องต้น สนทนา,185
2026-07-07,14,คําศัพท์ภาษาญี่ปุ่นเบื้องต้น,169
2026-07-07,15,สนทนาภาษาญี่ปุ่น n4,166
2026-07-07,16,ภาษาญี่ปุ่น เบื้องต้น,163
2026-07-07,17,คอร์ส ภาษา ญี่ปุ่น ราคา,161
2026-07-07,18,ภาษา ญี่ปุ่น เบื้องต้น pdf,155
2026-07-07,19,คําศัพท์ภาษาญี่ปุ่น n1,152
2026-07-07,20,คอร์ส ภาษา ญี่ปุ่น พื้นฐาน,152
2026-07-07,21,ไวยากรณ์ภาษาญี่ปุ่น n4,142
2026-07-07,22,ไวยากรณ์ ภาษา ญี่ปุ่น พื้นฐาน,137
2026-07-07,23,ไวยากรณ์ ภาษา ญี่ปุ่น คือ,137
2026-07-07,24,คอร์ส ภาษา ญี่ปุ่น ฟรี,129
2026-07-07,25,คอร์ส ภาษา ญี่ปุ่น ออนไลน์,128
2026-07-07,26,ไวยากรณ์ ภาษา ญี่ปุ่น ทั้งหมด,124
2026-07-07,27,ไวยากรณ์ ภาษา ญี่ปุ่น เรียก ว่า,123
2026-07-07,28,ไวยากรณ์ ภาษา ญี่ปุ่น pdf,119
2026-07-07,29,คําศัพท์ภาษาญี่ปุ่นพื้นฐาน,117
2026-07-07,30,สนทนา ภาษา ญี่ปุ่น,114
2026-07-07,31,ข้อสอบ ภาษา ญี่ปุ่น พื้นฐาน,110
2026-07-07,32,เรียนภาษาญี่ปุ่นด้วยตัวเอง,104
2026-07-07,33,ภาษา ญี่ปุ่น เบื้องต้น n5,96
2026-07-07,34,เรียนภาษาญี่ปุ่นด้วยตัวเอง เริ่มจาก 0,95
2026-07-07,35,ข้อสอบภาษาญี่ปุ่น,92
2026-07-07,36,คอร์ส เรียน ภาษา ญี่ปุ่น พื้นฐาน,90
2026-07-07,37,สอนภาษาญี่ปุ่นง่ายๆ,89
2026-07-07,38,ภาษาญี่ปุ่นเบื้องต้น พยัญชนะ,89
2026-07-07,39,สนทนาภาษาญี่ปุ่นเบื้องต้น,88
2026-07-07,40,คําศัพท์ภาษาญี่ปุ่น n4,82
2026-07-07,41,สอบ jlpt ผ่าน,81
2026-07-07,42,สนทนา ภาษา ญี่ปุ่น พื้นฐาน,80
2026-07-07,43,ข้อสอบ ภาษา ญี่ปุ่น ง่ายๆ,79
2026-07-07,44,สอนภาษาญี่ปุ่นฟรี,78
2026-07-07,45,ไวยากรณ์ภาษาญี่ปุ่น n5,76
2026-07-07,46,ข้อสอบ ภาษา ญี่ปุ่น เบื้องต้น,76
2026-07-07,47,ภาษา ญี่ปุ่น เบื้องต้น ฟรี,76
2026-07-07,48,คําศัพท์ภาษาญี่ปุ่น n3,75
2026-07-07,49,คอร์ส ภาษา ญี่ปุ่น เบื้องต้น,74
2026-07-07,50,สอนภาษาญี่ปุ่นพื้นฐาน,72
2026-07-07,51,เรียน ภาษา ญี่ปุ่น ด้วย ตัว เอง pantip,70
2026-07-07,52,คอร์ส เรียน ภาษา ญี่ปุ่น พูด,70
2026-07-07,53,ไวยากรณ์ ภาษา ญี่ปุ่น เบื้องต้น,69
2026-07-07,54,คอร์ส เรียน ภาษา ญี่ปุ่น รีวิว,68
2026-07-07,55,เรียน ภาษา ญี่ปุ่น ด้วย ตัว เอง ฟรี,67
2026-07-07,56,คอร์ส ออนไลน์ สนทนา ภาษา ญี่ปุ่น พูด ได้ ใช้ คล่อง,67
2026-07-07,57,ไวยากรณ์ภาษาญี่ปุ่นเบื้องต้น,66
2026-07-07,58,สอบ jlpt pantip,62
2026-07-07,59,ไวยากรณ์ภาษาญี่ปุ่น n2,58
2026-07-07,60,คอร์ส ภาษา ญี่ปุ่น ธุรกิจ,57
2026-07-07,61,ภาษาญี่ปุ่นเบื้องต้น บทที่ 1,54
2026-07-07,62,สอบ jlpt n5,53
2026-07-07,63,เรียนภาษาญี่ปุ่น เด็ก,51
2026-07-07,64,คอร์ส ภาษา ญี่ปุ่น มหิดล,50
2026-07-07,65,ภาษา ญี่ปุ่น เบื้องต้น หนังสือ,50
2026-07-07,66,สอบ jlpt ไม่ ผ่าน,50
2026-07-07,67,คําศัพท์ภาษาญี่ปุ่น n2,48
2026-07-07,68,สอบ jlpt ออนไลน์,48
2026-07-07,69,เรียน ภาษา ญี่ปุ่น by click japanese,47
2026-07-07,70,สอบ jlpt n1,46
2026-07-07,71,ข้อสอบ ภาษา ญี่ปุ่น a level,46
2026-07-07,72,ข้อสอบ ภาษา ญี่ปุ่น พร้อม เฉลย,46
2026-07-07,73,เรียน ภาษา ญี่ปุ่น future skill,45
2026-07-07,74,คอร์ส เรียน ภาษา ญี่ปุ่น ราคา,45
2026-07-07,75,สอบ jlpt ยัง ไง,45
2026-07-07,76,คอร์ส เรียน ภาษา ญี่ปุ่น pantip,44
2026-07-07,77,ไวยากรณ์ ภาษา ญี่ปุ่น เบื้องต้น ฉบับ สมบูรณ์ pdf,43
2026-07-07,78,สอบ jlpt ครั้ง ที่ 1,43
2026-07-07,79,ไวยากรณ์ภาษาญี่ปุ่น n3,41
2026-07-07,80,คอร์ส ภาษา ญี่ปุ่น ออนไลน์ ฟรี,41
2026-07-07,81,ภาษา ญี่ปุ่น เบื้องต้น สวัสดี,41
2026-07-07,82,เรียน ภาษา ญี่ปุ่น ด้วย ตัว เอง n1,41
2026-07-07,83,สอบ jlpt ที่ไหน,41
2026-07-07,84,คอร์ส เรียน ภาษา ญี่ปุ่น a level,40
2026-07-07,85,สนทนา ภาษา ญี่ปุ่น ใน ชีวิต ประ จํา วัน,40
2026-07-07,86,เรียน ภาษา ญี่ปุ่น by click japanese รีวิว,39
2026-07-07,87,เรียน ภาษา ญี่ปุ่น i love japan,39
2026-07-07,88,สอนภาษาญี่ปุ่น สนทนา,39
2026-07-07,89,สอบ jlpt คือ,39
2026-07-07,90,สอบ jlpt ระดับ,39
2026-07-07,91,ข้อสอบ ภาษา ญี่ปุ่น แปล ว่า,39
2026-07-07,92,เรียนภาษาญี่ปุ่น ออนไลน์,38
2026-07-07,93,สอนภาษาญี่ปุ่น n4,38
2026-07-07,94,สอบ jlpt ยาก ไหม,38
2026-07-07,95,สอบ jlpt n2,38
2026-07-07,96,ข้อสอบ ภาษา ญี่ปุ่น เขียน ยัง ไง,38
2026-07-07,97,เรียน ภาษา ญี่ปุ่น japan foundation,37
2026-07-07,98,ไวยากรณ์ ภาษา ญี่ปุ่น ชั้น ต้น,37
2026-07-07,99,เรียน ญี่ปุ่น ที่ไหน,37
2026-07-07,100,สอบ jlpt n3,37
2026-07-07,1,ข้อสอบภาษาญี่ปุ่น n4,290
2026-07-07,2,คําศัพท์ภาษาญี่ปุ่น nc,287
2026-07-07,3,สนทนาภาษาญี่ปุ่นพื้นฐาน,284
2026-07-07,4,สนทนาภาษาญี่ปุ่น เบื้องต้น,266
2026-07-07,5,ไวยากรณ์ภาษาญี่ปุ่น n1,251
2026-07-07,6,ข้อสอบ ภาษา ญี่ปุ่น คือ,248
2026-07-07,7,ข้อสอบภาษาญี่ปุ่น n5,244
2026-07-07,8,ข้อสอบ ภาษา ญี่ปุ่น pdf,204
2026-07-07,9,ไวยากรณ์ ภาษา ญี่ปุ่น pantip,196
2026-07-07,10,เรียน ภาษา ญี่ปุ่น ด้วย ตัว เอง รีวิว,190
2026-07-07,11,คําศัพท์ภาษาญี่ปุ่น n5,189
2026-07-07,12,คําศัพท์ภาษาญี่ปุ่นง่ายๆ,189
2026-07-07,13,ภาษา ญี่ปุ่น เบื้องต้น สนทนา,185
2026-07-07,14,คําศัพท์ภาษาญี่ปุ่นเบื้องต้น,169
2026-07-07,15,สนทนาภาษาญี่ปุ่น n4,166
2026-07-07,16,ภาษาญี่ปุ่น เบื้องต้น,163
2026-07-07,17,คอร์ส ภาษา ญี่ปุ่น ราคา,159
2026-07-07,18,ภาษา ญี่ปุ่น เบื้องต้น pdf,155
2026-07-07,19,คําศัพท์ภาษาญี่ปุ่น n1,152
2026-07-07,20,คอร์ส ภาษา ญี่ปุ่น พื้นฐาน,151
2026-07-07,21,ไวยากรณ์ภาษาญี่ปุ่น n4,142
2026-07-07,22,ไวยากรณ์ ภาษา ญี่ปุ่น คือ,138
2026-07-07,23,ไวยากรณ์ ภาษา ญี่ปุ่น พื้นฐาน,137
2026-07-07,24,คอร์ส ภาษา ญี่ปุ่น ฟรี,129
2026-07-07,25,คอร์ส ภาษา ญี่ปุ่น ออนไลน์,128
2026-07-07,26,ไวยากรณ์ ภาษา ญี่ปุ่น ทั้งหมด,125
2026-07-07,27,ไวยากรณ์ ภาษา ญี่ปุ่น เรียก ว่า,123
2026-07-07,28,ไวยากรณ์ ภาษา ญี่ปุ่น pdf,119
2026-07-07,29,คําศัพท์ภาษาญี่ปุ่นพื้นฐาน,117
2026-07-07,30,สนทนา ภาษา ญี่ปุ่น,114
2026-07-07,31,ข้อสอบ ภาษา ญี่ปุ่น พื้นฐาน,110
2026-07-07,32,เรียนภาษาญี่ปุ่นด้วยตัวเอง,107
2026-07-07,33,ภาษา ญี่ปุ่น เบื้องต้น n5,96
2026-07-07,34,ข้อสอบภาษาญี่ปุ่น,92
2026-07-07,35,คอร์ส เรียน ภาษา ญี่ปุ่น พื้นฐาน,90
2026-07-07,36,สอนภาษาญี่ปุ่นง่ายๆ,89
2026-07-07,37,ภาษาญี่ปุ่นเบื้องต้น พยัญชนะ,89
2026-07-07,38,สนทนาภาษาญี่ปุ่นเบื้องต้น,88
2026-07-07,39,สอนภาษาญี่ปุ่นฟรี,87
2026-07-07,40,คําศัพท์ภาษาญี่ปุ่น n4,82
2026-07-07,41,สอบ jlpt ผ่าน,81
2026-07-07,42,สนทนา ภาษา ญี่ปุ่น พื้นฐาน,80
2026-07-07,43,ข้อสอบ ภาษา ญี่ปุ่น ง่ายๆ,79
2026-07-07,44,ไวยากรณ์ภาษาญี่ปุ่น n5,76
2026-07-07,45,ข้อสอบ ภาษา ญี่ปุ่น เบื้องต้น,76
2026-07-07,46,ภาษา ญี่ปุ่น เบื้องต้น ฟรี,76
2026-07-07,47,คําศัพท์ภาษาญี่ปุ่น n3,75
2026-07-07,48,คอร์ส ภาษา ญี่ปุ่น เบื้องต้น,74
2026-07-07,49,เรียน ภาษา ญี่ปุ่น ด้วย ตัว เอง pantip,71
2026-07-07,50,สอนภาษาญี่ปุ่นพื้นฐาน,70
2026-07-07,51,คอร์ส เรียน ภาษา ญี่ปุ่น พูด,70
2026-07-07,52,ไวยากรณ์ ภาษา ญี่ปุ่น เบื้องต้น,69
2026-07-07,53,เรียน ภาษา ญี่ปุ่น ด้วย ตัว เอง ฟรี,68
2026-07-07,54,คอร์ส เรียน ภาษา ญี่ปุ่น รีวิว,68
2026-07-07,55,ไวยากรณ์ภาษาญี่ปุ่นเบื้องต้น,66
2026-07-07,56,คอร์ส ออนไลน์ สนทนา ภาษา ญี่ปุ่น พูด ได้ ใช้ คล่อง,66
2026-07-07,57,สอบ jlpt pantip,62
2026-07-07,58,ไวยากรณ์ภาษาญี่ปุ่น n2,58
2026-07-07,59,คอร์ส ภาษา ญี่ปุ่น ธุรกิจ,56
2026-07-07,60,ภาษาญี่ปุ่นเบื้องต้น บทที่ 1,54
2026-07-07,61,สอบ jlpt n5,53
2026-07-07,62,เรียนภาษาญี่ปุ่น เด็ก,51
2026-07-07,63,คอร์ส ภาษา ญี่ปุ่น มหิดล,50
2026-07-07,64,ภาษา ญี่ปุ่น เบื้องต้น หนังสือ,50
2026-07-07,65,สอบ jlpt ไม่ ผ่าน,50
2026-07-07,66,คําศัพท์ภาษาญี่ปุ่น n2,48
2026-07-07,67,สอบ jlpt ออนไลน์,48
2026-07-07,68,เรียน ภาษา ญี่ปุ่น by click japanese,47
2026-07-07,69,สอบ jlpt n1,46
2026-07-07,70,สอบ jlpt ยัง ไง,46
2026-07-07,71,ข้อสอบ ภาษา ญี่ปุ่น a level,46
2026-07-07,72,ข้อสอบ ภาษา ญี่ปุ่น พร้อม เฉลย,46
2026-07-07,73,คอร์ส เรียน ภาษา ญี่ปุ่น ราคา,45
2026-07-07,74,เรียน ภาษา ญี่ปุ่น future skill,44
2026-07-07,75,คอร์ส เรียน ภาษา ญี่ปุ่น pantip,44
2026-07-07,76,ไวยากรณ์ ภาษา ญี่ปุ่น เบื้องต้น ฉบับ สมบูรณ์ pdf,43
2026-07-07,77,สอบ jlpt ครั้ง ที่ 1,43
2026-07-07,78,ไวยากรณ์ภาษาญี่ปุ่น n3,41
2026-07-07,79,คอร์ส ภาษา ญี่ปุ่น ออนไลน์ ฟรี,41
2026-07-07,80,ภาษา ญี่ปุ่น เบื้องต้น สวัสดี,41
2026-07-07,81,เรียน ภาษา ญี่ปุ่น ด้วย ตัว เอง n1,41
2026-07-07,82,สอบ jlpt ที่ไหน,41
2026-07-07,83,คอร์ส เรียน ภาษา ญี่ปุ่น a level,40
2026-07-07,84,สนทนา ภาษา ญี่ปุ่น ใน ชีวิต ประ จํา วัน,40
2026-07-07,85,เรียนภาษาญี่ปุ่น ออนไลน์,39
2026-07-07,86,เรียน ภาษา ญี่ปุ่น by click japanese รีวิว,39
2026-07-07,87,เรียน ภาษา ญี่ปุ่น i love japan,39
2026-07-07,88,สอนภาษาญี่ปุ่น สนทนา,39
2026-07-07,89,สอบ jlpt คือ,39
2026-07-07,90,สอบ jlpt ระดับ,39
2026-07-07,91,ข้อสอบ ภาษา ญี่ปุ่น แปล ว่า,39
2026-07-07,92,สอนภาษาญี่ปุ่น n4,38
2026-07-07,93,สอบ jlpt ยาก ไหม,38
2026-07-07,94,สอบ jlpt n2,38
2026-07-07,95,ข้อสอบ ภาษา ญี่ปุ่น เขียน ยัง ไง,38
2026-07-07,96,เรียน ภาษา ญี่ปุ่น japan foundation,37
2026-07-07,97,ไวยากรณ์ ภาษา ญี่ปุ่น ชั้น ต้น,37
2026-07-07,98,เรียน ญี่ปุ่น ที่ไหน,37
2026-07-07,99,สอบ jlpt n3,37
2026-07-07,100,สอบ jlpt ครั้ง แรก,37
2026-07-09,1,ข้อสอบภาษาญี่ปุ่น n4,290
2026-07-09,2,คําศัพท์ภาษาญี่ปุ่น nc,287
2026-07-09,3,สนทนาภาษาญี่ปุ่นพื้นฐาน,284
2026-07-09,4,สนทนาภาษาญี่ปุ่น เบื้องต้น,266
2026-07-09,5,ไวยากรณ์ภาษาญี่ปุ่น n1,251
2026-07-09,6,ข้อสอบ ภาษา ญี่ปุ่น คือ,248
2026-07-09,7,ข้อสอบภาษาญี่ปุ่น n5,244
2026-07-09,8,ข้อสอบ ภาษา ญี่ปุ่น pdf,204
2026-07-09,9,ไวยากรณ์ ภาษา ญี่ปุ่น pantip,196
2026-07-09,10,เรียน ภาษา ญี่ปุ่น ด้วย ตัว เอง รีวิว,190
2026-07-09,11,คําศัพท์ภาษาญี่ปุ่น n5,189
2026-07-09,12,คําศัพท์ภาษาญี่ปุ่นง่ายๆ,189
2026-07-09,13,ภาษา ญี่ปุ่น เบื้องต้น สนทนา,185
2026-07-09,14,คําศัพท์ภาษาญี่ปุ่นเบื้องต้น,169
2026-07-09,15,สนทนาภาษาญี่ปุ่น n4,166
2026-07-09,16,ภาษาญี่ปุ่น เบื้องต้น,163
2026-07-09,17,คอร์ส ภาษา ญี่ปุ่น ราคา,160
2026-07-09,18,ภาษา ญี่ปุ่น เบื้องต้น pdf,155
2026-07-09,19,คําศัพท์ภาษาญี่ปุ่น n1,152
2026-07-09,20,คอร์ส ภาษา ญี่ปุ่น พื้นฐาน,152
2026-07-09,21,ไวยากรณ์ภาษาญี่ปุ่น n4,142
2026-07-09,22,ไวยากรณ์ ภาษา ญี่ปุ่น พื้นฐาน,137
2026-07-09,23,ไวยากรณ์ ภาษา ญี่ปุ่น คือ,137
2026-07-09,24,คอร์ส ภาษา ญี่ปุ่น ฟรี,128
2026-07-09,25,คอร์ส ภาษา ญี่ปุ่น ออนไลน์,128
2026-07-09,26,ไวยากรณ์ ภาษา ญี่ปุ่น ทั้งหมด,124
2026-07-09,27,ไวยากรณ์ ภาษา ญี่ปุ่น เรียก ว่า,123
2026-07-09,28,ไวยากรณ์ ภาษา ญี่ปุ่น pdf,119
2026-07-09,29,คําศัพท์ภาษาญี่ปุ่นพื้นฐาน,117
2026-07-09,30,สนทนา ภาษา ญี่ปุ่น,114
2026-07-09,31,ข้อสอบ ภาษา ญี่ปุ่น พื้นฐาน,110
2026-07-09,32,เรียนภาษาญี่ปุ่นด้วยตัวเอง,107
2026-07-09,33,ภาษา ญี่ปุ่น เบื้องต้น n5,96
2026-07-09,34,ข้อสอบภาษาญี่ปุ่น,92
2026-07-09,35,สอนภาษาญี่ปุ่นง่ายๆ,91
2026-07-09,36,คอร์ส เรียน ภาษา ญี่ปุ่น พื้นฐาน,90
2026-07-09,37,สอนภาษาญี่ปุ่นฟรี,89
2026-07-09,38,สนทนาภาษาญี่ปุ่นเบื้องต้น,88
2026-07-09,39,ภาษาญี่ปุ่นเบื้องต้น พยัญชนะ,88
2026-07-09,40,คําศัพท์ภาษาญี่ปุ่น n4,82
2026-07-09,41,สอบ jlpt ผ่าน,81
2026-07-09,42,สนทนา ภาษา ญี่ปุ่น พื้นฐาน,80
2026-07-09,43,ข้อสอบ ภาษา ญี่ปุ่น ง่ายๆ,79
2026-07-09,44,ไวยากรณ์ภาษาญี่ปุ่น n5,76
2026-07-09,45,ข้อสอบ ภาษา ญี่ปุ่น เบื้องต้น,76
2026-07-09,46,ภาษา ญี่ปุ่น เบื้องต้น ฟรี,76
2026-07-09,47,คําศัพท์ภาษาญี่ปุ่น n3,75
2026-07-09,48,คอร์ส ภาษา ญี่ปุ่น เบื้องต้น,74
2026-07-09,49,เรียน ภาษา ญี่ปุ่น ด้วย ตัว เอง pantip,71
2026-07-09,50,สอนภาษาญี่ปุ่นพื้นฐาน,70
2026-07-09,51,คอร์ส เรียน ภาษา ญี่ปุ่น พูด,70
2026-07-09,52,ไวยากรณ์ ภาษา ญี่ปุ่น เบื้องต้น,69
2026-07-09,53,เรียน ภาษา ญี่ปุ่น ด้วย ตัว เอง ฟรี,68
2026-07-09,54,คอร์ส เรียน ภาษา ญี่ปุ่น รีวิว,68
2026-07-09,55,ไวยากรณ์ภาษาญี่ปุ่นเบื้องต้น,66
2026-07-09,56,คอร์ส ออนไลน์ สนทนา ภาษา ญี่ปุ่น พูด ได้ ใช้ คล่อง,66
2026-07-09,57,สอบ jlpt pantip,62
2026-07-09,58,ไวยากรณ์ภาษาญี่ปุ่น n2,58
2026-07-09,59,คอร์ส ภาษา ญี่ปุ่น ธุรกิจ,57
2026-07-09,60,ภาษาญี่ปุ่นเบื้องต้น บทที่ 1,54
2026-07-09,61,สอบ jlpt n5,53
2026-07-09,62,เรียนภาษาญี่ปุ่น เด็ก,51
2026-07-09,63,คอร์ส ภาษา ญี่ปุ่น มหิดล,50
2026-07-09,64,ภาษา ญี่ปุ่น เบื้องต้น หนังสือ,50
2026-07-09,65,สอบ jlpt ไม่ ผ่าน,50
2026-07-09,66,คําศัพท์ภาษาญี่ปุ่น n2,48
2026-07-09,67,สอบ jlpt ออนไลน์,48
2026-07-09,68,เรียน ภาษา ญี่ปุ่น by click japanese,47
2026-07-09,69,สอบ jlpt n1,46
2026-07-09,70,ข้อสอบ ภาษา ญี่ปุ่น a level,46
2026-07-09,71,ข้อสอบ ภาษา ญี่ปุ่น พร้อม เฉลย,46
2026-07-09,72,เรียน ภาษา ญี่ปุ่น future skill,45
2026-07-09,73,คอร์ส เรียน ภาษา ญี่ปุ่น ราคา,45
2026-07-09,74,สอบ jlpt ยัง ไง,45
2026-07-09,75,คอร์ส เรียน ภาษา ญี่ปุ่น pantip,44
2026-07-09,76,ไวยากรณ์ ภาษา ญี่ปุ่น เบื้องต้น ฉบับ สมบูรณ์ pdf,43
2026-07-09,77,สอบ jlpt ครั้ง ที่ 1,43
2026-07-09,78,ไวยากรณ์ภาษาญี่ปุ่น n3,41
2026-07-09,79,คอร์ส ภาษา ญี่ปุ่น ออนไลน์ ฟรี,41
2026-07-09,80,ภาษา ญี่ปุ่น เบื้องต้น สวัสดี,41
2026-07-09,81,เรียน ภาษา ญี่ปุ่น ด้วย ตัว เอง n1,41
2026-07-09,82,สอบ jlpt ที่ไหน,41
2026-07-09,83,คอร์ส เรียน ภาษา ญี่ปุ่น a level,40
2026-07-09,84,สนทนา ภาษา ญี่ปุ่น ใน ชีวิต ประ จํา วัน,40
2026-07-09,85,เรียนภาษาญี่ปุ่น ออนไลน์,39
2026-07-09,86,เรียน ภาษา ญี่ปุ่น by click japanese รีวิว,39
2026-07-09,87,เรียน ภาษา ญี่ปุ่น i love japan,39
2026-07-09,88,สอนภาษาญี่ปุ่น สนทนา,39
2026-07-09,89,สอบ jlpt คือ,39
2026-07-09,90,สอบ jlpt ระดับ,39
2026-07-09,91,ข้อสอบ ภาษา ญี่ปุ่น แปล ว่า,39
2026-07-09,92,สอนภาษาญี่ปุ่น n4,38
2026-07-09,93,สอบ jlpt ยาก ไหม,38
2026-07-09,94,สอบ jlpt n2,38
2026-07-09,95,ข้อสอบ ภาษา ญี่ปุ่น เขียน ยัง ไง,38
2026-07-09,96,เรียน ภาษา ญี่ปุ่น japan foundation,37
2026-07-09,97,ไวยากรณ์ ภาษา ญี่ปุ่น ชั้น ต้น,37
2026-07-09,98,เรียน ญี่ปุ่น ที่ไหน,37
2026-07-09,99,สอบ jlpt n3,37
2026-07-09,100,สอบ jlpt ครั้ง แรก,37
2026-07-10,1,ข้อสอบภาษาญี่ปุ่น n4,290
2026-07-10,2,คําศัพท์ภาษาญี่ปุ่น nc,287
2026-07-10,3,สนทนาภาษาญี่ปุ่นพื้นฐาน,284
2026-07-10,4,สนทนาภาษาญี่ปุ่น เบื้องต้น,266
2026-07-10,5,ไวยากรณ์ภาษาญี่ปุ่น n1,251
2026-07-10,6,ข้อสอบ ภาษา ญี่ปุ่น คือ,248
2026-07-10,7,ข้อสอบภาษาญี่ปุ่น n5,244
2026-07-10,8,ข้อสอบ ภาษา ญี่ปุ่น pdf,204
2026-07-10,9,ไวยากรณ์ ภาษา ญี่ปุ่น pantip,196
2026-07-10,10,เรียน ภาษา ญี่ปุ่น ด้วย ตัว เอง รีวิว,190
2026-07-10,11,คําศัพท์ภาษาญี่ปุ่น n5,189
2026-07-10,12,คําศัพท์ภาษาญี่ปุ่นง่ายๆ,189
2026-07-10,13,ภาษา ญี่ปุ่น เบื้องต้น สนทนา,185
2026-07-10,14,คําศัพท์ภาษาญี่ปุ่นเบื้องต้น,169
2026-07-10,15,สนทนาภาษาญี่ปุ่น n4,166
2026-07-10,16,ภาษาญี่ปุ่น เบื้องต้น,163
2026-07-10,17,คอร์ส ภาษา ญี่ปุ่น ราคา,160
2026-07-10,18,ภาษา ญี่ปุ่น เบื้องต้น pdf,155
2026-07-10,19,คําศัพท์ภาษาญี่ปุ่น n1,152
2026-07-10,20,คอร์ส ภาษา ญี่ปุ่น พื้นฐาน,152
2026-07-10,21,ไวยากรณ์ภาษาญี่ปุ่น n4,142
2026-07-10,22,ไวยากรณ์ ภาษา ญี่ปุ่น พื้นฐาน,137
2026-07-10,23,ไวยากรณ์ ภาษา ญี่ปุ่น คือ,137
2026-07-10,24,คอร์ส ภาษา ญี่ปุ่น ฟรี,129
2026-07-10,25,คอร์ส ภาษา ญี่ปุ่น ออนไลน์,128
2026-07-10,26,ไวยากรณ์ ภาษา ญี่ปุ่น ทั้งหมด,124
2026-07-10,27,ไวยากรณ์ ภาษา ญี่ปุ่น เรียก ว่า,123
2026-07-10,28,ไวยากรณ์ ภาษา ญี่ปุ่น pdf,119
2026-07-10,29,คําศัพท์ภาษาญี่ปุ่นพื้นฐาน,117
2026-07-10,30,สนทนา ภาษา ญี่ปุ่น,114
2026-07-10,31,ข้อสอบ ภาษา ญี่ปุ่น พื้นฐาน,110
2026-07-10,32,เรียนภาษาญี่ปุ่นด้วยตัวเอง,107
2026-07-10,33,ภาษา ญี่ปุ่น เบื้องต้น n5,96
2026-07-10,34,ข้อสอบภาษาญี่ปุ่น,92
2026-07-10,35,คอร์ส เรียน ภาษา ญี่ปุ่น พื้นฐาน,90
2026-07-10,36,สอนภาษาญี่ปุ่นง่ายๆ,89
2026-07-10,37,ภาษาญี่ปุ่นเบื้องต้น พยัญชนะ,89
2026-07-10,38,สนทนาภาษาญี่ปุ่นเบื้องต้น,88
2026-07-10,39,คําศัพท์ภาษาญี่ปุ่น n4,82
2026-07-10,40,สอบ jlpt ผ่าน,81
2026-07-10,41,สนทนา ภาษา ญี่ปุ่น พื้นฐาน,80
2026-07-10,42,ข้อสอบ ภาษา ญี่ปุ่น ง่ายๆ,79
2026-07-10,43,สอนภาษาญี่ปุ่นฟรี,78
2026-07-10,44,ไวยากรณ์ภาษาญี่ปุ่น n5,76
2026-07-10,45,ข้อสอบ ภาษา ญี่ปุ่น เบื้องต้น,76
2026-07-10,46,ภาษา ญี่ปุ่น เบื้องต้น ฟรี,76
2026-07-10,47,คําศัพท์ภาษาญี่ปุ่น n3,75
2026-07-10,48,คอร์ส ภาษา ญี่ปุ่น เบื้องต้น,74
2026-07-10,49,สอนภาษาญี่ปุ่นพื้นฐาน,72
2026-07-10,50,เรียน ภาษา ญี่ปุ่น ด้วย ตัว เอง pantip,71
2026-07-10,51,คอร์ส เรียน ภาษา ญี่ปุ่น พูด,70
2026-07-10,52,ไวยากรณ์ ภาษา ญี่ปุ่น เบื้องต้น,69
2026-07-10,53,เรียน ภาษา ญี่ปุ่น ด้วย ตัว เอง ฟรี,68
2026-07-10,54,คอร์ส เรียน ภาษา ญี่ปุ่น รีวิว,68
2026-07-10,55,ไวยากรณ์ภาษาญี่ปุ่นเบื้องต้น,66
2026-07-10,56,คอร์ส ออนไลน์ สนทนา ภาษา ญี่ปุ่น พูด ได้ ใช้ คล่อง,66
2026-07-10,57,สอบ jlpt pantip,62
2026-07-10,58,ไวยากรณ์ภาษาญี่ปุ่น n2,58
2026-07-10,59,คอร์ส ภาษา ญี่ปุ่น ธุรกิจ,57
2026-07-10,60,ภาษาญี่ปุ่นเบื้องต้น บทที่ 1,54
2026-07-10,61,สอบ jlpt n5,53
2026-07-10,62,เรียนภาษาญี่ปุ่น เด็ก,51
2026-07-10,63,คอร์ส ภาษา ญี่ปุ่น มหิดล,50
2026-07-10,64,ภาษา ญี่ปุ่น เบื้องต้น หนังสือ,50
2026-07-10,65,สอบ jlpt ไม่ ผ่าน,50
2026-07-10,66,คําศัพท์ภาษาญี่ปุ่น n2,48
2026-07-10,67,สอบ jlpt ออนไลน์,48
2026-07-10,68,เรียน ภาษา ญี่ปุ่น by click japanese,47
2026-07-10,69,สอบ jlpt n1,46
2026-07-10,70,ข้อสอบ ภาษา ญี่ปุ่น a level,46
2026-07-10,71,ข้อสอบ ภาษา ญี่ปุ่น พร้อม เฉลย,46
2026-07-10,72,คอร์ส เรียน ภาษา ญี่ปุ่น ราคา,45
2026-07-10,73,สอบ jlpt ยัง ไง,45
2026-07-10,74,เรียน ภาษา ญี่ปุ่น future skill,44
2026-07-10,75,คอร์ส เรียน ภาษา ญี่ปุ่น pantip,44
2026-07-10,76,ไวยากรณ์ ภาษา ญี่ปุ่น เบื้องต้น ฉบับ สมบูรณ์ pdf,43
2026-07-10,77,สอบ jlpt ครั้ง ที่ 1,43
2026-07-10,78,ไวยากรณ์ภาษาญี่ปุ่น n3,41
2026-07-10,79,คอร์ส ภาษา ญี่ปุ่น ออนไลน์ ฟรี,41
2026-07-10,80,ภาษา ญี่ปุ่น เบื้องต้น สวัสดี,41
2026-07-10,81,เรียน ภาษา ญี่ปุ่น ด้วย ตัว เอง n1,41
2026-07-10,82,สอบ jlpt ที่ไหน,41
2026-07-10,83,คอร์ส เรียน ภาษา ญี่ปุ่น a level,40
2026-07-10,84,สนทนา ภาษา ญี่ปุ่น ใน ชีวิต ประ จํา วัน,40
2026-07-10,85,เรียนภาษาญี่ปุ่น ออนไลน์,39
2026-07-10,86,เรียน ภาษา ญี่ปุ่น by click japanese รีวิว,39
2026-07-10,87,เรียน ภาษา ญี่ปุ่น i love japan,39
2026-07-10,88,สอนภาษาญี่ปุ่น สนทนา,39
2026-07-10,89,สอบ jlpt คือ,39
2026-07-10,90,สอบ jlpt ระดับ,39
2026-07-10,91,ข้อสอบ ภาษา ญี่ปุ่น แปล ว่า,39
2026-07-10,92,สอนภาษาญี่ปุ่น n4,38
2026-07-10,93,สอบ jlpt ยาก ไหม,38
2026-07-10,94,สอบ jlpt n2,38
2026-07-10,95,ข้อสอบ ภาษา ญี่ปุ่น เขียน ยัง ไง,38
2026-07-10,96,เรียน ภาษา ญี่ปุ่น japan foundation,37
2026-07-10,97,ไวยากรณ์ ภาษา ญี่ปุ่น ชั้น ต้น,37
2026-07-10,98,เรียน ญี่ปุ่น ที่ไหน,37
2026-07-10,99,สอบ jlpt n3,37
2026-07-10,100,สอบ jlpt ครั้ง แรก,37
2026-07-10,1,คําศัพท์ภาษาญี่ปุ่น nc,291
2026-07-10,2,ข้อสอบภาษาญี่ปุ่น n4,290
2026-07-10,3,สนทนาภาษาญี่ปุ่นพื้นฐาน,284
2026-07-10,4,สนทนาภาษาญี่ปุ่น เบื้องต้น,266
2026-07-10,5,ไวยากรณ์ภาษาญี่ปุ่น n1,251
2026-07-10,6,ข้อสอบ ภาษา ญี่ปุ่น คือ,248
2026-07-10,7,ข้อสอบภาษาญี่ปุ่น n5,244
2026-07-10,8,ข้อสอบ ภาษา ญี่ปุ่น pdf,204
2026-07-10,9,ไวยากรณ์ ภาษา ญี่ปุ่น pantip,196
2026-07-10,10,คําศัพท์ภาษาญี่ปุ่นง่ายๆ,192
2026-07-10,11,คําศัพท์ภาษาญี่ปุ่น n5,191
2026-07-10,12,เรียน ภาษา ญี่ปุ่น ด้วย ตัว เอง รีวิว,190
2026-07-10,13,ภาษา ญี่ปุ่น เบื้องต้น สนทนา,185
2026-07-10,14,คําศัพท์ภาษาญี่ปุ่นเบื้องต้น,172
2026-07-10,15,สนทนาภาษาญี่ปุ่น n4,166
2026-07-10,16,ภาษาญี่ปุ่น เบื้องต้น,163
2026-07-10,17,คอร์ส ภาษา ญี่ปุ่น ราคา,159
2026-07-10,18,คําศัพท์ภาษาญี่ปุ่น n1,156
2026-07-10,19,ภาษา ญี่ปุ่น เบื้องต้น pdf,155
2026-07-10,20,คอร์ส ภาษา ญี่ปุ่น พื้นฐาน,151
2026-07-10,21,ไวยากรณ์ภาษาญี่ปุ่น n4,142
2026-07-10,22,ไวยากรณ์ ภาษา ญี่ปุ่น พื้นฐาน,137
2026-07-10,23,ไวยากรณ์ ภาษา ญี่ปุ่น คือ,137
2026-07-10,24,คอร์ส ภาษา ญี่ปุ่น ฟรี,129
2026-07-10,25,คอร์ส ภาษา ญี่ปุ่น ออนไลน์,128
2026-07-10,26,ไวยากรณ์ ภาษา ญี่ปุ่น ทั้งหมด,124
2026-07-10,27,ไวยากรณ์ ภาษา ญี่ปุ่น เรียก ว่า,123
2026-07-10,28,ไวยากรณ์ ภาษา ญี่ปุ่น pdf,119
2026-07-10,29,สนทนา ภาษา ญี่ปุ่น,114
2026-07-10,30,ข้อสอบ ภาษา ญี่ปุ่น พื้นฐาน,110
2026-07-10,31,เรียนภาษาญี่ปุ่นด้วยตัวเอง,107
2026-07-10,32,ภาษา ญี่ปุ่น เบื้องต้น n5,96
2026-07-10,33,ข้อสอบภาษาญี่ปุ่น,92
2026-07-10,34,คอร์ส เรียน ภาษา ญี่ปุ่น พื้นฐาน,90
2026-07-10,35,สอนภาษาญี่ปุ่นง่ายๆ,89
2026-07-10,36,สนทนาภาษาญี่ปุ่นเบื้องต้น,88
2026-07-10,37,ภาษาญี่ปุ่นเบื้องต้น พยัญชนะ,88
2026-07-10,38,สอนภาษาญี่ปุ่นฟรี,87
2026-07-10,39,คําศัพท์ภาษาญี่ปุ่น n4,84
2026-07-10,40,สอบ jlpt ผ่าน,81
2026-07-10,41,สนทนา ภาษา ญี่ปุ่น พื้นฐาน,80
2026-07-10,42,ข้อสอบ ภาษา ญี่ปุ่น ง่ายๆ,79
2026-07-10,43,ไวยากรณ์ภาษาญี่ปุ่น n5,76
2026-07-10,44,คําศัพท์ภาษาญี่ปุ่น n3,76
2026-07-10,45,ข้อสอบ ภาษา ญี่ปุ่น เบื้องต้น,76
2026-07-10,46,ภาษา ญี่ปุ่น เบื้องต้น ฟรี,76
2026-07-10,47,คอร์ส ภาษา ญี่ปุ่น เบื้องต้น,74
2026-07-10,48,เรียน ภาษา ญี่ปุ่น ด้วย ตัว เอง pantip,71
2026-07-10,49,สอนภาษาญี่ปุ่นพื้นฐาน,70
2026-07-10,50,คอร์ส เรียน ภาษา ญี่ปุ่น พูด,70
2026-07-10,51,ไวยากรณ์ ภาษา ญี่ปุ่น เบื้องต้น,69
2026-07-10,52,เรียน ภาษา ญี่ปุ่น ด้วย ตัว เอง ฟรี,68
2026-07-10,53,คอร์ส เรียน ภาษา ญี่ปุ่น รีวิว,68
2026-07-10,54,ไวยากรณ์ภาษาญี่ปุ่นเบื้องต้น,66
2026-07-10,55,คอร์ส ออนไลน์ สนทนา ภาษา ญี่ปุ่น พูด ได้ ใช้ คล่อง,66
2026-07-10,56,สอบ jlpt pantip,62
2026-07-10,57,ไวยากรณ์ภาษาญี่ปุ่น n2,58
2026-07-10,58,คอร์ส ภาษา ญี่ปุ่น ธุรกิจ,56
2026-07-10,59,ภาษาญี่ปุ่นเบื้องต้น บทที่ 1,54
2026-07-10,60,สอบ jlpt n5,53
2026-07-10,61,สอบ jlpt ไม่ ผ่าน,52
2026-07-10,62,เรียนภาษาญี่ปุ่น เด็ก,51
2026-07-10,63,คอร์ส ภาษา ญี่ปุ่น มหิดล,50
2026-07-10,64,ภาษา ญี่ปุ่น เบื้องต้น หนังสือ,50
2026-07-10,65,คําศัพท์ภาษาญี่ปุ่น n2,48
2026-07-10,66,สอบ jlpt ออนไลน์,48
2026-07-10,67,เรียน ภาษา ญี่ปุ่น by click japanese,47
2026-07-10,68,สอบ jlpt n1,46
2026-07-10,69,ข้อสอบ ภาษา ญี่ปุ่น a level,46
2026-07-10,70,ข้อสอบ ภาษา ญี่ปุ่น พร้อม เฉลย,46
2026-07-10,71,คอร์ส เรียน ภาษา ญี่ปุ่น ราคา,45
2026-07-10,72,สอบ jlpt ยัง ไง,45
2026-07-10,73,เรียน ภาษา ญี่ปุ่น future skill,44
2026-07-10,74,คอร์ส เรียน ภาษา ญี่ปุ่น pantip,44
2026-07-10,75,ไวยากรณ์ ภาษา ญี่ปุ่น เบื้องต้น ฉบับ สมบูรณ์ pdf,43
2026-07-10,76,สอบ jlpt ครั้ง ที่ 1,43
2026-07-10,77,ไวยากรณ์ภาษาญี่ปุ่น n3,41
2026-07-10,78,คอร์ส ภาษา ญี่ปุ่น ออนไลน์ ฟรี,41
2026-07-10,79,ภาษา ญี่ปุ่น เบื้องต้น สวัสดี,41
2026-07-10,80,เรียน ภาษา ญี่ปุ่น ด้วย ตัว เอง n1,41
2026-07-10,81,สอบ jlpt ที่ไหน,41
2026-07-10,82,คอร์ส เรียน ภาษา ญี่ปุ่น a level,40
2026-07-10,83,สนทนา ภาษา ญี่ปุ่น ใน ชีวิต ประ จํา วัน,40
2026-07-10,84,เรียน ภาษา ญี่ปุ่น by click japanese รีวิว,39
2026-07-10,85,เรียน ภาษา ญี่ปุ่น i love japan,39
2026-07-10,86,สอนภาษาญี่ปุ่น สนทนา,39
2026-07-10,87,สอบ jlpt คือ,39
2026-07-10,88,สอบ jlpt ระดับ,39
2026-07-10,89,ข้อสอบ ภาษา ญี่ปุ่น แปล ว่า,39
2026-07-10,90,เรียนภาษาญี่ปุ่น ออนไลน์,38
2026-07-10,91,สอนภาษาญี่ปุ่น n4,38
2026-07-10,92,สอบ jlpt ยาก ไหม,38
2026-07-10,93,สอบ jlpt n2,38
2026-07-10,94,ข้อสอบ ภาษา ญี่ปุ่น เขียน ยัง ไง,38
2026-07-10,95,เรียน ภาษา ญี่ปุ่น japan foundation,37
2026-07-10,96,ไวยากรณ์ ภาษา ญี่ปุ่น ชั้น ต้น,37
2026-07-10,97,เรียน ญี่ปุ่น ที่ไหน,37
2026-07-10,98,สอบ jlpt n3,37
2026-07-10,99,สอบ jlpt ครั้ง แรก,37
2026-07-10,100,เรียน ภาษา ญี่ปุ่น a level,36
2026-07-11,1,ข้อสอบภาษาญี่ปุ่น n4,292
2026-07-11,2,คําศัพท์ภาษาญี่ปุ่น nc,291
2026-07-11,3,สนทนาภาษาญี่ปุ่นพื้นฐาน,284
2026-07-11,4,สนทนาภาษาญี่ปุ่น เบื้องต้น,266
2026-07-11,5,ไวยากรณ์ภาษาญี่ปุ่น n1,251
2026-07-11,6,ข้อสอบ ภาษา ญี่ปุ่น คือ,248
2026-07-11,7,ข้อสอบภาษาญี่ปุ่น n5,246
2026-07-11,8,ข้อสอบ ภาษา ญี่ปุ่น pdf,206
2026-07-11,9,ไวยากรณ์ ภาษา ญี่ปุ่น pantip,196
2026-07-11,10,คําศัพท์ภาษาญี่ปุ่นง่ายๆ,192
2026-07-11,11,คําศัพท์ภาษาญี่ปุ่น n5,191
2026-07-11,12,เรียน ภาษา ญี่ปุ่น ด้วย ตัว เอง รีวิว,190
2026-07-11,13,ภาษา ญี่ปุ่น เบื้องต้น สนทนา,185
2026-07-11,14,คําศัพท์ภาษาญี่ปุ่นเบื้องต้น,172
2026-07-11,15,สนทนาภาษาญี่ปุ่น n4,166
2026-07-11,16,ภาษาญี่ปุ่น เบื้องต้น,163
2026-07-11,17,คอร์ส ภาษา ญี่ปุ่น ราคา,161
2026-07-11,18,คําศัพท์ภาษาญี่ปุ่น n1,156
2026-07-11,19,ภาษา ญี่ปุ่น เบื้องต้น pdf,155
2026-07-11,20,คอร์ส ภาษา ญี่ปุ่น พื้นฐาน,152
2026-07-11,21,ไวยากรณ์ภาษาญี่ปุ่น n4,142
2026-07-11,22,ไวยากรณ์ ภาษา ญี่ปุ่น พื้นฐาน,137
2026-07-11,23,ไวยากรณ์ ภาษา ญี่ปุ่น คือ,137
2026-07-11,24,คอร์ส ภาษา ญี่ปุ่น ฟรี,129
2026-07-11,25,คอร์ส ภาษา ญี่ปุ่น ออนไลน์,128
2026-07-11,26,ไวยากรณ์ ภาษา ญี่ปุ่น ทั้งหมด,124
2026-07-11,27,ไวยากรณ์ ภาษา ญี่ปุ่น เรียก ว่า,123
2026-07-11,28,ไวยากรณ์ ภาษา ญี่ปุ่น pdf,119
2026-07-11,29,สนทนา ภาษา ญี่ปุ่น,114
2026-07-11,30,ข้อสอบ ภาษา ญี่ปุ่น พื้นฐาน,110
2026-07-11,31,เรียนภาษาญี่ปุ่นด้วยตัวเอง,106
2026-07-11,32,ภาษา ญี่ปุ่น เบื้องต้น n5,96
2026-07-11,33,ข้อสอบภาษาญี่ปุ่น,93
2026-07-11,34,คอร์ส เรียน ภาษา ญี่ปุ่น พื้นฐาน,90
2026-07-11,35,สอนภาษาญี่ปุ่นง่ายๆ,89
2026-07-11,36,ภาษาญี่ปุ่นเบื้องต้น พยัญชนะ,89
2026-07-11,37,สนทนาภาษาญี่ปุ่นเบื้องต้น,88
2026-07-11,38,สอนภาษาญี่ปุ่นฟรี,87
2026-07-11,39,คําศัพท์ภาษาญี่ปุ่น n4,84
2026-07-11,40,สอบ jlpt ผ่าน,81
2026-07-11,41,สนทนา ภาษา ญี่ปุ่น พื้นฐาน,80
2026-07-11,42,ข้อสอบ ภาษา ญี่ปุ่น ง่ายๆ,79
2026-07-11,43,ไวยากรณ์ภาษาญี่ปุ่น n5,76
2026-07-11,44,คําศัพท์ภาษาญี่ปุ่น n3,76
2026-07-11,45,ข้อสอบ ภาษา ญี่ปุ่น เบื้องต้น,76
2026-07-11,46,ภาษา ญี่ปุ่น เบื้องต้น ฟรี,76
2026-07-11,47,คอร์ส ภาษา ญี่ปุ่น เบื้องต้น,74
2026-07-11,48,เรียน ภาษา ญี่ปุ่น ด้วย ตัว เอง pantip,71
2026-07-11,49,คอร์ส เรียน ภาษา ญี่ปุ่น พูด,71
2026-07-11,50,สอนภาษาญี่ปุ่นพื้นฐาน,70
2026-07-11,51,ไวยากรณ์ ภาษา ญี่ปุ่น เบื้องต้น,69
2026-07-11,52,คอร์ส เรียน ภาษา ญี่ปุ่น รีวิว,69
2026-07-11,53,เรียน ภาษา ญี่ปุ่น ด้วย ตัว เอง ฟรี,68
2026-07-11,54,คอร์ส ออนไลน์ สนทนา ภาษา ญี่ปุ่น พูด ได้ ใช้ คล่อง,67
2026-07-11,55,ไวยากรณ์ภาษาญี่ปุ่นเบื้องต้น,66
2026-07-11,56,สอบ jlpt pantip,62
2026-07-11,57,ไวยากรณ์ภาษาญี่ปุ่น n2,58
2026-07-11,58,คอร์ส ภาษา ญี่ปุ่น ธุรกิจ,57
2026-07-11,59,ภาษาญี่ปุ่นเบื้องต้น บทที่ 1,54
2026-07-11,60,สอบ jlpt n5,53
2026-07-11,61,เรียนภาษาญี่ปุ่น เด็ก,51
2026-07-11,62,คอร์ส ภาษา ญี่ปุ่น มหิดล,50
2026-07-11,63,ภาษา ญี่ปุ่น เบื้องต้น หนังสือ,50
2026-07-11,64,สอบ jlpt ไม่ ผ่าน,50
2026-07-11,65,คําศัพท์ภาษาญี่ปุ่น n2,48
2026-07-11,66,สอบ jlpt ออนไลน์,48
2026-07-11,67,เรียน ภาษา ญี่ปุ่น by click japanese,47
2026-07-11,68,สอบ jlpt n1,46
2026-07-11,69,ข้อสอบ ภาษา ญี่ปุ่น a level,46
2026-07-11,70,ข้อสอบ ภาษา ญี่ปุ่น พร้อม เฉลย,46
2026-07-11,71,คอร์ส เรียน ภาษา ญี่ปุ่น ราคา,45
2026-07-11,72,สอบ jlpt ยัง ไง,45
2026-07-11,73,เรียน ภาษา ญี่ปุ่น future skill,44
2026-07-11,74,คอร์ส เรียน ภาษา ญี่ปุ่น pantip,44
2026-07-11,75,ไวยากรณ์ ภาษา ญี่ปุ่น เบื้องต้น ฉบับ สมบูรณ์ pdf,43
2026-07-11,76,สอบ jlpt ครั้ง ที่ 1,43
2026-07-11,77,ไวยากรณ์ภาษาญี่ปุ่น n3,41
2026-07-11,78,คอร์ส ภาษา ญี่ปุ่น ออนไลน์ ฟรี,41
2026-07-11,79,ภาษา ญี่ปุ่น เบื้องต้น สวัสดี,41
2026-07-11,80,เรียน ภาษา ญี่ปุ่น ด้วย ตัว เอง n1,41
2026-07-11,81,สอบ jlpt ที่ไหน,41
2026-07-11,82,คอร์ส เรียน ภาษา ญี่ปุ่น a level,40
2026-07-11,83,สนทนา ภาษา ญี่ปุ่น ใน ชีวิต ประ จํา วัน,40
2026-07-11,84,เรียน ภาษา ญี่ปุ่น by click japanese รีวิว,39
2026-07-11,85,เรียน ภาษา ญี่ปุ่น i love japan,39
2026-07-11,86,สอนภาษาญี่ปุ่น สนทนา,39
2026-07-11,87,สอบ jlpt คือ,39
2026-07-11,88,สอบ jlpt ระดับ,39
2026-07-11,89,ข้อสอบ ภาษา ญี่ปุ่น แปล ว่า,39
2026-07-11,90,เรียนภาษาญี่ปุ่น ออนไลน์,38
2026-07-11,91,สอนภาษาญี่ปุ่น n4,38
2026-07-11,92,สอบ jlpt ยาก ไหม,38
2026-07-11,93,สอบ jlpt n2,38
2026-07-11,94,ข้อสอบ ภาษา ญี่ปุ่น เขียน ยัง ไง,38
2026-07-11,95,เรียน ภาษา ญี่ปุ่น japan foundation,37
2026-07-11,96,ไวยากรณ์ ภาษา ญี่ปุ่น ชั้น ต้น,37
2026-07-11,97,เรียน ญี่ปุ่น ที่ไหน,37
2026-07-11,98,สอบ jlpt n3,37
2026-07-11,99,สอบ jlpt ครั้ง แรก,37
2026-07-11,100,เรียน ภาษา ญี่ปุ่น a level,36
2026-07-12,1,คําศัพท์ภาษาญี่ปุ่น nc,291
2026-07-12,2,ข้อสอบภาษาญี่ปุ่น n4,290
2026-07-12,3,สนทนาภาษาญี่ปุ่นพื้นฐาน,282
2026-07-12,4,สนทนาภาษาญี่ปุ่น เบื้องต้น,264
2026-07-12,5,ไวยากรณ์ภาษาญี่ปุ่น n1,251
2026-07-12,6,ข้อสอบ ภาษา ญี่ปุ่น คือ,248
2026-07-12,7,ข้อสอบภาษาญี่ปุ่น n5,244
2026-07-12,8,ข้อสอบ ภาษา ญี่ปุ่น pdf,204
2026-07-12,9,ไวยากรณ์ ภาษา ญี่ปุ่น pantip,196
2026-07-12,10,คําศัพท์ภาษาญี่ปุ่น n5,191
2026-07-12,11,เรียน ภาษา ญี่ปุ่น ด้วย ตัว เอง รีวิว,190
2026-07-12,12,ภาษา ญี่ปุ่น เบื้องต้น สนทนา,185
2026-07-12,13,คําศัพท์ภาษาญี่ปุ่นง่ายๆ,184
2026-07-12,14,คําศัพท์ภาษาญี่ปุ่นเบื้องต้น,177
2026-07-12,15,สนทนาภาษาญี่ปุ่น n4,166
2026-07-12,16,ภาษาญี่ปุ่น เบื้องต้น,163
2026-07-12,17,คอร์ส ภาษา ญี่ปุ่น ราคา,160
2026-07-12,18,คําศัพท์ภาษาญี่ปุ่น n1,156
2026-07-12,19,ภาษา ญี่ปุ่น เบื้องต้น pdf,155
2026-07-12,20,คอร์ส ภาษา ญี่ปุ่น พื้นฐาน,152
2026-07-12,21,ไวยากรณ์ภาษาญี่ปุ่น n4,142
2026-07-12,22,ไวยากรณ์ ภาษา ญี่ปุ่น พื้นฐาน,137
2026-07-12,23,ไวยากรณ์ ภาษา ญี่ปุ่น คือ,137
2026-07-12,24,คอร์ส ภาษา ญี่ปุ่น ฟรี,129
2026-07-12,25,คอร์ส ภาษา ญี่ปุ่น ออนไลน์,128
2026-07-12,26,ไวยากรณ์ ภาษา ญี่ปุ่น ทั้งหมด,124
2026-07-12,27,ไวยากรณ์ ภาษา ญี่ปุ่น เรียก ว่า,123
2026-07-12,28,ไวยากรณ์ ภาษา ญี่ปุ่น pdf,119
2026-07-12,29,สนทนา ภาษา ญี่ปุ่น,112
2026-07-12,30,ข้อสอบ ภาษา ญี่ปุ่น พื้นฐาน,110
2026-07-12,31,เรียนภาษาญี่ปุ่นด้วยตัวเอง,107
2026-07-12,32,ภาษา ญี่ปุ่น เบื้องต้น n5,96
2026-07-12,33,ข้อสอบภาษาญี่ปุ่น,92
2026-07-12,34,คอร์ส เรียน ภาษา ญี่ปุ่น พื้นฐาน,90
2026-07-12,35,สอนภาษาญี่ปุ่นง่ายๆ,89
2026-07-12,36,ภาษาญี่ปุ่นเบื้องต้น พยัญชนะ,89
2026-07-12,37,สนทนาภาษาญี่ปุ่นเบื้องต้น,88
2026-07-12,38,สอนภาษาญี่ปุ่นฟรี,87
2026-07-12,39,คําศัพท์ภาษาญี่ปุ่น n4,84
2026-07-12,40,สอบ jlpt ผ่าน,81
2026-07-12,41,สนทนา ภาษา ญี่ปุ่น พื้นฐาน,80
2026-07-12,42,ข้อสอบ ภาษา ญี่ปุ่น ง่ายๆ,79
2026-07-12,43,ไวยากรณ์ภาษาญี่ปุ่น n5,76
2026-07-12,44,ข้อสอบ ภาษา ญี่ปุ่น เบื้องต้น,76
2026-07-12,45,ภาษา ญี่ปุ่น เบื้องต้น ฟรี,76
2026-07-12,46,คําศัพท์ภาษาญี่ปุ่น n3,75
2026-07-12,47,คอร์ส ภาษา ญี่ปุ่น เบื้องต้น,74
2026-07-12,48,เรียน ภาษา ญี่ปุ่น ด้วย ตัว เอง pantip,71
2026-07-12,49,สอนภาษาญี่ปุ่นพื้นฐาน,70
2026-07-12,50,คอร์ส เรียน ภาษา ญี่ปุ่น พูด,70
2026-07-12,51,ไวยากรณ์ ภาษา ญี่ปุ่น เบื้องต้น,69
2026-07-12,52,เรียน ภาษา ญี่ปุ่น ด้วย ตัว เอง ฟรี,68
2026-07-12,53,คอร์ส เรียน ภาษา ญี่ปุ่น รีวิว,68
2026-07-12,54,ไวยากรณ์ภาษาญี่ปุ่นเบื้องต้น,66
2026-07-12,55,คอร์ส ออนไลน์ สนทนา ภาษา ญี่ปุ่น พูด ได้ ใช้ คล่อง,66
2026-07-12,56,สอบ jlpt pantip,62
2026-07-12,57,ไวยากรณ์ภาษาญี่ปุ่น n2,58
2026-07-12,58,คอร์ส ภาษา ญี่ปุ่น ธุรกิจ,57
2026-07-12,59,ภาษาญี่ปุ่นเบื้องต้น บทที่ 1,54
2026-07-12,60,สอบ jlpt n5,53
2026-07-12,61,เรียนภาษาญี่ปุ่น เด็ก,51
2026-07-12,62,คอร์ส ภาษา ญี่ปุ่น มหิดล,50
2026-07-12,63,ภาษา ญี่ปุ่น เบื้องต้น หนังสือ,50
2026-07-12,64,สอบ jlpt ไม่ ผ่าน,50
2026-07-12,65,คําศัพท์ภาษาญี่ปุ่น n2,48
2026-07-12,66,สอบ jlpt ออนไลน์,48
2026-07-12,67,เรียน ภาษา ญี่ปุ่น by click japanese,47
2026-07-12,68,สอบ jlpt n1,46
2026-07-12,69,ข้อสอบ ภาษา ญี่ปุ่น a level,46
2026-07-12,70,ข้อสอบ ภาษา ญี่ปุ่น พร้อม เฉลย,46
2026-07-12,71,คอร์ส เรียน ภาษา ญี่ปุ่น ราคา,45
2026-07-12,72,สอบ jlpt ยัง ไง,45
2026-07-12,73,เรียน ภาษา ญี่ปุ่น future skill,44
2026-07-12,74,คอร์ส เรียน ภาษา ญี่ปุ่น pantip,44
2026-07-12,75,ไวยากรณ์ ภาษา ญี่ปุ่น เบื้องต้น ฉบับ สมบูรณ์ pdf,43
2026-07-12,76,สอบ jlpt ครั้ง ที่ 1,43
2026-07-12,77,ไวยากรณ์ภาษาญี่ปุ่น n3,41
2026-07-12,78,คอร์ส ภาษา ญี่ปุ่น ออนไลน์ ฟรี,41
2026-07-12,79,ภาษา ญี่ปุ่น เบื้องต้น สวัสดี,41
2026-07-12,80,เรียน ภาษา ญี่ปุ่น ด้วย ตัว เอง n1,41
2026-07-12,81,สอบ jlpt ที่ไหน,41
2026-07-12,82,คอร์ส เรียน ภาษา ญี่ปุ่น a level,40
2026-07-12,83,สนทนา ภาษา ญี่ปุ่น ใน ชีวิต ประ จํา วัน,40
2026-07-12,84,เรียนภาษาญี่ปุ่น ออนไลน์,39
2026-07-12,85,เรียน ภาษา ญี่ปุ่น by click japanese รีวิว,39
2026-07-12,86,เรียน ภาษา ญี่ปุ่น i love japan,39
2026-07-12,87,สอนภาษาญี่ปุ่น สนทนา,39
2026-07-12,88,สอบ jlpt คือ,39
2026-07-12,89,สอบ jlpt ระดับ,39
2026-07-12,90,ข้อสอบ ภาษา ญี่ปุ่น แปล ว่า,39
2026-07-12,91,สอนภาษาญี่ปุ่น n4,38
2026-07-12,92,สอบ jlpt ยาก ไหม,38
2026-07-12,93,สอบ jlpt n2,38
2026-07-12,94,ข้อสอบ ภาษา ญี่ปุ่น เขียน ยัง ไง,38
2026-07-12,95,เรียน ภาษา ญี่ปุ่น japan foundation,37
2026-07-12,96,ไวยากรณ์ ภาษา ญี่ปุ่น ชั้น ต้น,37
2026-07-12,97,เรียน ญี่ปุ่น ที่ไหน,37
2026-07-12,98,สอบ jlpt n3,37
2026-07-12,99,สอบ jlpt ครั้ง แรก,37
2026-07-12,100,เรียน ภาษา ญี่ปุ่น a level,36
2026-07-13,1,คําศัพท์ภาษาญี่ปุ่น nc,291
2026-07-13,2,ข้อสอบภาษาญี่ปุ่น n4,290
2026-07-13,3,สนทนาภาษาญี่ปุ่นพื้นฐาน,284
2026-07-13,4,สนทนาภาษาญี่ปุ่น เบื้องต้น,266
2026-07-13,5,ไวยากรณ์ภาษาญี่ปุ่น n1,251
2026-07-13,6,ข้อสอบ ภาษา ญี่ปุ่น คือ,248
2026-07-13,7,ข้อสอบภาษาญี่ปุ่น n5,244
2026-07-13,8,ข้อสอบ ภาษา ญี่ปุ่น pdf,204
2026-07-13,9,ไวยากรณ์ ภาษา ญี่ปุ่น pantip,196
2026-07-13,10,คําศัพท์ภาษาญี่ปุ่นง่ายๆ,192
2026-07-13,11,คําศัพท์ภาษาญี่ปุ่น n5,191
2026-07-13,12,เรียน ภาษา ญี่ปุ่น ด้วย ตัว เอง รีวิว,190
2026-07-13,13,ภาษา ญี่ปุ่น เบื้องต้น สนทนา,185
2026-07-13,14,คําศัพท์ภาษาญี่ปุ่นเบื้องต้น,172
2026-07-13,15,สนทนาภาษาญี่ปุ่น n4,166
2026-07-13,16,ภาษาญี่ปุ่น เบื้องต้น,163
2026-07-13,17,คอร์ส ภาษา ญี่ปุ่น ราคา,160
2026-07-13,18,คําศัพท์ภาษาญี่ปุ่น n1,156
2026-07-13,19,ภาษา ญี่ปุ่น เบื้องต้น pdf,155
2026-07-13,20,คอร์ส ภาษา ญี่ปุ่น พื้นฐาน,152
2026-07-13,21,ไวยากรณ์ภาษาญี่ปุ่น n4,142
2026-07-13,22,ไวยากรณ์ ภาษา ญี่ปุ่น พื้นฐาน,137
2026-07-13,23,ไวยากรณ์ ภาษา ญี่ปุ่น คือ,137
2026-07-13,24,คอร์ส ภาษา ญี่ปุ่น ฟรี,129
2026-07-13,25,คอร์ส ภาษา ญี่ปุ่น ออนไลน์,128
2026-07-13,26,ไวยากรณ์ ภาษา ญี่ปุ่น ทั้งหมด,124
2026-07-13,27,ไวยากรณ์ ภาษา ญี่ปุ่น เรียก ว่า,123
2026-07-13,28,ไวยากรณ์ ภาษา ญี่ปุ่น pdf,119
2026-07-13,29,สนทนา ภาษา ญี่ปุ่น,114
2026-07-13,30,ข้อสอบ ภาษา ญี่ปุ่น พื้นฐาน,110
2026-07-13,31,เรียนภาษาญี่ปุ่นด้วยตัวเอง,107
2026-07-13,32,ภาษา ญี่ปุ่น เบื้องต้น n5,96
2026-07-13,33,ข้อสอบภาษาญี่ปุ่น,92
2026-07-13,34,คอร์ส เรียน ภาษา ญี่ปุ่น พื้นฐาน,90
2026-07-13,35,สอนภาษาญี่ปุ่นง่ายๆ,89
2026-07-13,36,ภาษาญี่ปุ่นเบื้องต้น พยัญชนะ,89
2026-07-13,37,สนทนาภาษาญี่ปุ่นเบื้องต้น,88
2026-07-13,38,สอนภาษาญี่ปุ่นฟรี,87
2026-07-13,39,คําศัพท์ภาษาญี่ปุ่น n4,84
2026-07-13,40,สอบ jlpt ผ่าน,81
2026-07-13,41,สนทนา ภาษา ญี่ปุ่น พื้นฐาน,80
2026-07-13,42,ข้อสอบ ภาษา ญี่ปุ่น ง่ายๆ,79
2026-07-13,43,ไวยากรณ์ภาษาญี่ปุ่น n5,76
2026-07-13,44,คําศัพท์ภาษาญี่ปุ่น n3,76
2026-07-13,45,ข้อสอบ ภาษา ญี่ปุ่น เบื้องต้น,76
2026-07-13,46,ภาษา ญี่ปุ่น เบื้องต้น ฟรี,76
2026-07-13,47,คอร์ส ภาษา ญี่ปุ่น เบื้องต้น,74
2026-07-13,48,เรียน ภาษา ญี่ปุ่น ด้วย ตัว เอง pantip,71
2026-07-13,49,สอนภาษาญี่ปุ่นพื้นฐาน,70
2026-07-13,50,คอร์ส เรียน ภาษา ญี่ปุ่น พูด,70
2026-07-13,51,ไวยากรณ์ ภาษา ญี่ปุ่น เบื้องต้น,69
2026-07-13,52,เรียน ภาษา ญี่ปุ่น ด้วย ตัว เอง ฟรี,68
2026-07-13,53,คอร์ส เรียน ภาษา ญี่ปุ่น รีวิว,68
2026-07-13,54,ไวยากรณ์ภาษาญี่ปุ่นเบื้องต้น,66
2026-07-13,55,คอร์ส ออนไลน์ สนทนา ภาษา ญี่ปุ่น พูด ได้ ใช้ คล่อง,66
2026-07-13,56,สอบ jlpt pantip,62
2026-07-13,57,ไวยากรณ์ภาษาญี่ปุ่น n2,58
2026-07-13,58,คอร์ส ภาษา ญี่ปุ่น ธุรกิจ,57
2026-07-13,59,ภาษาญี่ปุ่นเบื้องต้น บทที่ 1,54
2026-07-13,60,สอบ jlpt n5,53
2026-07-13,61,เรียนภาษาญี่ปุ่น เด็ก,51
2026-07-13,62,คอร์ส ภาษา ญี่ปุ่น มหิดล,50
2026-07-13,63,ภาษา ญี่ปุ่น เบื้องต้น หนังสือ,50
2026-07-13,64,สอบ jlpt ไม่ ผ่าน,50
2026-07-13,65,คําศัพท์ภาษาญี่ปุ่น n2,48
2026-07-13,66,สอบ jlpt ออนไลน์,48
2026-07-13,67,เรียน ภาษา ญี่ปุ่น by click japanese,47
2026-07-13,68,สอบ jlpt n1,46
2026-07-13,69,ข้อสอบ ภาษา ญี่ปุ่น a level,46
2026-07-13,70,ข้อสอบ ภาษา ญี่ปุ่น พร้อม เฉลย,46
2026-07-13,71,คอร์ส เรียน ภาษา ญี่ปุ่น ราคา,45
2026-07-13,72,สอบ jlpt ยัง ไง,45
2026-07-13,73,เรียน ภาษา ญี่ปุ่น future skill,44
2026-07-13,74,คอร์ส เรียน ภาษา ญี่ปุ่น pantip,44
2026-07-13,75,ไวยากรณ์ ภาษา ญี่ปุ่น เบื้องต้น ฉบับ สมบูรณ์ pdf,43
2026-07-13,76,สอบ jlpt ครั้ง ที่ 1,43
2026-07-13,77,ไวยากรณ์ภาษาญี่ปุ่น n3,41
2026-07-13,78,คอร์ส ภาษา ญี่ปุ่น ออนไลน์ ฟรี,41
2026-07-13,79,ภาษา ญี่ปุ่น เบื้องต้น สวัสดี,41
2026-07-13,80,เรียน ภาษา ญี่ปุ่น ด้วย ตัว เอง n1,41
2026-07-13,81,สอบ jlpt ที่ไหน,41
2026-07-13,82,คอร์ส เรียน ภาษา ญี่ปุ่น a level,40
2026-07-13,83,สนทนา ภาษา ญี่ปุ่น ใน ชีวิต ประ จํา วัน,40
2026-07-13,84,เรียนภาษาญี่ปุ่น ออนไลน์,39
2026-07-13,85,เรียน ภาษา ญี่ปุ่น by click japanese รีวิว,39
2026-07-13,86,เรียน ภาษา ญี่ปุ่น i love japan,39
2026-07-13,87,สอนภาษาญี่ปุ่น สนทนา,39
2026-07-13,88,สอบ jlpt คือ,39
2026-07-13,89,สอบ jlpt ระดับ,39
2026-07-13,90,ข้อสอบ ภาษา ญี่ปุ่น แปล ว่า,39
2026-07-13,91,สอนภาษาญี่ปุ่น n4,38
2026-07-13,92,สอบ jlpt ยาก ไหม,38
2026-07-13,93,สอบ jlpt n2,38
2026-07-13,94,ข้อสอบ ภาษา ญี่ปุ่น เขียน ยัง ไง,38
2026-07-13,95,เรียน ภาษา ญี่ปุ่น japan foundation,37
2026-07-13,96,ไวยากรณ์ ภาษา ญี่ปุ่น ชั้น ต้น,37
2026-07-13,97,เรียน ญี่ปุ่น ที่ไหน,37
2026-07-13,98,สอบ jlpt n3,37
2026-07-13,99,สอบ jlpt ครั้ง แรก,37
2026-07-13,100,เรียน ภาษา ญี่ปุ่น a level,36
2026-07-14,1,คําศัพท์ภาษาญี่ปุ่น nc,291
2026-07-14,2,ข้อสอบภาษาญี่ปุ่น n4,290
2026-07-14,3,สนทนาภาษาญี่ปุ่นพื้นฐาน,284
2026-07-14,4,สนทนาภาษาญี่ปุ่น เบื้องต้น,266
2026-07-14,5,ไวยากรณ์ภาษาญี่ปุ่น n1,251
2026-07-14,6,ข้อสอบ ภาษา ญี่ปุ่น คือ,248
2026-07-14,7,ข้อสอบภาษาญี่ปุ่น n5,244
2026-07-14,8,ข้อสอบ ภาษา ญี่ปุ่น pdf,204
2026-07-14,9,ไวยากรณ์ ภาษา ญี่ปุ่น pantip,196
2026-07-14,10,คําศัพท์ภาษาญี่ปุ่นง่ายๆ,192
2026-07-14,11,คําศัพท์ภาษาญี่ปุ่น n5,191
2026-07-14,12,เรียน ภาษา ญี่ปุ่น ด้วย ตัว เอง รีวิว,190
2026-07-14,13,ภาษา ญี่ปุ่น เบื้องต้น สนทนา,185
2026-07-14,14,คําศัพท์ภาษาญี่ปุ่นเบื้องต้น,172
2026-07-14,15,สนทนาภาษาญี่ปุ่น n4,166
2026-07-14,16,ภาษาญี่ปุ่น เบื้องต้น,163
2026-07-14,17,คอร์ส ภาษา ญี่ปุ่น ราคา,160
2026-07-14,18,คําศัพท์ภาษาญี่ปุ่น n1,156
2026-07-14,19,ภาษา ญี่ปุ่น เบื้องต้น pdf,155
2026-07-14,20,คอร์ส ภาษา ญี่ปุ่น พื้นฐาน,152
2026-07-14,21,ไวยากรณ์ภาษาญี่ปุ่น n4,142
2026-07-14,22,ไวยากรณ์ ภาษา ญี่ปุ่น พื้นฐาน,137
2026-07-14,23,ไวยากรณ์ ภาษา ญี่ปุ่น คือ,137
2026-07-14,24,คอร์ส ภาษา ญี่ปุ่น ฟรี,129
2026-07-14,25,คอร์ส ภาษา ญี่ปุ่น ออนไลน์,128
2026-07-14,26,ไวยากรณ์ ภาษา ญี่ปุ่น ทั้งหมด,124
2026-07-14,27,ไวยากรณ์ ภาษา ญี่ปุ่น เรียก ว่า,123
2026-07-14,28,ไวยากรณ์ ภาษา ญี่ปุ่น pdf,119
2026-07-14,29,สนทนา ภาษา ญี่ปุ่น,114
2026-07-14,30,ข้อสอบ ภาษา ญี่ปุ่น พื้นฐาน,110
2026-07-14,31,เรียนภาษาญี่ปุ่นด้วยตัวเอง,106
2026-07-14,32,ภาษา ญี่ปุ่น เบื้องต้น n5,96
2026-07-14,33,ข้อสอบภาษาญี่ปุ่น,92
2026-07-14,34,คอร์ส เรียน ภาษา ญี่ปุ่น พื้นฐาน,90
2026-07-14,35,สอนภาษาญี่ปุ่นง่ายๆ,89
2026-07-14,36,ภาษาญี่ปุ่นเบื้องต้น พยัญชนะ,89
2026-07-14,37,สนทนาภาษาญี่ปุ่นเบื้องต้น,88
2026-07-14,38,สอนภาษาญี่ปุ่นฟรี,87
2026-07-14,39,คําศัพท์ภาษาญี่ปุ่น n4,84
2026-07-14,40,สอบ jlpt ผ่าน,84
2026-07-14,41,สนทนา ภาษา ญี่ปุ่น พื้นฐาน,80
2026-07-14,42,ข้อสอบ ภาษา ญี่ปุ่น ง่ายๆ,79
2026-07-14,43,ไวยากรณ์ภาษาญี่ปุ่น n5,76
2026-07-14,44,คําศัพท์ภาษาญี่ปุ่น n3,76
2026-07-14,45,ข้อสอบ ภาษา ญี่ปุ่น เบื้องต้น,76
2026-07-14,46,ภาษา ญี่ปุ่น เบื้องต้น ฟรี,76
2026-07-14,47,คอร์ส ภาษา ญี่ปุ่น เบื้องต้น,74
2026-07-14,48,เรียน ภาษา ญี่ปุ่น ด้วย ตัว เอง pantip,71
2026-07-14,49,สอนภาษาญี่ปุ่นพื้นฐาน,70
2026-07-14,50,คอร์ส เรียน ภาษา ญี่ปุ่น พูด,70
2026-07-14,51,ไวยากรณ์ ภาษา ญี่ปุ่น เบื้องต้น,69
2026-07-14,52,เรียน ภาษา ญี่ปุ่น ด้วย ตัว เอง ฟรี,68
2026-07-14,53,คอร์ส เรียน ภาษา ญี่ปุ่น รีวิว,68
2026-07-14,54,สอบ jlpt pantip,68
2026-07-14,55,ไวยากรณ์ภาษาญี่ปุ่นเบื้องต้น,66
2026-07-14,56,คอร์ส ออนไลน์ สนทนา ภาษา ญี่ปุ่น พูด ได้ ใช้ คล่อง,66
2026-07-14,57,ไวยากรณ์ภาษาญี่ปุ่น n2,58
2026-07-14,58,คอร์ส ภาษา ญี่ปุ่น ธุรกิจ,57
2026-07-14,59,ภาษาญี่ปุ่นเบื้องต้น บทที่ 1,54
2026-07-14,60,สอบ jlpt n5,53
2026-07-14,61,เรียนภาษาญี่ปุ่น เด็ก,51
2026-07-14,62,คอร์ส ภาษา ญี่ปุ่น มหิดล,50
2026-07-14,63,ภาษา ญี่ปุ่น เบื้องต้น หนังสือ,50
2026-07-14,64,สอบ jlpt ไม่ ผ่าน,50
2026-07-14,65,คําศัพท์ภาษาญี่ปุ่น n2,48
2026-07-14,66,สอบ jlpt ออนไลน์,48
2026-07-14,67,เรียน ภาษา ญี่ปุ่น by click japanese,47
2026-07-14,68,สอบ jlpt n1,46
2026-07-14,69,ข้อสอบ ภาษา ญี่ปุ่น a level,46
2026-07-14,70,ข้อสอบ ภาษา ญี่ปุ่น พร้อม เฉลย,46
2026-07-14,71,คอร์ส เรียน ภาษา ญี่ปุ่น ราคา,45
2026-07-14,72,สอบ jlpt ยัง ไง,45
2026-07-14,73,เรียน ภาษา ญี่ปุ่น future skill,44
2026-07-14,74,คอร์ส เรียน ภาษา ญี่ปุ่น pantip,44
2026-07-14,75,ไวยากรณ์ ภาษา ญี่ปุ่น เบื้องต้น ฉบับ สมบูรณ์ pdf,43
2026-07-14,76,สอบ jlpt ครั้ง ที่ 1,43
2026-07-14,77,สอบ jlpt n2,42
2026-07-14,78,ไวยากรณ์ภาษาญี่ปุ่น n3,41
2026-07-14,79,คอร์ส ภาษา ญี่ปุ่น ออนไลน์ ฟรี,41
2026-07-14,80,ภาษา ญี่ปุ่น เบื้องต้น สวัสดี,41
2026-07-14,81,เรียน ภาษา ญี่ปุ่น ด้วย ตัว เอง n1,41
2026-07-14,82,สอบ jlpt ที่ไหน,41
2026-07-14,83,คอร์ส เรียน ภาษา ญี่ปุ่น a level,40
2026-07-14,84,สนทนา ภาษา ญี่ปุ่น ใน ชีวิต ประ จํา วัน,40
2026-07-14,85,เรียน ภาษา ญี่ปุ่น by click japanese รีวิว,39
2026-07-14,86,เรียน ภาษา ญี่ปุ่น i love japan,39
2026-07-14,87,สอนภาษาญี่ปุ่น สนทนา,39
2026-07-14,88,สอบ jlpt คือ,39
2026-07-14,89,สอบ jlpt ระดับ,39
2026-07-14,90,ข้อสอบ ภาษา ญี่ปุ่น แปล ว่า,39
2026-07-14,91,เรียนภาษาญี่ปุ่น ออนไลน์,38
2026-07-14,92,สอนภาษาญี่ปุ่น n4,38
2026-07-14,93,สอบ jlpt ยาก ไหม,38
2026-07-14,94,ข้อสอบ ภาษา ญี่ปุ่น เขียน ยัง ไง,38
2026-07-14,95,เรียน ภาษา ญี่ปุ่น japan foundation,37
2026-07-14,96,ไวยากรณ์ ภาษา ญี่ปุ่น ชั้น ต้น,37
2026-07-14,97,เรียน ญี่ปุ่น ที่ไหน,37
2026-07-14,98,สอบ jlpt n3,37
2026-07-14,99,สอบ jlpt ครั้ง แรก,37
2026-07-14,100,เรียน ภาษา ญี่ปุ่น a level,36
2026-07-15,1,ข้อสอบภาษาญี่ปุ่น n4,293
2026-07-15,2,คําศัพท์ภาษาญี่ปุ่น nc,291
2026-07-15,3,สนทนาภาษาญี่ปุ่นพื้นฐาน,284
2026-07-15,4,สนทนาภาษาญี่ปุ่น เบื้องต้น,267
2026-07-15,5,ไวยากรณ์ภาษาญี่ปุ่น n1,251
2026-07-15,6,ข้อสอบ ภาษา ญี่ปุ่น คือ,249
2026-07-15,7,ข้อสอบภาษาญี่ปุ่น n5,248
2026-07-15,8,ข้อสอบ ภาษา ญี่ปุ่น pdf,206
2026-07-15,9,ไวยากรณ์ ภาษา ญี่ปุ่น pantip,196
2026-07-15,10,คําศัพท์ภาษาญี่ปุ่น n5,191
2026-07-15,11,คําศัพท์ภาษาญี่ปุ่นง่ายๆ,191
2026-07-15,12,เรียน ภาษา ญี่ปุ่น ด้วย ตัว เอง รีวิว,189
2026-07-15,13,ภาษา ญี่ปุ่น เบื้องต้น สนทนา,188
2026-07-15,14,คําศัพท์ภาษาญี่ปุ่นเบื้องต้น,170
2026-07-15,15,ภาษาญี่ปุ่น เบื้องต้น,167
2026-07-15,16,สนทนาภาษาญี่ปุ่น n4,166
2026-07-15,17,คอร์ส ภาษา ญี่ปุ่น ราคา,164
2026-07-15,18,คอร์ส ภาษา ญี่ปุ่น พื้นฐาน,162
2026-07-15,19,ไวยากรณ์ภาษาญี่ปุ่น n4,159
2026-07-15,20,ภาษา ญี่ปุ่น เบื้องต้น pdf,157
2026-07-15,21,คําศัพท์ภาษาญี่ปุ่น n1,154
2026-07-15,22,ไวยากรณ์ ภาษา ญี่ปุ่น คือ,137
2026-07-15,23,คอร์ส ภาษา ญี่ปุ่น ฟรี,136
2026-07-15,24,คอร์ส ภาษา ญี่ปุ่น ออนไลน์,136
2026-07-15,25,ไวยากรณ์ ภาษา ญี่ปุ่น พื้นฐาน,134
2026-07-15,26,ไวยากรณ์ ภาษา ญี่ปุ่น ทั้งหมด,124
2026-07-15,27,ไวยากรณ์ ภาษา ญี่ปุ่น เรียก ว่า,122
2026-07-15,28,สนทนา ภาษา ญี่ปุ่น,114
2026-07-15,29,ข้อสอบ ภาษา ญี่ปุ่น พื้นฐาน,110
2026-07-15,30,เรียนภาษาญี่ปุ่นด้วยตัวเอง,107
2026-07-15,31,ไวยากรณ์ ภาษา ญี่ปุ่น pdf,103
2026-07-15,32,ภาษาญี่ปุ่นเบื้องต้น พยัญชนะ,99
2026-07-15,33,ภาษา ญี่ปุ่น เบื้องต้น n5,96
2026-07-15,34,ข้อสอบภาษาญี่ปุ่น,93
2026-07-15,35,คอร์ส เรียน ภาษา ญี่ปุ่น พื้นฐาน,91
2026-07-15,36,สอนภาษาญี่ปุ่นง่ายๆ,89
2026-07-15,37,สนทนาภาษาญี่ปุ่นเบื้องต้น,88
2026-07-15,38,สอนภาษาญี่ปุ่นฟรี,86
2026-07-15,39,คําศัพท์ภาษาญี่ปุ่น n4,83
2026-07-15,40,สนทนา ภาษา ญี่ปุ่น พื้นฐาน,81
2026-07-15,41,สอบ jlpt ผ่าน,81
2026-07-15,42,ข้อสอบ ภาษา ญี่ปุ่น ง่ายๆ,79
2026-07-15,43,สอนภาษาญี่ปุ่นพื้นฐาน,77
2026-07-15,44,ไวยากรณ์ภาษาญี่ปุ่น n5,76
2026-07-15,45,ข้อสอบ ภาษา ญี่ปุ่น เบื้องต้น,76
2026-07-15,46,ภาษา ญี่ปุ่น เบื้องต้น ฟรี,76
2026-07-15,47,ไวยากรณ์ภาษาญี่ปุ่นเบื้องต้น,75
2026-07-15,48,คําศัพท์ภาษาญี่ปุ่น n3,75
2026-07-15,49,คอร์ส ภาษา ญี่ปุ่น เบื้องต้น,74
2026-07-15,50,คอร์ส เรียน ภาษา ญี่ปุ่น พูด,71
2026-07-15,51,เรียน ภาษา ญี่ปุ่น ด้วย ตัว เอง pantip,70
2026-07-15,52,คอร์ส เรียน ภาษา ญี่ปุ่น รีวิว,70
2026-07-15,53,สอบ jlpt pantip,70
2026-07-15,54,เรียน ภาษา ญี่ปุ่น ด้วย ตัว เอง ฟรี,68
2026-07-15,55,คอร์ส ออนไลน์ สนทนา ภาษา ญี่ปุ่น พูด ได้ ใช้ คล่อง,67
2026-07-15,56,คอร์ส ภาษา ญี่ปุ่น ธุรกิจ,67
2026-07-15,57,ไวยากรณ์ ภาษา ญี่ปุ่น เบื้องต้น,65
2026-07-15,58,ไวยากรณ์ภาษาญี่ปุ่น n2,58
2026-07-15,59,ไวยากรณ์ภาษาญี่ปุ่น n3,56
2026-07-15,60,สอบ jlpt ยาก ไหม,54
2026-07-15,61,สอบ jlpt ยัง ไง,54
2026-07-15,62,คําศัพท์ภาษาญี่ปุ่น n2,51
2026-07-15,63,ภาษาญี่ปุ่นเบื้องต้น บทที่ 1,51
2026-07-15,64,ภาษา ญี่ปุ่น เบื้องต้น หนังสือ,51
2026-07-15,65,สอบ jlpt ไม่ ผ่าน,50
2026-07-15,66,เรียนภาษาญี่ปุ่น เด็ก,49
2026-07-15,67,สอบ jlpt n5,48
2026-07-15,68,สอบ jlpt ออนไลน์,48
2026-07-15,69,เรียน ภาษา ญี่ปุ่น by click japanese,47
2026-07-15,70,ข้อสอบ ภาษา ญี่ปุ่น พร้อม เฉลย,47
2026-07-15,71,สอบ jlpt n1,46
2026-07-15,72,ข้อสอบ ภาษา ญี่ปุ่น a level,46
2026-07-15,73,คอร์ส เรียน ภาษา ญี่ปุ่น ราคา,45
2026-07-15,74,เรียน ภาษา ญี่ปุ่น future skill,44
2026-07-15,75,คอร์ส เรียน ภาษา ญี่ปุ่น pantip,44
2026-07-15,76,ไวยากรณ์ ภาษา ญี่ปุ่น เบื้องต้น ฉบับ สมบูรณ์ pdf,44
2026-07-15,77,สอบ jlpt ครั้ง ที่ 1,43
2026-07-15,78,คอร์ส ภาษา ญี่ปุ่น มหิดล,42
2026-07-15,79,ภาษา ญี่ปุ่น เบื้องต้น สวัสดี,42
2026-07-15,80,เรียน ภาษา ญี่ปุ่น ด้วย ตัว เอง n1,42
2026-07-15,81,คอร์ส ภาษา ญี่ปุ่น ออนไลน์ ฟรี,41
2026-07-15,82,สอบ jlpt คือ,41
2026-07-15,83,คอร์ส เรียน ภาษา ญี่ปุ่น a level,40
2026-07-15,84,เรียน ภาษา ญี่ปุ่น i love japan,40
2026-07-15,85,สอนภาษาญี่ปุ่น n4,40
2026-07-15,86,สนทนา ภาษา ญี่ปุ่น ใน ชีวิต ประ จํา วัน,40
2026-07-15,87,เรียน ภาษา ญี่ปุ่น by click japanese รีวิว,39
2026-07-15,88,เรียน ภาษา ญี่ปุ่น by eri,39
2026-07-15,89,สอนภาษาญี่ปุ่น สนทนา,39
2026-07-15,90,สอบ jlpt ระดับ,39
2026-07-15,91,ข้อสอบ ภาษา ญี่ปุ่น แปล ว่า,39
2026-07-15,92,เรียนภาษาญี่ปุ่น ออนไลน์,38
2026-07-15,93,โรงเรียน สอน ภาษา ญี่ปุ่น ichiban japanese language center,38
2026-07-15,94,สอบ jlpt ที่ไหน,38
2026-07-15,95,สอบ jlpt n2,38
2026-07-15,96,ข้อสอบ ภาษา ญี่ปุ่น เขียน ยัง ไง,38
2026-07-15,97,ไวยากรณ์ ภาษา ญี่ปุ่น ชั้น ต้น,37
2026-07-15,98,เรียน ญี่ปุ่น ที่ไหน,37
2026-07-15,99,สอบ jlpt ครั้ง แรก,37
2026-07-15,100,เรียน ภาษา ญี่ปุ่น a level,36
2026-07-16,1,สนทนาภาษาญี่ปุ่นพื้นฐาน,284
2026-07-16,2,คําศัพท์ภาษาญี่ปุ่น nc,281
2026-07-16,3,ข้อสอบภาษาญี่ปุ่น n4,281
2026-07-16,4,สนทนาภาษาญี่ปุ่น เบื้องต้น,267
2026-07-16,5,ข้อสอบ ภาษา ญี่ปุ่น คือ,241
2026-07-16,6,ข้อสอบภาษาญี่ปุ่น n5,235
2026-07-16,7,ไวยากรณ์ภาษาญี่ปุ่น n1,234
2026-07-16,8,ข้อสอบ ภาษา ญี่ปุ่น pdf,203
2026-07-16,9,ไวยากรณ์ ภาษา ญี่ปุ่น pantip,197
2026-07-16,10,คําศัพท์ภาษาญี่ปุ่น n5,191
2026-07-16,11,คําศัพท์ภาษาญี่ปุ่นง่ายๆ,182
2026-07-16,12,ภาษา ญี่ปุ่น เบื้องต้น สนทนา,180
2026-07-16,13,เรียน ภาษา ญี่ปุ่น ด้วย ตัว เอง รีวิว,179
2026-07-16,14,สนทนาภาษาญี่ปุ่น n4,166
2026-07-16,15,คอร์ส ภาษา ญี่ปุ่น ราคา,163
2026-07-16,16,คําศัพท์ภาษาญี่ปุ่นเบื้องต้น,162
2026-07-16,17,คอร์ส ภาษา ญี่ปุ่น พื้นฐาน,162
2026-07-16,18,ภาษาญี่ปุ่น เบื้องต้น,156
2026-07-16,19,คําศัพท์ภาษาญี่ปุ่น n1,154
2026-07-16,20,ภาษา ญี่ปุ่น เบื้องต้น pdf,151
2026-07-16,21,ไวยากรณ์ภาษาญี่ปุ่น n4,150
2026-07-16,22,คอร์ส ภาษา ญี่ปุ่น ฟรี,136
2026-07-16,23,คอร์ส ภาษา ญี่ปุ่น ออนไลน์,136
2026-07-16,24,ไวยากรณ์ ภาษา ญี่ปุ่น พื้นฐาน,129
2026-07-16,25,ไวยากรณ์ ภาษา ญี่ปุ่น คือ,127
2026-07-16,26,ไวยากรณ์ ภาษา ญี่ปุ่น ทั้งหมด,125
2026-07-16,27,สนทนา ภาษา ญี่ปุ่น,114
2026-07-16,28,ไวยากรณ์ ภาษา ญี่ปุ่น เรียก ว่า,108
2026-07-16,29,ข้อสอบ ภาษา ญี่ปุ่น พื้นฐาน,104
2026-07-16,30,เรียนภาษาญี่ปุ่นด้วยตัวเอง,102
2026-07-16,31,ไวยากรณ์ ภาษา ญี่ปุ่น pdf,97
2026-07-16,32,ภาษา ญี่ปุ่น เบื้องต้น n5,96
2026-07-16,33,ข้อสอบภาษาญี่ปุ่น,92
2026-07-16,34,คอร์ส เรียน ภาษา ญี่ปุ่น พื้นฐาน,91
2026-07-16,35,ภาษาญี่ปุ่นเบื้องต้น พยัญชนะ,91
2026-07-16,36,สนทนาภาษาญี่ปุ่นเบื้องต้น,88
2026-07-16,37,คําศัพท์ภาษาญี่ปุ่น n4,83
2026-07-16,38,สนทนา ภาษา ญี่ปุ่น พื้นฐาน,81
2026-07-16,39,สอนภาษาญี่ปุ่นง่ายๆ,80
2026-07-16,40,สอบ jlpt ผ่าน,80
2026-07-16,41,สอนภาษาญี่ปุ่นฟรี,78
2026-07-16,42,ข้อสอบ ภาษา ญี่ปุ่น เบื้องต้น,76
2026-07-16,43,ภาษา ญี่ปุ่น เบื้องต้น ฟรี,76
2026-07-16,44,ไวยากรณ์ภาษาญี่ปุ่นเบื้องต้น,75
2026-07-16,45,คําศัพท์ภาษาญี่ปุ่น n3,75
2026-07-16,46,คอร์ส ภาษา ญี่ปุ่น เบื้องต้น,74
2026-07-16,47,ไวยากรณ์ ภาษา ญี่ปุ่น เบื้องต้น,73
2026-07-16,48,ข้อสอบ ภาษา ญี่ปุ่น ง่ายๆ,71
2026-07-16,49,คอร์ส เรียน ภาษา ญี่ปุ่น พูด,70
2026-07-16,50,คอร์ส เรียน ภาษา ญี่ปุ่น รีวิว,69
2026-07-16,51,สอบ jlpt pantip,69
2026-07-16,52,เรียน ภาษา ญี่ปุ่น ด้วย ตัว เอง ฟรี,68
2026-07-16,53,ไวยากรณ์ภาษาญี่ปุ่น n5,68
2026-07-16,54,คอร์ส ภาษา ญี่ปุ่น ธุรกิจ,67
2026-07-16,55,คอร์ส ออนไลน์ สนทนา ภาษา ญี่ปุ่น พูด ได้ ใช้ คล่อง,66
2026-07-16,56,สอนภาษาญี่ปุ่นพื้นฐาน,65
2026-07-16,57,เรียน ภาษา ญี่ปุ่น ด้วย ตัว เอง pantip,63
2026-07-16,58,ไวยากรณ์ภาษาญี่ปุ่น n2,58
2026-07-16,59,ไวยากรณ์ภาษาญี่ปุ่น n3,56
2026-07-16,60,สอบ jlpt n5,54
2026-07-16,61,สอบ jlpt ยาก ไหม,54
2026-07-16,62,สอบ jlpt ยัง ไง,54
2026-07-16,63,คําศัพท์ภาษาญี่ปุ่น n2,51
2026-07-16,64,ภาษา ญี่ปุ่น เบื้องต้น หนังสือ,51
2026-07-16,65,สอบ jlpt ไม่ ผ่าน,50
2026-07-16,66,เรียนภาษาญี่ปุ่น เด็ก,49
2026-07-16,67,สอบ jlpt ออนไลน์,48
2026-07-16,68,เรียน ภาษา ญี่ปุ่น by click japanese,47
2026-07-16,69,ข้อสอบ ภาษา ญี่ปุ่น พร้อม เฉลย,47
2026-07-16,70,ข้อสอบ ภาษา ญี่ปุ่น a level,46
2026-07-16,71,คอร์ส เรียน ภาษา ญี่ปุ่น ราคา,45
2026-07-16,72,สอบ jlpt ที่ไหน,45
2026-07-16,73,สอบ jlpt n1,45
2026-07-16,74,เรียน ภาษา ญี่ปุ่น future skill,44
2026-07-16,75,คอร์ส เรียน ภาษา ญี่ปุ่น pantip,44
2026-07-16,76,ไวยากรณ์ ภาษา ญี่ปุ่น เบื้องต้น ฉบับ สมบูรณ์ pdf,44
2026-07-16,77,ภาษาญี่ปุ่นเบื้องต้น บทที่ 1,43
2026-07-16,78,สอบ jlpt ครั้ง ที่ 1,43
2026-07-16,79,คอร์ส ภาษา ญี่ปุ่น มหิดล,42
2026-07-16,80,ภาษา ญี่ปุ่น เบื้องต้น สวัสดี,42
2026-07-16,81,คอร์ส ภาษา ญี่ปุ่น ออนไลน์ ฟรี,41
2026-07-16,82,คอร์ส เรียน ภาษา ญี่ปุ่น a level,40
2026-07-16,83,เรียน ภาษา ญี่ปุ่น i love japan,40
2026-07-16,84,สอนภาษาญี่ปุ่น n4,40
2026-07-16,85,สนทนา ภาษา ญี่ปุ่น ใน ชีวิต ประ จํา วัน,40
2026-07-16,86,เรียน ภาษา ญี่ปุ่น by click japanese รีวิว,39
2026-07-16,87,เรียน ภาษา ญี่ปุ่น by eri,39
2026-07-16,88,สอนภาษาญี่ปุ่น สนทนา,39
2026-07-16,89,สอบ jlpt ระดับ,39
2026-07-16,90,ข้อสอบ ภาษา ญี่ปุ่น แปล ว่า,39
2026-07-16,91,เรียนภาษาญี่ปุ่น ออนไลน์,38
2026-07-16,92,โรงเรียน สอน ภาษา ญี่ปุ่น ichiban japanese language center,38
2026-07-16,93,ข้อสอบ ภาษา ญี่ปุ่น เขียน ยัง ไง,38
2026-07-16,94,ไวยากรณ์ ภาษา ญี่ปุ่น ชั้น ต้น,37
2026-07-16,95,เรียน ญี่ปุ่น ที่ไหน,37
2026-07-16,96,สอบ jlpt คือ,37
2026-07-16,97,สอบ jlpt ครั้ง แรก,37
2026-07-16,98,สอบ jlpt n2,37
2026-07-16,99,เรียน ภาษา ญี่ปุ่น a level,36
2026-07-16,100,เรียน ภาษา ญี่ปุ่น japan foundation,36
2026-07-17,1,คําศัพท์ภาษาญี่ปุ่น nc,291
2026-07-17,2,สนทนาภาษาญี่ปุ่นพื้นฐาน,284
2026-07-17,3,สนทนาภาษาญี่ปุ่น เบื้องต้น,259
2026-07-17,4,ข้อสอบภาษาญี่ปุ่น n4,254
2026-07-17,5,ไวยากรณ์ภาษาญี่ปุ่น n1,241
2026-07-17,6,ข้อสอบ ภาษา ญี่ปุ่น คือ,221
2026-07-17,7,ข้อสอบภาษาญี่ปุ่น n5,218
2026-07-17,8,ไวยากรณ์ ภาษา ญี่ปุ่น pantip,196
2026-07-17,9,คําศัพท์ภาษาญี่ปุ่น n5,191
2026-07-17,10,คําศัพท์ภาษาญี่ปุ่นง่ายๆ,185
2026-07-17,11,ภาษา ญี่ปุ่น เบื้องต้น สนทนา,180
2026-07-17,12,ข้อสอบ ภาษา ญี่ปุ่น pdf,173
2026-07-17,13,เรียน ภาษา ญี่ปุ่น ด้วย ตัว เอง รีวิว,170
2026-07-17,14,คําศัพท์ภาษาญี่ปุ่นเบื้องต้น,163
2026-07-17,15,คอร์ส ภาษา ญี่ปุ่น ราคา,163
2026-07-17,16,คอร์ส ภาษา ญี่ปุ่น พื้นฐาน,162
2026-07-17,17,สนทนาภาษาญี่ปุ่น n4,160
2026-07-17,18,คําศัพท์ภาษาญี่ปุ่น n1,154
2026-07-17,19,ภาษาญี่ปุ่น เบื้องต้น,151
2026-07-17,20,ไวยากรณ์ภาษาญี่ปุ่น n4,150
2026-07-17,21,ภาษา ญี่ปุ่น เบื้องต้น pdf,137
2026-07-17,22,ไวยากรณ์ ภาษา ญี่ปุ่น คือ,137
2026-07-17,23,คอร์ส ภาษา ญี่ปุ่น ฟรี,130
2026-07-17,24,คอร์ส ภาษา ญี่ปุ่น ออนไลน์,129
2026-07-17,25,ไวยากรณ์ ภาษา ญี่ปุ่น พื้นฐาน,126
2026-07-17,26,ไวยากรณ์ ภาษา ญี่ปุ่น ทั้งหมด,124
2026-07-17,27,ไวยากรณ์ ภาษา ญี่ปุ่น เรียก ว่า,122
2026-07-17,28,สนทนา ภาษา ญี่ปุ่น,114
2026-07-17,29,ข้อสอบ ภาษา ญี่ปุ่น พื้นฐาน,105
2026-07-17,30,ไวยากรณ์ ภาษา ญี่ปุ่น pdf,103
2026-07-17,31,ภาษาญี่ปุ่นเบื้องต้น พยัญชนะ,92
2026-07-17,32,เรียนภาษาญี่ปุ่นด้วยตัวเอง,91
2026-07-17,33,คอร์ส เรียน ภาษา ญี่ปุ่น พื้นฐาน,91
2026-07-17,34,สอนภาษาญี่ปุ่นง่ายๆ,89
2026-07-17,35,สนทนาภาษาญี่ปุ่นเบื้องต้น,88
2026-07-17,36,สอนภาษาญี่ปุ่นฟรี,86
2026-07-17,37,คําศัพท์ภาษาญี่ปุ่น n4,83
2026-07-17,38,สอบ jlpt ผ่าน,81
2026-07-17,39,ภาษา ญี่ปุ่น เบื้องต้น n5,78
2026-07-17,40,สอนภาษาญี่ปุ่นพื้นฐาน,77
2026-07-17,41,ข้อสอบภาษาญี่ปุ่น,77
2026-07-17,42,ไวยากรณ์ภาษาญี่ปุ่น n5,76
2026-07-17,43,ไวยากรณ์ภาษาญี่ปุ่นเบื้องต้น,75
2026-07-17,44,คําศัพท์ภาษาญี่ปุ่น n3,75
2026-07-17,45,สนทนา ภาษา ญี่ปุ่น พื้นฐาน,74
2026-07-17,46,ข้อสอบ ภาษา ญี่ปุ่น ง่ายๆ,72
2026-07-17,47,สอบ jlpt pantip,71
2026-07-17,48,คอร์ส เรียน ภาษา ญี่ปุ่น พูด,70
2026-07-17,49,ภาษา ญี่ปุ่น เบื้องต้น ฟรี,70
2026-07-17,50,คอร์ส ภาษา ญี่ปุ่น เบื้องต้น,69
2026-07-17,51,คอร์ส เรียน ภาษา ญี่ปุ่น รีวิว,69
2026-07-17,52,เรียน ภาษา ญี่ปุ่น ด้วย ตัว เอง ฟรี,68
2026-07-17,53,คอร์ส ภาษา ญี่ปุ่น ธุรกิจ,67
2026-07-17,54,คอร์ส ออนไลน์ สนทนา ภาษา ญี่ปุ่น พูด ได้ ใช้ คล่อง,66
2026-07-17,55,ไวยากรณ์ ภาษา ญี่ปุ่น เบื้องต้น,65
2026-07-17,56,ข้อสอบ ภาษา ญี่ปุ่น เบื้องต้น,65
2026-07-17,57,เรียน ภาษา ญี่ปุ่น ด้วย ตัว เอง pantip,63
2026-07-17,58,สอบ jlpt n5,54
2026-07-17,59,สอบ jlpt ยาก ไหม,54
2026-07-17,60,สอบ jlpt ยัง ไง,54
2026-07-17,61,ไวยากรณ์ภาษาญี่ปุ่น n2,52
2026-07-17,62,คําศัพท์ภาษาญี่ปุ่น n2,51
2026-07-17,63,ภาษา ญี่ปุ่น เบื้องต้น หนังสือ,51
2026-07-17,64,สอบ jlpt ไม่ ผ่าน,50
2026-07-17,65,เรียนภาษาญี่ปุ่น เด็ก,49
2026-07-17,66,ไวยากรณ์ภาษาญี่ปุ่น n3,49
2026-07-17,67,สอบ jlpt ออนไลน์,48
2026-07-17,68,เรียน ภาษา ญี่ปุ่น by click japanese,47
2026-07-17,69,ภาษาญี่ปุ่นเบื้องต้น บทที่ 1,47
2026-07-17,70,ข้อสอบ ภาษา ญี่ปุ่น พร้อม เฉลย,47
2026-07-17,71,คอร์ส เรียน ภาษา ญี่ปุ่น ราคา,45
2026-07-17,72,สอบ jlpt n1,45
2026-07-17,73,เรียน ภาษา ญี่ปุ่น future skill,44
2026-07-17,74,คอร์ส เรียน ภาษา ญี่ปุ่น pantip,44
2026-07-17,75,ไวยากรณ์ ภาษา ญี่ปุ่น เบื้องต้น ฉบับ สมบูรณ์ pdf,44
2026-07-17,76,สอบ jlpt ครั้ง ที่ 1,43
2026-07-17,77,คอร์ส ภาษา ญี่ปุ่น มหิดล,42
2026-07-17,78,ภาษา ญี่ปุ่น เบื้องต้น สวัสดี,42
2026-07-17,79,คอร์ส ภาษา ญี่ปุ่น ออนไลน์ ฟรี,41
2026-07-17,80,คอร์ส เรียน ภาษา ญี่ปุ่น a level,40
2026-07-17,81,เรียน ภาษา ญี่ปุ่น i love japan,40
2026-07-17,82,สอนภาษาญี่ปุ่น n4,40
2026-07-17,83,สนทนา ภาษา ญี่ปุ่น ใน ชีวิต ประ จํา วัน,40
2026-07-17,84,เรียน ภาษา ญี่ปุ่น by click japanese รีวิว,39
2026-07-17,85,เรียน ภาษา ญี่ปุ่น by eri,39
2026-07-17,86,สอนภาษาญี่ปุ่น สนทนา,39
2026-07-17,87,สอบ jlpt ระดับ,39
2026-07-17,88,ข้อสอบ ภาษา ญี่ปุ่น แปล ว่า,39
2026-07-17,89,เรียนภาษาญี่ปุ่น ออนไลน์,38
2026-07-17,90,โรงเรียน สอน ภาษา ญี่ปุ่น ichiban japanese language center,38
2026-07-17,91,สอบ jlpt n2,38
2026-07-17,92,ข้อสอบ ภาษา ญี่ปุ่น เขียน ยัง ไง,38
2026-07-17,93,ไวยากรณ์ ภาษา ญี่ปุ่น ชั้น ต้น,37
2026-07-17,94,เรียน ญี่ปุ่น ที่ไหน,37
2026-07-17,95,สอบ jlpt คือ,37
2026-07-17,96,สอบ jlpt ครั้ง แรก,37
2026-07-17,97,เรียน ภาษา ญี่ปุ่น a level,36
2026-07-17,98,เรียน ภาษา ญี่ปุ่น japan foundation,36
2026-07-17,99,คอร์ส ภาษา ญี่ปุ่น n4,36
2026-07-17,100,สอบ jlpt ที่ไหน,35
2026-07-18,1,ข้อสอบภาษาญี่ปุ่น n4,290
2026-07-18,2,คําศัพท์ภาษาญี่ปุ่น nc,287
2026-07-18,3,สนทนาภาษาญี่ปุ่นพื้นฐาน,274
2026-07-18,4,สนทนาภาษาญี่ปุ่น เบื้องต้น,258
2026-07-18,5,ไวยากรณ์ภาษาญี่ปุ่น n1,251
2026-07-18,6,ข้อสอบ ภาษา ญี่ปุ่น คือ,248
2026-07-18,7,ข้อสอบภาษาญี่ปุ่น n5,245
2026-07-18,8,ข้อสอบ ภาษา ญี่ปุ่น pdf,203
2026-07-18,9,ไวยากรณ์ ภาษา ญี่ปุ่น pantip,196
2026-07-18,10,คําศัพท์ภาษาญี่ปุ่น n5,189
2026-07-18,11,เรียน ภาษา ญี่ปุ่น ด้วย ตัว เอง รีวิว,189
2026-07-18,12,คําศัพท์ภาษาญี่ปุ่นง่ายๆ,188
2026-07-18,13,ภาษา ญี่ปุ่น เบื้องต้น สนทนา,187
2026-07-18,14,คําศัพท์ภาษาญี่ปุ่นเบื้องต้น,168
2026-07-18,15,ภาษาญี่ปุ่น เบื้องต้น,166
2026-07-18,16,คอร์ส ภาษา ญี่ปุ่น ราคา,162
2026-07-18,17,คอร์ส ภาษา ญี่ปุ่น พื้นฐาน,161
2026-07-18,18,ไวยากรณ์ภาษาญี่ปุ่น n4,159
2026-07-18,19,สนทนาภาษาญี่ปุ่น n4,158
2026-07-18,20,ภาษา ญี่ปุ่น เบื้องต้น pdf,157
2026-07-18,21,คําศัพท์ภาษาญี่ปุ่น n1,151
2026-07-18,22,ไวยากรณ์ ภาษา ญี่ปุ่น คือ,138
2026-07-18,23,คอร์ส ภาษา ญี่ปุ่น ฟรี,136
2026-07-18,24,คอร์ส ภาษา ญี่ปุ่น ออนไลน์,136
2026-07-18,25,ไวยากรณ์ ภาษา ญี่ปุ่น พื้นฐาน,134
2026-07-18,26,ไวยากรณ์ ภาษา ญี่ปุ่น ทั้งหมด,125
2026-07-18,27,ไวยากรณ์ ภาษา ญี่ปุ่น เรียก ว่า,122
2026-07-18,28,คําศัพท์ภาษาญี่ปุ่นพื้นฐาน,117
2026-07-18,29,สนทนา ภาษา ญี่ปุ่น,114
2026-07-18,30,ข้อสอบ ภาษา ญี่ปุ่น พื้นฐาน,110
2026-07-18,31,เรียนภาษาญี่ปุ่นด้วยตัวเอง,107
2026-07-18,32,ไวยากรณ์ ภาษา ญี่ปุ่น pdf,103
2026-07-18,33,ภาษาญี่ปุ่นเบื้องต้น พยัญชนะ,100
2026-07-18,34,ภาษา ญี่ปุ่น เบื้องต้น n5,96
2026-07-18,35,ข้อสอบภาษาญี่ปุ่น,92
2026-07-18,36,สอนภาษาญี่ปุ่นง่ายๆ,91
2026-07-18,37,คอร์ส เรียน ภาษา ญี่ปุ่น พื้นฐาน,91
2026-07-18,38,สอนภาษาญี่ปุ่นฟรี,88
2026-07-18,39,สนทนาภาษาญี่ปุ่นเบื้องต้น,88
2026-07-18,40,คําศัพท์ภาษาญี่ปุ่น n4,81
2026-07-18,41,สนทนา ภาษา ญี่ปุ่น พื้นฐาน,81
2026-07-18,42,สอบ jlpt ผ่าน,81
2026-07-18,43,ข้อสอบ ภาษา ญี่ปุ่น ง่ายๆ,79
2026-07-18,44,สอนภาษาญี่ปุ่นพื้นฐาน,77
2026-07-18,45,ไวยากรณ์ภาษาญี่ปุ่น n5,76
2026-07-18,46,ข้อสอบ ภาษา ญี่ปุ่น เบื้องต้น,76
2026-07-18,47,ภาษา ญี่ปุ่น เบื้องต้น ฟรี,76
2026-07-18,48,ไวยากรณ์ภาษาญี่ปุ่นเบื้องต้น,75
2026-07-18,49,คําศัพท์ภาษาญี่ปุ่น n3,74
2026-07-18,50,คอร์ส ภาษา ญี่ปุ่น เบื้องต้น,74
2026-07-18,51,เรียน ภาษา ญี่ปุ่น ด้วย ตัว เอง pantip,70
2026-07-18,52,คอร์ส เรียน ภาษา ญี่ปุ่น พูด,70
2026-07-18,53,สอบ jlpt pantip,70
2026-07-18,54,คอร์ส เรียน ภาษา ญี่ปุ่น รีวิว,69
2026-07-18,55,เรียน ภาษา ญี่ปุ่น ด้วย ตัว เอง ฟรี,68
2026-07-18,56,คอร์ส ออนไลน์ สนทนา ภาษา ญี่ปุ่น พูด ได้ ใช้ คล่อง,66
2026-07-18,57,คอร์ส ภาษา ญี่ปุ่น ธุรกิจ,66
2026-07-18,58,ไวยากรณ์ ภาษา ญี่ปุ่น เบื้องต้น,65
2026-07-18,59,ไวยากรณ์ภาษาญี่ปุ่น n2,58
2026-07-18,60,ไวยากรณ์ภาษาญี่ปุ่น n3,56
2026-07-18,61,สอบ jlpt n5,55
2026-07-18,62,สอบ jlpt ยาก ไหม,54
2026-07-18,63,สอบ jlpt ยัง ไง,54
2026-07-18,64,ภาษาญี่ปุ่นเบื้องต้น บทที่ 1,51
2026-07-18,65,ภาษา ญี่ปุ่น เบื้องต้น หนังสือ,51
2026-07-18,66,คําศัพท์ภาษาญี่ปุ่น n2,50
2026-07-18,67,สอบ jlpt ไม่ ผ่าน,50
2026-07-18,68,เรียนภาษาญี่ปุ่น เด็ก,49
2026-07-18,69,สอบ jlpt ออนไลน์,48
2026-07-18,70,เรียน ภาษา ญี่ปุ่น by click japanese,47
2026-07-18,71,ข้อสอบ ภาษา ญี่ปุ่น พร้อม เฉลย,47
2026-07-18,72,สอบ jlpt ที่ไหน,46
2026-07-18,73,ข้อสอบ ภาษา ญี่ปุ่น a level,46
2026-07-18,74,คอร์ส เรียน ภาษา ญี่ปุ่น ราคา,45
2026-07-18,75,สอบ jlpt n1,45
2026-07-18,76,เรียน ภาษา ญี่ปุ่น future skill,44
2026-07-18,77,คอร์ส เรียน ภาษา ญี่ปุ่น pantip,44
2026-07-18,78,ไวยากรณ์ ภาษา ญี่ปุ่น เบื้องต้น ฉบับ สมบูรณ์ pdf,44
2026-07-18,79,สอบ jlpt ครั้ง ที่ 1,43
2026-07-18,80,คอร์ส ภาษา ญี่ปุ่น มหิดล,42
2026-07-18,81,ภาษา ญี่ปุ่น เบื้องต้น สวัสดี,42
2026-07-18,82,เรียน ภาษา ญี่ปุ่น ด้วย ตัว เอง n1,42
2026-07-18,83,คอร์ส ภาษา ญี่ปุ่น ออนไลน์ ฟรี,41
2026-07-18,84,คอร์ส เรียน ภาษา ญี่ปุ่น a level,40
2026-07-18,85,เรียน ภาษา ญี่ปุ่น i love japan,40
2026-07-18,86,สอนภาษาญี่ปุ่น n4,40
2026-07-18,87,สนทนา ภาษา ญี่ปุ่น ใน ชีวิต ประ จํา วัน,40
2026-07-18,88,เรียน ภาษา ญี่ปุ่น by click japanese รีวิว,39
2026-07-18,89,เรียน ภาษา ญี่ปุ่น by eri,39
2026-07-18,90,สอนภาษาญี่ปุ่น สนทนา,39
2026-07-18,91,สอบ jlpt ระดับ,39
2026-07-18,92,ข้อสอบ ภาษา ญี่ปุ่น แปล ว่า,39
2026-07-18,93,เรียนภาษาญี่ปุ่น ออนไลน์,38
2026-07-18,94,โรงเรียน สอน ภาษา ญี่ปุ่น ichiban japanese language center,38
2026-07-18,95,สอบ jlpt คือ,38
2026-07-18,96,สอบ jlpt n2,38
2026-07-18,97,ข้อสอบ ภาษา ญี่ปุ่น เขียน ยัง ไง,38
2026-07-18,98,ไวยากรณ์ ภาษา ญี่ปุ่น ชั้น ต้น,37
2026-07-18,99,เรียน ญี่ปุ่น ที่ไหน,37
2026-07-18,100,สอบ jlpt ครั้ง แรก,37
2026-07-19,1,ข้อสอบภาษาญี่ปุ่น n4,290
2026-07-19,2,คําศัพท์ภาษาญี่ปุ่น nc,287
2026-07-19,3,สนทนาภาษาญี่ปุ่นพื้นฐาน,284
2026-07-19,4,สนทนาภาษาญี่ปุ่น เบื้องต้น,267
2026-07-19,5,ไวยากรณ์ภาษาญี่ปุ่น n1,251
2026-07-19,6,ข้อสอบ ภาษา ญี่ปุ่น คือ,248
2026-07-19,7,ข้อสอบภาษาญี่ปุ่น n5,245
2026-07-19,8,ข้อสอบ ภาษา ญี่ปุ่น pdf,203
2026-07-19,9,ไวยากรณ์ ภาษา ญี่ปุ่น pantip,196
2026-07-19,10,คําศัพท์ภาษาญี่ปุ่น n5,189
2026-07-19,11,เรียน ภาษา ญี่ปุ่น ด้วย ตัว เอง รีวิว,189
2026-07-19,12,คําศัพท์ภาษาญี่ปุ่นง่ายๆ,188
2026-07-19,13,ภาษา ญี่ปุ่น เบื้องต้น สนทนา,187
2026-07-19,14,คําศัพท์ภาษาญี่ปุ่นเบื้องต้น,168
2026-07-19,15,ภาษาญี่ปุ่น เบื้องต้น,166
2026-07-19,16,สนทนาภาษาญี่ปุ่น n4,166
2026-07-19,17,คอร์ส ภาษา ญี่ปุ่น ราคา,164
2026-07-19,18,คอร์ส ภาษา ญี่ปุ่น พื้นฐาน,162
2026-07-19,19,ไวยากรณ์ภาษาญี่ปุ่น n4,159
2026-07-19,20,ภาษา ญี่ปุ่น เบื้องต้น pdf,157
2026-07-19,21,คําศัพท์ภาษาญี่ปุ่น n1,151
2026-07-19,22,ไวยากรณ์ ภาษา ญี่ปุ่น คือ,137
2026-07-19,23,คอร์ส ภาษา ญี่ปุ่น ฟรี,136
2026-07-19,24,คอร์ส ภาษา ญี่ปุ่น ออนไลน์,136
2026-07-19,25,ไวยากรณ์ ภาษา ญี่ปุ่น พื้นฐาน,134
2026-07-19,26,ไวยากรณ์ ภาษา ญี่ปุ่น ทั้งหมด,124
2026-07-19,27,ไวยากรณ์ ภาษา ญี่ปุ่น เรียก ว่า,122
2026-07-19,28,คําศัพท์ภาษาญี่ปุ่นพื้นฐาน,117
2026-07-19,29,สนทนา ภาษา ญี่ปุ่น,114
2026-07-19,30,ข้อสอบ ภาษา ญี่ปุ่น พื้นฐาน,110
2026-07-19,31,เรียนภาษาญี่ปุ่นด้วยตัวเอง,107
2026-07-19,32,ไวยากรณ์ ภาษา ญี่ปุ่น pdf,103
2026-07-19,33,ภาษาญี่ปุ่นเบื้องต้น พยัญชนะ,100
2026-07-19,34,ภาษา ญี่ปุ่น เบื้องต้น n5,96
2026-07-19,35,ข้อสอบภาษาญี่ปุ่น,92
2026-07-19,36,คอร์ส เรียน ภาษา ญี่ปุ่น พื้นฐาน,91
2026-07-19,37,สอนภาษาญี่ปุ่นง่ายๆ,89
2026-07-19,38,สนทนาภาษาญี่ปุ่นเบื้องต้น,88
2026-07-19,39,สอนภาษาญี่ปุ่นฟรี,86
2026-07-19,40,คําศัพท์ภาษาญี่ปุ่น n4,81
2026-07-19,41,สนทนา ภาษา ญี่ปุ่น พื้นฐาน,81
2026-07-19,42,สอบ jlpt ผ่าน,81
2026-07-19,43,ข้อสอบ ภาษา ญี่ปุ่น ง่ายๆ,79
2026-07-19,44,สอนภาษาญี่ปุ่นพื้นฐาน,77
2026-07-19,45,ไวยากรณ์ภาษาญี่ปุ่น n5,76
2026-07-19,46,ข้อสอบ ภาษา ญี่ปุ่น เบื้องต้น,76
2026-07-19,47,ภาษา ญี่ปุ่น เบื้องต้น ฟรี,76
2026-07-19,48,ไวยากรณ์ภาษาญี่ปุ่นเบื้องต้น,75
2026-07-19,49,คําศัพท์ภาษาญี่ปุ่น n3,74
2026-07-19,50,คอร์ส ภาษา ญี่ปุ่น เบื้องต้น,74
2026-07-19,51,เรียน ภาษา ญี่ปุ่น ด้วย ตัว เอง pantip,70
2026-07-19,52,คอร์ส เรียน ภาษา ญี่ปุ่น พูด,70
2026-07-19,53,สอบ jlpt pantip,70
2026-07-19,54,คอร์ส เรียน ภาษา ญี่ปุ่น รีวิว,69
2026-07-19,55,เรียน ภาษา ญี่ปุ่น ด้วย ตัว เอง ฟรี,68
2026-07-19,56,คอร์ส ภาษา ญี่ปุ่น ธุรกิจ,68
2026-07-19,57,คอร์ส ออนไลน์ สนทนา ภาษา ญี่ปุ่น พูด ได้ ใช้ คล่อง,66
2026-07-19,58,ไวยากรณ์ ภาษา ญี่ปุ่น เบื้องต้น,65
2026-07-19,59,ไวยากรณ์ภาษาญี่ปุ่น n2,58
2026-07-19,60,ไวยากรณ์ภาษาญี่ปุ่น n3,56
2026-07-19,61,สอบ jlpt n5,55
2026-07-19,62,สอบ jlpt ยาก ไหม,54
2026-07-19,63,สอบ jlpt ยัง ไง,54
2026-07-19,64,สอบ jlpt ไม่ ผ่าน,52
2026-07-19,65,ภาษาญี่ปุ่นเบื้องต้น บทที่ 1,51
2026-07-19,66,ภาษา ญี่ปุ่น เบื้องต้น หนังสือ,51
2026-07-19,67,คําศัพท์ภาษาญี่ปุ่น n2,50
2026-07-19,68,เรียนภาษาญี่ปุ่น เด็ก,49
2026-07-19,69,สอบ jlpt ออนไลน์,48
2026-07-19,70,เรียน ภาษา ญี่ปุ่น by click japanese,47
2026-07-19,71,ข้อสอบ ภาษา ญี่ปุ่น พร้อม เฉลย,47
2026-07-19,72,สอบ jlpt ที่ไหน,46
2026-07-19,73,ข้อสอบ ภาษา ญี่ปุ่น a level,46
2026-07-19,74,คอร์ส เรียน ภาษา ญี่ปุ่น ราคา,45
2026-07-19,75,สอบ jlpt n1,45
2026-07-19,76,เรียน ภาษา ญี่ปุ่น future skill,44
2026-07-19,77,คอร์ส เรียน ภาษา ญี่ปุ่น pantip,44
2026-07-19,78,ไวยากรณ์ ภาษา ญี่ปุ่น เบื้องต้น ฉบับ สมบูรณ์ pdf,44
2026-07-19,79,สอบ jlpt ครั้ง ที่ 1,43
2026-07-19,80,คอร์ส ภาษา ญี่ปุ่น มหิดล,42
2026-07-19,81,ภาษา ญี่ปุ่น เบื้องต้น สวัสดี,42
2026-07-19,82,เรียน ภาษา ญี่ปุ่น ด้วย ตัว เอง n1,42
2026-07-19,83,คอร์ส ภาษา ญี่ปุ่น ออนไลน์ ฟรี,41
2026-07-19,84,คอร์ส เรียน ภาษา ญี่ปุ่น a level,40
2026-07-19,85,เรียน ภาษา ญี่ปุ่น i love japan,40
2026-07-19,86,สอนภาษาญี่ปุ่น n4,40
2026-07-19,87,สนทนา ภาษา ญี่ปุ่น ใน ชีวิต ประ จํา วัน,40
2026-07-19,88,เรียน ภาษา ญี่ปุ่น by click japanese รีวิว,39
2026-07-19,89,เรียน ภาษา ญี่ปุ่น by eri,39
2026-07-19,90,สอนภาษาญี่ปุ่น สนทนา,39
2026-07-19,91,สอบ jlpt ระดับ,39
2026-07-19,92,ข้อสอบ ภาษา ญี่ปุ่น แปล ว่า,39
2026-07-19,93,เรียนภาษาญี่ปุ่น ออนไลน์,38
2026-07-19,94,โรงเรียน สอน ภาษา ญี่ปุ่น ichiban japanese language center,38
2026-07-19,95,สอบ jlpt คือ,38
2026-07-19,96,สอบ jlpt n2,38
2026-07-19,97,ข้อสอบ ภาษา ญี่ปุ่น เขียน ยัง ไง,38
2026-07-19,98,ไวยากรณ์ ภาษา ญี่ปุ่น ชั้น ต้น,37
2026-07-19,99,เรียน ญี่ปุ่น ที่ไหน,37
2026-07-19,100,สอบ jlpt ครั้ง แรก,37
2026-07-20,1,ข้อสอบภาษาญี่ปุ่น n4,290
2026-07-20,2,คําศัพท์ภาษาญี่ปุ่น nc,287
2026-07-20,3,สนทนาภาษาญี่ปุ่นพื้นฐาน,285
2026-07-20,4,สนทนาภาษาญี่ปุ่น เบื้องต้น,268
2026-07-20,5,ไวยากรณ์ภาษาญี่ปุ่น n1,251
2026-07-20,6,ข้อสอบ ภาษา ญี่ปุ่น คือ,248
2026-07-20,7,ข้อสอบภาษาญี่ปุ่น n5,245
2026-07-20,8,ข้อสอบ ภาษา ญี่ปุ่น pdf,203
2026-07-20,9,ไวยากรณ์ ภาษา ญี่ปุ่น pantip,196
2026-07-20,10,คําศัพท์ภาษาญี่ปุ่น n5,189
2026-07-20,11,เรียน ภาษา ญี่ปุ่น ด้วย ตัว เอง รีวิว,189
2026-07-20,12,คําศัพท์ภาษาญี่ปุ่นง่ายๆ,188
2026-07-20,13,ภาษา ญี่ปุ่น เบื้องต้น สนทนา,187
2026-07-20,14,คําศัพท์ภาษาญี่ปุ่นเบื้องต้น,168
2026-07-20,15,ภาษาญี่ปุ่น เบื้องต้น,166
2026-07-20,16,สนทนาภาษาญี่ปุ่น n4,166
2026-07-20,17,คอร์ส ภาษา ญี่ปุ่น ราคา,163
2026-07-20,18,คอร์ส ภาษา ญี่ปุ่น พื้นฐาน,162
2026-07-20,19,ไวยากรณ์ภาษาญี่ปุ่น n4,159
2026-07-20,20,ภาษา ญี่ปุ่น เบื้องต้น pdf,157
2026-07-20,21,คําศัพท์ภาษาญี่ปุ่น n1,151
2026-07-20,22,ไวยากรณ์ ภาษา ญี่ปุ่น คือ,137
2026-07-20,23,คอร์ส ภาษา ญี่ปุ่น ฟรี,136
2026-07-20,24,คอร์ส ภาษา ญี่ปุ่น ออนไลน์,136
2026-07-20,25,ไวยากรณ์ ภาษา ญี่ปุ่น พื้นฐาน,134
2026-07-20,26,ไวยากรณ์ ภาษา ญี่ปุ่น ทั้งหมด,124
2026-07-20,27,ไวยากรณ์ ภาษา ญี่ปุ่น เรียก ว่า,122
2026-07-20,28,คําศัพท์ภาษาญี่ปุ่นพื้นฐาน,117
2026-07-20,29,สนทนา ภาษา ญี่ปุ่น,115
2026-07-20,30,ข้อสอบ ภาษา ญี่ปุ่น พื้นฐาน,110
2026-07-20,31,เรียนภาษาญี่ปุ่นด้วยตัวเอง,107
2026-07-20,32,ไวยากรณ์ ภาษา ญี่ปุ่น pdf,103
2026-07-20,33,ภาษาญี่ปุ่นเบื้องต้น พยัญชนะ,100
2026-07-20,34,ภาษา ญี่ปุ่น เบื้องต้น n5,96
2026-07-20,35,ข้อสอบภาษาญี่ปุ่น,92
2026-07-20,36,คอร์ส เรียน ภาษา ญี่ปุ่น พื้นฐาน,91
2026-07-20,37,สอนภาษาญี่ปุ่นง่ายๆ,89
2026-07-20,38,สนทนาภาษาญี่ปุ่นเบื้องต้น,88
2026-07-20,39,สอนภาษาญี่ปุ่นฟรี,86
2026-07-20,40,สอบ jlpt ผ่าน,84
2026-07-20,41,คําศัพท์ภาษาญี่ปุ่น n4,81
2026-07-20,42,สนทนา ภาษา ญี่ปุ่น พื้นฐาน,81
2026-07-20,43,ข้อสอบ ภาษา ญี่ปุ่น ง่ายๆ,79
2026-07-20,44,สอนภาษาญี่ปุ่นพื้นฐาน,77
2026-07-20,45,ไวยากรณ์ภาษาญี่ปุ่น n5,76
2026-07-20,46,ข้อสอบ ภาษา ญี่ปุ่น เบื้องต้น,76
2026-07-20,47,ภาษา ญี่ปุ่น เบื้องต้น ฟรี,76
2026-07-20,48,สอบ jlpt pantip,76
2026-07-20,49,ไวยากรณ์ภาษาญี่ปุ่นเบื้องต้น,75
2026-07-20,50,คําศัพท์ภาษาญี่ปุ่น n3,74
2026-07-20,51,คอร์ส ภาษา ญี่ปุ่น เบื้องต้น,74
2026-07-20,52,เรียน ภาษา ญี่ปุ่น ด้วย ตัว เอง pantip,70
2026-07-20,53,คอร์ส เรียน ภาษา ญี่ปุ่น พูด,70
2026-07-20,54,คอร์ส เรียน ภาษา ญี่ปุ่น รีวิว,69
2026-07-20,55,เรียน ภาษา ญี่ปุ่น ด้วย ตัว เอง ฟรี,68
2026-07-20,56,คอร์ส ภาษา ญี่ปุ่น ธุรกิจ,67
2026-07-20,57,คอร์ส ออนไลน์ สนทนา ภาษา ญี่ปุ่น พูด ได้ ใช้ คล่อง,66
2026-07-20,58,ไวยากรณ์ ภาษา ญี่ปุ่น เบื้องต้น,65
2026-07-20,59,ไวยากรณ์ภาษาญี่ปุ่น n2,58
2026-07-20,60,ไวยากรณ์ภาษาญี่ปุ่น n3,56
2026-07-20,61,สอบ jlpt n5,55
2026-07-20,62,สอบ jlpt ยาก ไหม,54
2026-07-20,63,สอบ jlpt ยัง ไง,54
2026-07-20,64,ภาษาญี่ปุ่นเบื้องต้น บทที่ 1,51
2026-07-20,65,ภาษา ญี่ปุ่น เบื้องต้น หนังสือ,51
2026-07-20,66,คําศัพท์ภาษาญี่ปุ่น n2,50
2026-07-20,67,สอบ jlpt ไม่ ผ่าน,50
2026-07-20,68,เรียนภาษาญี่ปุ่น เด็ก,49
2026-07-20,69,สอบ jlpt ออนไลน์,48
2026-07-20,70,เรียน ภาษา ญี่ปุ่น by click japanese,47
2026-07-20,71,ข้อสอบ ภาษา ญี่ปุ่น พร้อม เฉลย,47
2026-07-20,72,สอบ jlpt ที่ไหน,46
2026-07-20,73,ข้อสอบ ภาษา ญี่ปุ่น a level,46
2026-07-20,74,คอร์ส เรียน ภาษา ญี่ปุ่น ราคา,45
2026-07-20,75,สอบ jlpt n1,45
2026-07-20,76,เรียน ภาษา ญี่ปุ่น future skill,44
2026-07-20,77,คอร์ส เรียน ภาษา ญี่ปุ่น pantip,44
2026-07-20,78,ไวยากรณ์ ภาษา ญี่ปุ่น เบื้องต้น ฉบับ สมบูรณ์ pdf,44
2026-07-20,79,สอบ jlpt ครั้ง ที่ 1,43
2026-07-20,80,คอร์ส ภาษา ญี่ปุ่น มหิดล,42
2026-07-20,81,ภาษา ญี่ปุ่น เบื้องต้น สวัสดี,42
2026-07-20,82,เรียน ภาษา ญี่ปุ่น ด้วย ตัว เอง n1,42
2026-07-20,83,สอบ jlpt n2,42
2026-07-20,84,คอร์ส ภาษา ญี่ปุ่น ออนไลน์ ฟรี,41
2026-07-20,85,คอร์ส เรียน ภาษา ญี่ปุ่น a level,40
2026-07-20,86,เรียน ภาษา ญี่ปุ่น i love japan,40
2026-07-20,87,สอนภาษาญี่ปุ่น n4,40
2026-07-20,88,สนทนา ภาษา ญี่ปุ่น ใน ชีวิต ประ จํา วัน,40
2026-07-20,89,เรียน ภาษา ญี่ปุ่น by click japanese รีวิว,39
2026-07-20,90,เรียน ภาษา ญี่ปุ่น by eri,39
2026-07-20,91,สอนภาษาญี่ปุ่น สนทนา,39
2026-07-20,92,สอบ jlpt ระดับ,39
2026-07-20,93,ข้อสอบ ภาษา ญี่ปุ่น แปล ว่า,39
2026-07-20,94,เรียนภาษาญี่ปุ่น ออนไลน์,38
2026-07-20,95,โรงเรียน สอน ภาษา ญี่ปุ่น ichiban japanese language center,38
2026-07-20,96,สอบ jlpt คือ,38
2026-07-20,97,ข้อสอบ ภาษา ญี่ปุ่น เขียน ยัง ไง,38
2026-07-20,98,ไวยากรณ์ ภาษา ญี่ปุ่น ชั้น ต้น,37
2026-07-20,99,เรียน ญี่ปุ่น ที่ไหน,37
2026-07-20,100,สอบ jlpt ครั้ง แรก,37
2026-07-21,1,ข้อสอบภาษาญี่ปุ่น n4,290
2026-07-21,2,คําศัพท์ภาษาญี่ปุ่น nc,287
2026-07-21,3,สนทนาภาษาญี่ปุ่นพื้นฐาน,285
2026-07-21,4,สนทนาภาษาญี่ปุ่น เบื้องต้น,268
2026-07-21,5,ไวยากรณ์ภาษาญี่ปุ่น n1,251
2026-07-21,6,ข้อสอบ ภาษา ญี่ปุ่น คือ,248
2026-07-21,7,ข้อสอบภาษาญี่ปุ่น n5,245
2026-07-21,8,ข้อสอบ ภาษา ญี่ปุ่น pdf,203
2026-07-21,9,ไวยากรณ์ ภาษา ญี่ปุ่น pantip,196
2026-07-21,10,คําศัพท์ภาษาญี่ปุ่น n5,189
2026-07-21,11,เรียน ภาษา ญี่ปุ่น ด้วย ตัว เอง รีวิว,189
2026-07-21,12,คําศัพท์ภาษาญี่ปุ่นง่ายๆ,188
2026-07-21,13,ภาษา ญี่ปุ่น เบื้องต้น สนทนา,187
2026-07-21,14,คําศัพท์ภาษาญี่ปุ่นเบื้องต้น,168
2026-07-21,15,ภาษาญี่ปุ่น เบื้องต้น,166
2026-07-21,16,สนทนาภาษาญี่ปุ่น n4,166
2026-07-21,17,คอร์ส ภาษา ญี่ปุ่น ราคา,164
2026-07-21,18,คอร์ส ภาษา ญี่ปุ่น พื้นฐาน,162
2026-07-21,19,ไวยากรณ์ภาษาญี่ปุ่น n4,159
2026-07-21,20,ภาษา ญี่ปุ่น เบื้องต้น pdf,157
2026-07-21,21,คําศัพท์ภาษาญี่ปุ่น n1,151
2026-07-21,22,ไวยากรณ์ ภาษา ญี่ปุ่น คือ,137
2026-07-21,23,คอร์ส ภาษา ญี่ปุ่น ฟรี,136
2026-07-21,24,คอร์ส ภาษา ญี่ปุ่น ออนไลน์,136
2026-07-21,25,ไวยากรณ์ ภาษา ญี่ปุ่น พื้นฐาน,134
2026-07-21,26,ไวยากรณ์ ภาษา ญี่ปุ่น ทั้งหมด,124
2026-07-21,27,ไวยากรณ์ ภาษา ญี่ปุ่น เรียก ว่า,122
2026-07-21,28,คําศัพท์ภาษาญี่ปุ่นพื้นฐาน,117
2026-07-21,29,สนทนา ภาษา ญี่ปุ่น,114
2026-07-21,30,ข้อสอบ ภาษา ญี่ปุ่น พื้นฐาน,110
2026-07-21,31,เรียนภาษาญี่ปุ่นด้วยตัวเอง,107
2026-07-21,32,ไวยากรณ์ ภาษา ญี่ปุ่น pdf,103
2026-07-21,33,ภาษาญี่ปุ่นเบื้องต้น พยัญชนะ,100
2026-07-21,34,ภาษา ญี่ปุ่น เบื้องต้น n5,96
2026-07-21,35,ข้อสอบภาษาญี่ปุ่น,92
2026-07-21,36,คอร์ส เรียน ภาษา ญี่ปุ่น พื้นฐาน,91
2026-07-21,37,สอนภาษาญี่ปุ่นง่ายๆ,89
2026-07-21,38,สนทนาภาษาญี่ปุ่นเบื้องต้น,88
2026-07-21,39,สอบ jlpt ผ่าน,84
2026-07-21,40,คําศัพท์ภาษาญี่ปุ่น n4,81
2026-07-21,41,สนทนา ภาษา ญี่ปุ่น พื้นฐาน,81
2026-07-21,42,ข้อสอบ ภาษา ญี่ปุ่น ง่ายๆ,79
2026-07-21,43,สอนภาษาญี่ปุ่นฟรี,78
2026-07-21,44,ไวยากรณ์ภาษาญี่ปุ่น n5,76
2026-07-21,45,ข้อสอบ ภาษา ญี่ปุ่น เบื้องต้น,76
2026-07-21,46,ภาษา ญี่ปุ่น เบื้องต้น ฟรี,76
2026-07-21,47,สอบ jlpt pantip,76
2026-07-21,48,ไวยากรณ์ภาษาญี่ปุ่นเบื้องต้น,75
2026-07-21,49,คําศัพท์ภาษาญี่ปุ่น n3,74
2026-07-21,50,คอร์ส ภาษา ญี่ปุ่น เบื้องต้น,74
2026-07-21,51,สอนภาษาญี่ปุ่นพื้นฐาน,73
2026-07-21,52,เรียน ภาษา ญี่ปุ่น ด้วย ตัว เอง pantip,70
2026-07-21,53,คอร์ส เรียน ภาษา ญี่ปุ่น พูด,70
2026-07-21,54,คอร์ส เรียน ภาษา ญี่ปุ่น รีวิว,69
2026-07-21,55,เรียน ภาษา ญี่ปุ่น ด้วย ตัว เอง ฟรี,68
2026-07-21,56,คอร์ส ภาษา ญี่ปุ่น ธุรกิจ,68
2026-07-21,57,คอร์ส ออนไลน์ สนทนา ภาษา ญี่ปุ่น พูด ได้ ใช้ คล่อง,66
2026-07-21,58,ไวยากรณ์ ภาษา ญี่ปุ่น เบื้องต้น,65
2026-07-21,59,ไวยากรณ์ภาษาญี่ปุ่น n2,58
2026-07-21,60,ไวยากรณ์ภาษาญี่ปุ่น n3,56
2026-07-21,61,สอบ jlpt n5,55
2026-07-21,62,สอบ jlpt ยาก ไหม,54
2026-07-21,63,สอบ jlpt ยัง ไง,54
2026-07-21,64,ภาษาญี่ปุ่นเบื้องต้น บทที่ 1,51
2026-07-21,65,ภาษา ญี่ปุ่น เบื้องต้น หนังสือ,51
2026-07-21,66,คําศัพท์ภาษาญี่ปุ่น n2,50
2026-07-21,67,สอบ jlpt ไม่ ผ่าน,50
2026-07-21,68,เรียนภาษาญี่ปุ่น เด็ก,49
2026-07-21,69,สอบ jlpt ออนไลน์,48
2026-07-21,70,เรียน ภาษา ญี่ปุ่น by click japanese,47
2026-07-21,71,ข้อสอบ ภาษา ญี่ปุ่น พร้อม เฉลย,47
2026-07-21,72,สอบ jlpt ที่ไหน,46
2026-07-21,73,ข้อสอบ ภาษา ญี่ปุ่น a level,46
2026-07-21,74,คอร์ส เรียน ภาษา ญี่ปุ่น ราคา,45
2026-07-21,75,สอบ jlpt n1,45
2026-07-21,76,เรียน ภาษา ญี่ปุ่น future skill,44
2026-07-21,77,คอร์ส เรียน ภาษา ญี่ปุ่น pantip,44
2026-07-21,78,ไวยากรณ์ ภาษา ญี่ปุ่น เบื้องต้น ฉบับ สมบูรณ์ pdf,44
2026-07-21,79,สอบ jlpt ครั้ง ที่ 1,43
2026-07-21,80,คอร์ส ภาษา ญี่ปุ่น มหิดล,42
2026-07-21,81,ภาษา ญี่ปุ่น เบื้องต้น สวัสดี,42
2026-07-21,82,เรียน ภาษา ญี่ปุ่น ด้วย ตัว เอง n1,42
2026-07-21,83,สอบ jlpt n2,42
2026-07-21,84,สอนภาษาญี่ปุ่น n4,41
2026-07-21,85,คอร์ส ภาษา ญี่ปุ่น ออนไลน์ ฟรี,41
2026-07-21,86,คอร์ส เรียน ภาษา ญี่ปุ่น a level,40
2026-07-21,87,เรียน ภาษา ญี่ปุ่น i love japan,40
2026-07-21,88,สนทนา ภาษา ญี่ปุ่น ใน ชีวิต ประ จํา วัน,40
2026-07-21,89,เรียน ภาษา ญี่ปุ่น by click japanese รีวิว,39
2026-07-21,90,เรียน ภาษา ญี่ปุ่น by eri,39
2026-07-21,91,สอนภาษาญี่ปุ่น สนทนา,39
2026-07-21,92,สอบ jlpt ระดับ,39
2026-07-21,93,ข้อสอบ ภาษา ญี่ปุ่น แปล ว่า,39
2026-07-21,94,เรียนภาษาญี่ปุ่น ออนไลน์,38
2026-07-21,95,โรงเรียน สอน ภาษา ญี่ปุ่น ichiban japanese language center,38
2026-07-21,96,สอบ jlpt คือ,38
2026-07-21,97,ข้อสอบ ภาษา ญี่ปุ่น เขียน ยัง ไง,38
2026-07-21,98,ไวยากรณ์ ภาษา ญี่ปุ่น ชั้น ต้น,37
2026-07-21,99,เรียน ญี่ปุ่น ที่ไหน,37
2026-07-21,100,สอบ jlpt ครั้ง แรก,37
2026-07-22,1,ข้อสอบภาษาญี่ปุ่น n4,290
2026-07-22,2,คําศัพท์ภาษาญี่ปุ่น nc,287
2026-07-22,3,สนทนาภาษาญี่ปุ่นพื้นฐาน,285
2026-07-22,4,สนทนาภาษาญี่ปุ่น เบื้องต้น,268
2026-07-22,5,ไวยากรณ์ภาษาญี่ปุ่น n1,251
2026-07-22,6,ข้อสอบ ภาษา ญี่ปุ่น คือ,248
2026-07-22,7,ข้อสอบภาษาญี่ปุ่น n5,245
2026-07-22,8,ข้อสอบ ภาษา ญี่ปุ่น pdf,203
2026-07-22,9,ไวยากรณ์ ภาษา ญี่ปุ่น pantip,196
2026-07-22,10,คําศัพท์ภาษาญี่ปุ่น n5,189
2026-07-22,11,เรียน ภาษา ญี่ปุ่น ด้วย ตัว เอง รีวิว,189
2026-07-22,12,คําศัพท์ภาษาญี่ปุ่นง่ายๆ,188
2026-07-22,13,ภาษา ญี่ปุ่น เบื้องต้น สนทนา,187
2026-07-22,14,คําศัพท์ภาษาญี่ปุ่นเบื้องต้น,168
2026-07-22,15,ภาษาญี่ปุ่น เบื้องต้น,166
2026-07-22,16,สนทนาภาษาญี่ปุ่น n4,166
2026-07-22,17,คอร์ส ภาษา ญี่ปุ่น ราคา,162
2026-07-22,18,คอร์ส ภาษา ญี่ปุ่น พื้นฐาน,161
2026-07-22,19,ไวยากรณ์ภาษาญี่ปุ่น n4,159
2026-07-22,20,ภาษา ญี่ปุ่น เบื้องต้น pdf,157
2026-07-22,21,คําศัพท์ภาษาญี่ปุ่น n1,151
2026-07-22,22,ไวยากรณ์ ภาษา ญี่ปุ่น คือ,137
2026-07-22,23,คอร์ส ภาษา ญี่ปุ่น ฟรี,136
2026-07-22,24,คอร์ส ภาษา ญี่ปุ่น ออนไลน์,136
2026-07-22,25,ไวยากรณ์ ภาษา ญี่ปุ่น พื้นฐาน,134
2026-07-22,26,ไวยากรณ์ ภาษา ญี่ปุ่น ทั้งหมด,129
2026-07-22,27,ไวยากรณ์ ภาษา ญี่ปุ่น เรียก ว่า,122
2026-07-22,28,คําศัพท์ภาษาญี่ปุ่นพื้นฐาน,117
2026-07-22,29,สนทนา ภาษา ญี่ปุ่น,114
2026-07-22,30,ข้อสอบ ภาษา ญี่ปุ่น พื้นฐาน,110
2026-07-22,31,เรียนภาษาญี่ปุ่นด้วยตัวเอง,107
2026-07-22,32,ไวยากรณ์ ภาษา ญี่ปุ่น pdf,103
2026-07-22,33,ภาษาญี่ปุ่นเบื้องต้น พยัญชนะ,100
2026-07-22,34,ภาษา ญี่ปุ่น เบื้องต้น n5,96
2026-07-22,35,ข้อสอบภาษาญี่ปุ่น,92
2026-07-22,36,คอร์ส เรียน ภาษา ญี่ปุ่น พื้นฐาน,91
2026-07-22,37,สอนภาษาญี่ปุ่นง่ายๆ,89
2026-07-22,38,สนทนาภาษาญี่ปุ่นเบื้องต้น,88
2026-07-22,39,สอนภาษาญี่ปุ่นฟรี,86
2026-07-22,40,คําศัพท์ภาษาญี่ปุ่น n4,81
2026-07-22,41,สนทนา ภาษา ญี่ปุ่น พื้นฐาน,81
2026-07-22,42,สอบ jlpt ผ่าน,81
2026-07-22,43,ข้อสอบ ภาษา ญี่ปุ่น ง่ายๆ,79
2026-07-22,44,สอนภาษาญี่ปุ่นพื้นฐาน,77
2026-07-22,45,ไวยากรณ์ภาษาญี่ปุ่น n5,76
2026-07-22,46,ข้อสอบ ภาษา ญี่ปุ่น เบื้องต้น,76
2026-07-22,47,ภาษา ญี่ปุ่น เบื้องต้น ฟรี,76
2026-07-22,48,ไวยากรณ์ภาษาญี่ปุ่นเบื้องต้น,75
2026-07-22,49,คําศัพท์ภาษาญี่ปุ่น n3,74
2026-07-22,50,คอร์ส ภาษา ญี่ปุ่น เบื้องต้น,74
2026-07-22,51,เรียน ภาษา ญี่ปุ่น ด้วย ตัว เอง pantip,70
2026-07-22,52,คอร์ส เรียน ภาษา ญี่ปุ่น พูด,70
2026-07-22,53,สอบ jlpt pantip,70
2026-07-22,54,คอร์ส เรียน ภาษา ญี่ปุ่น รีวิว,69
2026-07-22,55,เรียน ภาษา ญี่ปุ่น ด้วย ตัว เอง ฟรี,68
2026-07-22,56,คอร์ส ออนไลน์ สนทนา ภาษา ญี่ปุ่น พูด ได้ ใช้ คล่อง,66
2026-07-22,57,คอร์ส ภาษา ญี่ปุ่น ธุรกิจ,66
2026-07-22,58,ไวยากรณ์ ภาษา ญี่ปุ่น เบื้องต้น,65
2026-07-22,59,ไวยากรณ์ภาษาญี่ปุ่น n2,58
2026-07-22,60,ไวยากรณ์ภาษาญี่ปุ่น n3,56
2026-07-22,61,สอบ jlpt n5,55
2026-07-22,62,สอบ jlpt ยาก ไหม,54
2026-07-22,63,สอบ jlpt ยัง ไง,54
2026-07-22,64,ภาษาญี่ปุ่นเบื้องต้น บทที่ 1,51
2026-07-22,65,ภาษา ญี่ปุ่น เบื้องต้น หนังสือ,51
2026-07-22,66,คําศัพท์ภาษาญี่ปุ่น n2,50
2026-07-22,67,สอบ jlpt ไม่ ผ่าน,50
2026-07-22,68,เรียนภาษาญี่ปุ่น เด็ก,49
2026-07-22,69,สอบ jlpt ออนไลน์,48
2026-07-22,70,เรียน ภาษา ญี่ปุ่น by click japanese,47
2026-07-22,71,ข้อสอบ ภาษา ญี่ปุ่น พร้อม เฉลย,47
2026-07-22,72,สอบ jlpt ที่ไหน,46
2026-07-22,73,ข้อสอบ ภาษา ญี่ปุ่น a level,46
2026-07-22,74,คอร์ส เรียน ภาษา ญี่ปุ่น ราคา,45
2026-07-22,75,สอบ jlpt n1,45
2026-07-22,76,เรียน ภาษา ญี่ปุ่น future skill,44
2026-07-22,77,คอร์ส เรียน ภาษา ญี่ปุ่น pantip,44
2026-07-22,78,ไวยากรณ์ ภาษา ญี่ปุ่น เบื้องต้น ฉบับ สมบูรณ์ pdf,44
2026-07-22,79,สอบ jlpt ครั้ง ที่ 1,43
2026-07-22,80,คอร์ส ภาษา ญี่ปุ่น มหิดล,42
2026-07-22,81,ภาษา ญี่ปุ่น เบื้องต้น สวัสดี,42
2026-07-22,82,เรียน ภาษา ญี่ปุ่น ด้วย ตัว เอง n1,42
2026-07-22,83,คอร์ส ภาษา ญี่ปุ่น ออนไลน์ ฟรี,41
2026-07-22,84,คอร์ส เรียน ภาษา ญี่ปุ่น a level,40
2026-07-22,85,เรียน ภาษา ญี่ปุ่น i love japan,40
2026-07-22,86,สอนภาษาญี่ปุ่น n4,40
2026-07-22,87,สนทนา ภาษา ญี่ปุ่น ใน ชีวิต ประ จํา วัน,40
2026-07-22,88,เรียน ภาษา ญี่ปุ่น by click japanese รีวิว,39
2026-07-22,89,เรียน ภาษา ญี่ปุ่น by eri,39
2026-07-22,90,สอนภาษาญี่ปุ่น สนทนา,39
2026-07-22,91,สอบ jlpt ระดับ,39
2026-07-22,92,ข้อสอบ ภาษา ญี่ปุ่น แปล ว่า,39
2026-07-22,93,เรียนภาษาญี่ปุ่น ออนไลน์,38
2026-07-22,94,โรงเรียน สอน ภาษา ญี่ปุ่น ichiban japanese language center,38
2026-07-22,95,สอบ jlpt คือ,38
2026-07-22,96,สอบ jlpt n2,38
2026-07-22,97,ข้อสอบ ภาษา ญี่ปุ่น เขียน ยัง ไง,38
2026-07-22,98,ไวยากรณ์ ภาษา ญี่ปุ่น ชั้น ต้น,37
2026-07-22,99,เรียน ญี่ปุ่น ที่ไหน,37
2026-07-22,100,สอบ jlpt ครั้ง แรก,37
2026-07-23,1,ข้อสอบภาษาญี่ปุ่น n4,290
2026-07-23,2,คําศัพท์ภาษาญี่ปุ่น nc,287
2026-07-23,3,สนทนาภาษาญี่ปุ่นพื้นฐาน,284
2026-07-23,4,สนทนาภาษาญี่ปุ่น เบื้องต้น,267
2026-07-23,5,ไวยากรณ์ภาษาญี่ปุ่น n1,251
2026-07-23,6,ข้อสอบ ภาษา ญี่ปุ่น คือ,248
2026-07-23,7,ข้อสอบภาษาญี่ปุ่น n5,245
2026-07-23,8,ข้อสอบ ภาษา ญี่ปุ่น pdf,203
2026-07-23,9,ไวยากรณ์ ภาษา ญี่ปุ่น pantip,196
2026-07-23,10,คําศัพท์ภาษาญี่ปุ่น n5,189
2026-07-23,11,เรียน ภาษา ญี่ปุ่น ด้วย ตัว เอง รีวิว,189
2026-07-23,12,คําศัพท์ภาษาญี่ปุ่นง่ายๆ,188
2026-07-23,13,ภาษา ญี่ปุ่น เบื้องต้น สนทนา,187
2026-07-23,14,คําศัพท์ภาษาญี่ปุ่นเบื้องต้น,168
2026-07-23,15,สนทนาภาษาญี่ปุ่น n4,166
2026-07-23,16,ภาษาญี่ปุ่น เบื้องต้น,165
2026-07-23,17,คอร์ส ภาษา ญี่ปุ่น ราคา,163
2026-07-23,18,คอร์ส ภาษา ญี่ปุ่น พื้นฐาน,162
2026-07-23,19,ไวยากรณ์ภาษาญี่ปุ่น n4,159
2026-07-23,20,ภาษา ญี่ปุ่น เบื้องต้น pdf,156
2026-07-23,21,คําศัพท์ภาษาญี่ปุ่น n1,151
2026-07-23,22,ไวยากรณ์ ภาษา ญี่ปุ่น คือ,137
2026-07-23,23,คอร์ส ภาษา ญี่ปุ่น ฟรี,136
2026-07-23,24,คอร์ส ภาษา ญี่ปุ่น ออนไลน์,136
2026-07-23,25,ไวยากรณ์ ภาษา ญี่ปุ่น พื้นฐาน,134
2026-07-23,26,ไวยากรณ์ ภาษา ญี่ปุ่น ทั้งหมด,124
2026-07-23,27,ไวยากรณ์ ภาษา ญี่ปุ่น เรียก ว่า,122
2026-07-23,28,คําศัพท์ภาษาญี่ปุ่นพื้นฐาน,117
2026-07-23,29,สนทนา ภาษา ญี่ปุ่น,114
2026-07-23,30,ข้อสอบ ภาษา ญี่ปุ่น พื้นฐาน,110
2026-07-23,31,เรียนภาษาญี่ปุ่นด้วยตัวเอง,107
2026-07-23,32,ไวยากรณ์ ภาษา ญี่ปุ่น pdf,103
2026-07-23,33,ภาษาญี่ปุ่นเบื้องต้น พยัญชนะ,99
2026-07-23,34,ภาษา ญี่ปุ่น เบื้องต้น n5,96
2026-07-23,35,ข้อสอบภาษาญี่ปุ่น,92
2026-07-23,36,สอนภาษาญี่ปุ่นง่ายๆ,91
2026-07-23,37,คอร์ส เรียน ภาษา ญี่ปุ่น พื้นฐาน,91
2026-07-23,38,สนทนาภาษาญี่ปุ่นเบื้องต้น,88
2026-07-23,39,คําศัพท์ภาษาญี่ปุ่น n4,81
2026-07-23,40,สนทนา ภาษา ญี่ปุ่น พื้นฐาน,81
2026-07-23,41,สอบ jlpt ผ่าน,81
2026-07-23,42,ข้อสอบ ภาษา ญี่ปุ่น ง่ายๆ,79
2026-07-23,43,สอนภาษาญี่ปุ่นฟรี,78
2026-07-23,44,ไวยากรณ์ภาษาญี่ปุ่น n5,76
2026-07-23,45,ข้อสอบ ภาษา ญี่ปุ่น เบื้องต้น,76
2026-07-23,46,ภาษา ญี่ปุ่น เบื้องต้น ฟรี,76
2026-07-23,47,ไวยากรณ์ภาษาญี่ปุ่นเบื้องต้น,75
2026-07-23,48,คําศัพท์ภาษาญี่ปุ่น n3,74
2026-07-23,49,คอร์ส ภาษา ญี่ปุ่น เบื้องต้น,74
2026-07-23,50,สอนภาษาญี่ปุ่นพื้นฐาน,73
2026-07-23,51,เรียน ภาษา ญี่ปุ่น ด้วย ตัว เอง pantip,70
2026-07-23,52,คอร์ส เรียน ภาษา ญี่ปุ่น พูด,70
2026-07-23,53,สอบ jlpt pantip,70
2026-07-23,54,คอร์ส เรียน ภาษา ญี่ปุ่น รีวิว,69
2026-07-23,55,เรียน ภาษา ญี่ปุ่น ด้วย ตัว เอง ฟรี,68
2026-07-23,56,คอร์ส ภาษา ญี่ปุ่น ธุรกิจ,67
2026-07-23,57,คอร์ส ออนไลน์ สนทนา ภาษา ญี่ปุ่น พูด ได้ ใช้ คล่อง,66
2026-07-23,58,ไวยากรณ์ ภาษา ญี่ปุ่น เบื้องต้น,65
2026-07-23,59,ไวยากรณ์ภาษาญี่ปุ่น n2,58
2026-07-23,60,ไวยากรณ์ภาษาญี่ปุ่น n3,56
2026-07-23,61,สอบ jlpt n5,55
2026-07-23,62,สอบ jlpt ยาก ไหม,54
2026-07-23,63,สอบ jlpt ยัง ไง,54
2026-07-23,64,ภาษาญี่ปุ่นเบื้องต้น บทที่ 1,51
2026-07-23,65,ภาษา ญี่ปุ่น เบื้องต้น หนังสือ,51
2026-07-23,66,คําศัพท์ภาษาญี่ปุ่น n2,50
2026-07-23,67,สอบ jlpt ไม่ ผ่าน,50
2026-07-23,68,เรียนภาษาญี่ปุ่น เด็ก,49
2026-07-23,69,สอบ jlpt ออนไลน์,48
2026-07-23,70,เรียน ภาษา ญี่ปุ่น by click japanese,47
2026-07-23,71,ข้อสอบ ภาษา ญี่ปุ่น พร้อม เฉลย,47
2026-07-23,72,สอบ jlpt ที่ไหน,46
2026-07-23,73,ข้อสอบ ภาษา ญี่ปุ่น a level,46
2026-07-23,74,คอร์ส เรียน ภาษา ญี่ปุ่น ราคา,45
2026-07-23,75,สอบ jlpt n1,45
2026-07-23,76,เรียน ภาษา ญี่ปุ่น future skill,44
2026-07-23,77,คอร์ส เรียน ภาษา ญี่ปุ่น pantip,44
2026-07-23,78,ไวยากรณ์ ภาษา ญี่ปุ่น เบื้องต้น ฉบับ สมบูรณ์ pdf,44
2026-07-23,79,สอบ jlpt ครั้ง ที่ 1,43
2026-07-23,80,สอนภาษาญี่ปุ่น n4,42
2026-07-23,81,คอร์ส ภาษา ญี่ปุ่น มหิดล,42
2026-07-23,82,ภาษา ญี่ปุ่น เบื้องต้น สวัสดี,42
2026-07-23,83,เรียน ภาษา ญี่ปุ่น ด้วย ตัว เอง n1,42
2026-07-23,84,คอร์ส ภาษา ญี่ปุ่น ออนไลน์ ฟรี,41
2026-07-23,85,คอร์ส เรียน ภาษา ญี่ปุ่น a level,40
2026-07-23,86,เรียน ภาษา ญี่ปุ่น i love japan,40
2026-07-23,87,สนทนา ภาษา ญี่ปุ่น ใน ชีวิต ประ จํา วัน,40
2026-07-23,88,เรียน ภาษา ญี่ปุ่น by click japanese รีวิว,39
2026-07-23,89,เรียน ภาษา ญี่ปุ่น by eri,39
2026-07-23,90,สอนภาษาญี่ปุ่น สนทนา,39
2026-07-23,91,สอบ jlpt ระดับ,39
2026-07-23,92,ข้อสอบ ภาษา ญี่ปุ่น แปล ว่า,39
2026-07-23,93,เรียนภาษาญี่ปุ่น ออนไลน์,38
2026-07-23,94,โรงเรียน สอน ภาษา ญี่ปุ่น ichiban japanese language center,38
2026-07-23,95,สอบ jlpt คือ,38
2026-07-23,96,สอบ jlpt n2,38
2026-07-23,97,ข้อสอบ ภาษา ญี่ปุ่น เขียน ยัง ไง,38
2026-07-23,98,ไวยากรณ์ ภาษา ญี่ปุ่น ชั้น ต้น,37
2026-07-23,99,เรียน ญี่ปุ่น ที่ไหน,37
2026-07-23,100,สอบ jlpt ครั้ง แรก,37
2026-07-25,1,ข้อสอบภาษาญี่ปุ่น n4,291
2026-07-25,2,คําศัพท์ภาษาญี่ปุ่น nc,287
2026-07-25,3,สนทนาภาษาญี่ปุ่นพื้นฐาน,284
2026-07-25,4,สนทนาภาษาญี่ปุ่น เบื้องต้น,267
2026-07-25,5,ไวยากรณ์ภาษาญี่ปุ่น n1,251
2026-07-25,6,ข้อสอบ ภาษา ญี่ปุ่น คือ,249
2026-07-25,7,ข้อสอบภาษาญี่ปุ่น n5,246
2026-07-25,8,ข้อสอบ ภาษา ญี่ปุ่น pdf,204
2026-07-25,9,ไวยากรณ์ ภาษา ญี่ปุ่น pantip,196
2026-07-25,10,คําศัพท์ภาษาญี่ปุ่น n5,189
2026-07-25,11,เรียน ภาษา ญี่ปุ่น ด้วย ตัว เอง รีวิว,189
2026-07-25,12,คําศัพท์ภาษาญี่ปุ่นง่ายๆ,188
2026-07-25,13,ภาษา ญี่ปุ่น เบื้องต้น สนทนา,187
2026-07-25,14,คําศัพท์ภาษาญี่ปุ่นเบื้องต้น,168
2026-07-25,15,ภาษาญี่ปุ่น เบื้องต้น,166
2026-07-25,16,สนทนาภาษาญี่ปุ่น n4,166
2026-07-25,17,คอร์ส ภาษา ญี่ปุ่น ราคา,163
2026-07-25,18,คอร์ส ภาษา ญี่ปุ่น พื้นฐาน,162
2026-07-25,19,ไวยากรณ์ภาษาญี่ปุ่น n4,159
2026-07-25,20,ภาษา ญี่ปุ่น เบื้องต้น pdf,158
2026-07-25,21,คําศัพท์ภาษาญี่ปุ่น n1,151
2026-07-25,22,ไวยากรณ์ ภาษา ญี่ปุ่น คือ,137
2026-07-25,23,คอร์ส ภาษา ญี่ปุ่น ฟรี,136
2026-07-25,24,คอร์ส ภาษา ญี่ปุ่น ออนไลน์,136
2026-07-25,25,ไวยากรณ์ ภาษา ญี่ปุ่น พื้นฐาน,134
2026-07-25,26,ไวยากรณ์ ภาษา ญี่ปุ่น ทั้งหมด,124
2026-07-25,27,ไวยากรณ์ ภาษา ญี่ปุ่น เรียก ว่า,122
2026-07-25,28,คําศัพท์ภาษาญี่ปุ่นพื้นฐาน,117
2026-07-25,29,สนทนา ภาษา ญี่ปุ่น,114
2026-07-25,30,ข้อสอบ ภาษา ญี่ปุ่น พื้นฐาน,110
2026-07-25,31,เรียนภาษาญี่ปุ่นด้วยตัวเอง,107
2026-07-25,32,ไวยากรณ์ ภาษา ญี่ปุ่น pdf,104
2026-07-25,33,ภาษาญี่ปุ่นเบื้องต้น พยัญชนะ,100
2026-07-25,34,ภาษา ญี่ปุ่น เบื้องต้น n5,96
2026-07-25,35,ข้อสอบภาษาญี่ปุ่น,92
2026-07-25,36,สอนภาษาญี่ปุ่นง่ายๆ,91
2026-07-25,37,คอร์ส เรียน ภาษา ญี่ปุ่น พื้นฐาน,91
2026-07-25,38,สอนภาษาญี่ปุ่นฟรี,88
2026-07-25,39,สนทนาภาษาญี่ปุ่นเบื้องต้น,88
2026-07-25,40,คําศัพท์ภาษาญี่ปุ่น n4,81
2026-07-25,41,สนทนา ภาษา ญี่ปุ่น พื้นฐาน,81
2026-07-25,42,สอบ jlpt ผ่าน,81
2026-07-25,43,ข้อสอบ ภาษา ญี่ปุ่น ง่ายๆ,79
2026-07-25,44,สอนภาษาญี่ปุ่นพื้นฐาน,77
2026-07-25,45,ไวยากรณ์ภาษาญี่ปุ่น n5,76
2026-07-25,46,ข้อสอบ ภาษา ญี่ปุ่น เบื้องต้น,76
2026-07-25,47,ภาษา ญี่ปุ่น เบื้องต้น ฟรี,76
2026-07-25,48,ไวยากรณ์ภาษาญี่ปุ่นเบื้องต้น,75
2026-07-25,49,คําศัพท์ภาษาญี่ปุ่น n3,74
2026-07-25,50,คอร์ส ภาษา ญี่ปุ่น เบื้องต้น,74
2026-07-25,51,เรียน ภาษา ญี่ปุ่น ด้วย ตัว เอง pantip,70
2026-07-25,52,คอร์ส เรียน ภาษา ญี่ปุ่น พูด,70
2026-07-25,53,สอบ jlpt pantip,70
2026-07-25,54,คอร์ส เรียน ภาษา ญี่ปุ่น รีวิว,69
2026-07-25,55,เรียน ภาษา ญี่ปุ่น ด้วย ตัว เอง ฟรี,68
2026-07-25,56,คอร์ส ภาษา ญี่ปุ่น ธุรกิจ,67
2026-07-25,57,คอร์ส ออนไลน์ สนทนา ภาษา ญี่ปุ่น พูด ได้ ใช้ คล่อง,66
2026-07-25,58,ไวยากรณ์ ภาษา ญี่ปุ่น เบื้องต้น,65
2026-07-25,59,ไวยากรณ์ภาษาญี่ปุ่น n2,58
2026-07-25,60,ไวยากรณ์ภาษาญี่ปุ่น n3,56
2026-07-25,61,สอบ jlpt n5,55
2026-07-25,62,สอบ jlpt ยาก ไหม,54
2026-07-25,63,สอบ jlpt ยัง ไง,54
2026-07-25,64,ภาษาญี่ปุ่นเบื้องต้น บทที่ 1,51
2026-07-25,65,ภาษา ญี่ปุ่น เบื้องต้น หนังสือ,51
2026-07-25,66,คําศัพท์ภาษาญี่ปุ่น n2,50
2026-07-25,67,สอบ jlpt ไม่ ผ่าน,50
2026-07-25,68,เรียนภาษาญี่ปุ่น เด็ก,49
2026-07-25,69,สอบ jlpt ออนไลน์,48
2026-07-25,70,เรียน ภาษา ญี่ปุ่น by click japanese,47
2026-07-25,71,ข้อสอบ ภาษา ญี่ปุ่น พร้อม เฉลย,47
2026-07-25,72,สอบ jlpt ที่ไหน,46
2026-07-25,73,ข้อสอบ ภาษา ญี่ปุ่น a level,46
2026-07-25,74,คอร์ส เรียน ภาษา ญี่ปุ่น ราคา,45
2026-07-25,75,สอบ jlpt n1,45
2026-07-25,76,เรียน ภาษา ญี่ปุ่น future skill,44
2026-07-25,77,คอร์ส เรียน ภาษา ญี่ปุ่น pantip,44
2026-07-25,78,ไวยากรณ์ ภาษา ญี่ปุ่น เบื้องต้น ฉบับ สมบูรณ์ pdf,44
2026-07-25,79,สอบ jlpt ครั้ง ที่ 1,43
2026-07-25,80,คอร์ส ภาษา ญี่ปุ่น มหิดล,42
2026-07-25,81,ภาษา ญี่ปุ่น เบื้องต้น สวัสดี,42
2026-07-25,82,เรียน ภาษา ญี่ปุ่น ด้วย ตัว เอง n1,42
2026-07-25,83,คอร์ส ภาษา ญี่ปุ่น ออนไลน์ ฟรี,41
2026-07-25,84,คอร์ส เรียน ภาษา ญี่ปุ่น a level,40
2026-07-25,85,เรียน ภาษา ญี่ปุ่น i love japan,40
2026-07-25,86,สอนภาษาญี่ปุ่น n4,40
2026-07-25,87,สนทนา ภาษา ญี่ปุ่น ใน ชีวิต ประ จํา วัน,40
2026-07-25,88,เรียน ภาษา ญี่ปุ่น by click japanese รีวิว,39
2026-07-25,89,เรียน ภาษา ญี่ปุ่น by eri,39
2026-07-25,90,สอนภาษาญี่ปุ่น สนทนา,39
2026-07-25,91,สอบ jlpt ระดับ,39
2026-07-25,92,ข้อสอบ ภาษา ญี่ปุ่น แปล ว่า,39
2026-07-25,93,เรียนภาษาญี่ปุ่น ออนไลน์,38
2026-07-25,94,โรงเรียน สอน ภาษา ญี่ปุ่น ichiban japanese language center,38
2026-07-25,95,สอบ jlpt คือ,38
2026-07-25,96,สอบ jlpt n2,38
2026-07-25,97,ข้อสอบ ภาษา ญี่ปุ่น เขียน ยัง ไง,38
2026-07-25,98,ไวยากรณ์ ภาษา ญี่ปุ่น ชั้น ต้น,37
2026-07-25,99,เรียน ญี่ปุ่น ที่ไหน,37
2026-07-25,100,สอบ jlpt ครั้ง แรก,37
2026-07-25,1,ข้อสอบภาษาญี่ปุ่น n4,290
2026-07-25,2,คําศัพท์ภาษาญี่ปุ่น nc,287
2026-07-25,3,สนทนาภาษาญี่ปุ่นพื้นฐาน,284
2026-07-25,4,สนทนาภาษาญี่ปุ่น เบื้องต้น,267
2026-07-25,5,ไวยากรณ์ภาษาญี่ปุ่น n1,251
2026-07-25,6,ข้อสอบ ภาษา ญี่ปุ่น คือ,248
2026-07-25,7,ข้อสอบภาษาญี่ปุ่น n5,245
2026-07-25,8,ข้อสอบ ภาษา ญี่ปุ่น pdf,203
2026-07-25,9,ไวยากรณ์ ภาษา ญี่ปุ่น pantip,196
2026-07-25,10,คําศัพท์ภาษาญี่ปุ่น n5,189
2026-07-25,11,เรียน ภาษา ญี่ปุ่น ด้วย ตัว เอง รีวิว,189
2026-07-25,12,คําศัพท์ภาษาญี่ปุ่นง่ายๆ,188
2026-07-25,13,ภาษา ญี่ปุ่น เบื้องต้น สนทนา,187
2026-07-25,14,คําศัพท์ภาษาญี่ปุ่นเบื้องต้น,168
2026-07-25,15,สนทนาภาษาญี่ปุ่น n4,166
2026-07-25,16,ภาษาญี่ปุ่น เบื้องต้น,165
2026-07-25,17,คอร์ส ภาษา ญี่ปุ่น ราคา,164
2026-07-25,18,คอร์ส ภาษา ญี่ปุ่น พื้นฐาน,162
2026-07-25,19,ไวยากรณ์ภาษาญี่ปุ่น n4,159
2026-07-25,20,ภาษา ญี่ปุ่น เบื้องต้น pdf,156
2026-07-25,21,คําศัพท์ภาษาญี่ปุ่น n1,151
2026-07-25,22,ไวยากรณ์ ภาษา ญี่ปุ่น คือ,137
2026-07-25,23,คอร์ส ภาษา ญี่ปุ่น ฟรี,136
2026-07-25,24,คอร์ส ภาษา ญี่ปุ่น ออนไลน์,136
2026-07-25,25,ไวยากรณ์ ภาษา ญี่ปุ่น พื้นฐาน,134
2026-07-25,26,ไวยากรณ์ ภาษา ญี่ปุ่น ทั้งหมด,124
2026-07-25,27,ไวยากรณ์ ภาษา ญี่ปุ่น เรียก ว่า,122
2026-07-25,28,คําศัพท์ภาษาญี่ปุ่นพื้นฐาน,117
2026-07-25,29,สนทนา ภาษา ญี่ปุ่น,114
2026-07-25,30,ข้อสอบ ภาษา ญี่ปุ่น พื้นฐาน,110
2026-07-25,31,เรียนภาษาญี่ปุ่นด้วยตัวเอง,107
2026-07-25,32,ไวยากรณ์ ภาษา ญี่ปุ่น pdf,103
2026-07-25,33,ภาษาญี่ปุ่นเบื้องต้น พยัญชนะ,98
2026-07-25,34,ภาษา ญี่ปุ่น เบื้องต้น n5,96
2026-07-25,35,ข้อสอบภาษาญี่ปุ่น,92
2026-07-25,36,คอร์ส เรียน ภาษา ญี่ปุ่น พื้นฐาน,91
2026-07-25,37,สอนภาษาญี่ปุ่นง่ายๆ,89
2026-07-25,38,สนทนาภาษาญี่ปุ่นเบื้องต้น,88
2026-07-25,39,สอนภาษาญี่ปุ่นฟรี,86
2026-07-25,40,คําศัพท์ภาษาญี่ปุ่น n4,81
2026-07-25,41,สนทนา ภาษา ญี่ปุ่น พื้นฐาน,81
2026-07-25,42,สอบ jlpt ผ่าน,81
2026-07-25,43,ข้อสอบ ภาษา ญี่ปุ่น ง่ายๆ,79
2026-07-25,44,สอนภาษาญี่ปุ่นพื้นฐาน,77
2026-07-25,45,ไวยากรณ์ภาษาญี่ปุ่น n5,76
2026-07-25,46,ข้อสอบ ภาษา ญี่ปุ่น เบื้องต้น,76
2026-07-25,47,ภาษา ญี่ปุ่น เบื้องต้น ฟรี,76
2026-07-25,48,ไวยากรณ์ภาษาญี่ปุ่นเบื้องต้น,75
2026-07-25,49,คําศัพท์ภาษาญี่ปุ่น n3,74
2026-07-25,50,คอร์ส ภาษา ญี่ปุ่น เบื้องต้น,74
2026-07-25,51,สอบ jlpt pantip,71
2026-07-25,52,เรียน ภาษา ญี่ปุ่น ด้วย ตัว เอง pantip,70
2026-07-25,53,คอร์ส เรียน ภาษา ญี่ปุ่น พูด,70
2026-07-25,54,คอร์ส เรียน ภาษา ญี่ปุ่น รีวิว,69
2026-07-25,55,เรียน ภาษา ญี่ปุ่น ด้วย ตัว เอง ฟรี,68
2026-07-25,56,คอร์ส ออนไลน์ สนทนา ภาษา ญี่ปุ่น พูด ได้ ใช้ คล่อง,67
2026-07-25,57,คอร์ส ภาษา ญี่ปุ่น ธุรกิจ,67
2026-07-25,58,ไวยากรณ์ ภาษา ญี่ปุ่น เบื้องต้น,65
2026-07-25,59,ไวยากรณ์ภาษาญี่ปุ่น n2,58
2026-07-25,60,ไวยากรณ์ภาษาญี่ปุ่น n3,56
2026-07-25,61,สอบ jlpt n5,54
2026-07-25,62,สอบ jlpt ยาก ไหม,54
2026-07-25,63,สอบ jlpt ยัง ไง,54
2026-07-25,64,ภาษาญี่ปุ่นเบื้องต้น บทที่ 1,51
2026-07-25,65,ภาษา ญี่ปุ่น เบื้องต้น หนังสือ,51
2026-07-25,66,คําศัพท์ภาษาญี่ปุ่น n2,50
2026-07-25,67,สอบ jlpt ไม่ ผ่าน,50
2026-07-25,68,เรียนภาษาญี่ปุ่น เด็ก,49
2026-07-25,69,สอบ jlpt ออนไลน์,48
2026-07-25,70,เรียน ภาษา ญี่ปุ่น by click japanese,47
2026-07-25,71,ข้อสอบ ภาษา ญี่ปุ่น พร้อม เฉลย,47
2026-07-25,72,ข้อสอบ ภาษา ญี่ปุ่น a level,46
2026-07-25,73,คอร์ส เรียน ภาษา ญี่ปุ่น ราคา,45
2026-07-25,74,สอบ jlpt ที่ไหน,45
2026-07-25,75,สอบ jlpt n1,45
2026-07-25,76,เรียน ภาษา ญี่ปุ่น future skill,44
2026-07-25,77,คอร์ส เรียน ภาษา ญี่ปุ่น pantip,44
2026-07-25,78,ไวยากรณ์ ภาษา ญี่ปุ่น เบื้องต้น ฉบับ สมบูรณ์ pdf,44
2026-07-25,79,สอบ jlpt ครั้ง ที่ 1,43
2026-07-25,80,คอร์ส ภาษา ญี่ปุ่น มหิดล,42
2026-07-25,81,ภาษา ญี่ปุ่น เบื้องต้น สวัสดี,42
2026-07-25,82,เรียน ภาษา ญี่ปุ่น ด้วย ตัว เอง n1,42
2026-07-25,83,คอร์ส ภาษา ญี่ปุ่น ออนไลน์ ฟรี,41
2026-07-25,84,คอร์ส เรียน ภาษา ญี่ปุ่น a level,40
2026-07-25,85,เรียน ภาษา ญี่ปุ่น i love japan,40
2026-07-25,86,สอนภาษาญี่ปุ่น n4,40
2026-07-25,87,สนทนา ภาษา ญี่ปุ่น ใน ชีวิต ประ จํา วัน,40
2026-07-25,88,เรียน ภาษา ญี่ปุ่น by click japanese รีวิว,39
2026-07-25,89,เรียน ภาษา ญี่ปุ่น by eri,39
2026-07-25,90,สอนภาษาญี่ปุ่น สนทนา,39
2026-07-25,91,สอบ jlpt ระดับ,39
2026-07-25,92,ข้อสอบ ภาษา ญี่ปุ่น แปล ว่า,39
2026-07-25,93,เรียนภาษาญี่ปุ่น ออนไลน์,38
2026-07-25,94,โรงเรียน สอน ภาษา ญี่ปุ่น ichiban japanese language center,38
2026-07-25,95,สอบ jlpt n2,38
2026-07-25,96,ข้อสอบ ภาษา ญี่ปุ่น เขียน ยัง ไง,38
2026-07-25,97,ไวยากรณ์ ภาษา ญี่ปุ่น ชั้น ต้น,37
2026-07-25,98,เรียน ญี่ปุ่น ที่ไหน,37
2026-07-25,99,สอบ jlpt คือ,37
2026-07-25,100,สอบ jlpt ครั้ง แรก,37
2026-07-26,1,ข้อสอบภาษาญี่ปุ่น n4,291
2026-07-26,2,คําศัพท์ภาษาญี่ปุ่น nc,287
2026-07-26,3,สนทนาภาษาญี่ปุ่นพื้นฐาน,287
2026-07-26,4,สนทนาภาษาญี่ปุ่น เบื้องต้น,269
2026-07-26,5,ไวยากรณ์ภาษาญี่ปุ่น n1,251
2026-07-26,6,ข้อสอบภาษาญี่ปุ่น n5,246
2026-07-26,7,ข้อสอบ ภาษา ญี่ปุ่น คือ,237
2026-07-26,8,ข้อสอบ ภาษา ญี่ปุ่น pdf,202
2026-07-26,9,ไวยากรณ์ ภาษา ญี่ปุ่น pantip,196
2026-07-26,10,คําศัพท์ภาษาญี่ปุ่น n5,189
2026-07-26,11,คําศัพท์ภาษาญี่ปุ่นง่ายๆ,188
2026-07-26,12,เรียน ภาษา ญี่ปุ่น ด้วย ตัว เอง รีวิว,188
2026-07-26,13,ภาษา ญี่ปุ่น เบื้องต้น สนทนา,186
2026-07-26,14,คําศัพท์ภาษาญี่ปุ่นเบื้องต้น,168
2026-07-26,15,สนทนาภาษาญี่ปุ่น n4,167
2026-07-26,16,ภาษาญี่ปุ่น เบื้องต้น,165
2026-07-26,17,คอร์ส ภาษา ญี่ปุ่น ราคา,163
2026-07-26,18,ไวยากรณ์ภาษาญี่ปุ่น n4,159
2026-07-26,19,ภาษา ญี่ปุ่น เบื้องต้น pdf,157
2026-07-26,20,คอร์ส ภาษา ญี่ปุ่น พื้นฐาน,154
2026-07-26,21,คําศัพท์ภาษาญี่ปุ่น n1,151
2026-07-26,22,ไวยากรณ์ ภาษา ญี่ปุ่น คือ,137
2026-07-26,23,ไวยากรณ์ ภาษา ญี่ปุ่น พื้นฐาน,133
2026-07-26,24,คอร์ส ภาษา ญี่ปุ่น ออนไลน์,130
2026-07-26,25,คอร์ส ภาษา ญี่ปุ่น ฟรี,129
2026-07-26,26,ไวยากรณ์ ภาษา ญี่ปุ่น ทั้งหมด,124
2026-07-26,27,ไวยากรณ์ ภาษา ญี่ปุ่น เรียก ว่า,121
2026-07-26,28,คําศัพท์ภาษาญี่ปุ่นพื้นฐาน,117
2026-07-26,29,สนทนา ภาษา ญี่ปุ่น,115
2026-07-26,30,เรียนภาษาญี่ปุ่นด้วยตัวเอง,107
2026-07-26,31,ข้อสอบ ภาษา ญี่ปุ่น พื้นฐาน,107
2026-07-26,32,ไวยากรณ์ ภาษา ญี่ปุ่น pdf,103
2026-07-26,33,ภาษาญี่ปุ่นเบื้องต้น พยัญชนะ,99
2026-07-26,34,ภาษา ญี่ปุ่น เบื้องต้น n5,96
2026-07-26,35,คอร์ส เรียน ภาษา ญี่ปุ่น พื้นฐาน,91
2026-07-26,36,ข้อสอบภาษาญี่ปุ่น,91
2026-07-26,37,สอนภาษาญี่ปุ่นง่ายๆ,89
2026-07-26,38,สนทนาภาษาญี่ปุ่นเบื้องต้น,88
2026-07-26,39,สอนภาษาญี่ปุ่นฟรี,86
2026-07-26,40,คําศัพท์ภาษาญี่ปุ่น n4,81
2026-07-26,41,สนทนา ภาษา ญี่ปุ่น พื้นฐาน,81
2026-07-26,42,สอบ jlpt ผ่าน,79
2026-07-26,43,สอนภาษาญี่ปุ่นพื้นฐาน,78
2026-07-26,44,ไวยากรณ์ภาษาญี่ปุ่น n5,76
2026-07-26,45,ข้อสอบ ภาษา ญี่ปุ่น เบื้องต้น,76
2026-07-26,46,ภาษา ญี่ปุ่น เบื้องต้น ฟรี,76
2026-07-26,47,ข้อสอบ ภาษา ญี่ปุ่น ง่ายๆ,76
2026-07-26,48,ไวยากรณ์ภาษาญี่ปุ่นเบื้องต้น,75
2026-07-26,49,คําศัพท์ภาษาญี่ปุ่น n3,74
2026-07-26,50,คอร์ส ภาษา ญี่ปุ่น เบื้องต้น,74
2026-07-26,51,เรียน ภาษา ญี่ปุ่น ด้วย ตัว เอง pantip,70
2026-07-26,52,คอร์ส เรียน ภาษา ญี่ปุ่น พูด,70
2026-07-26,53,คอร์ส เรียน ภาษา ญี่ปุ่น รีวิว,69
2026-07-26,54,เรียน ภาษา ญี่ปุ่น ด้วย ตัว เอง ฟรี,68
2026-07-26,55,สอบ jlpt pantip,67
2026-07-26,56,คอร์ส ออนไลน์ สนทนา ภาษา ญี่ปุ่น พูด ได้ ใช้ คล่อง,66
2026-07-26,57,ไวยากรณ์ ภาษา ญี่ปุ่น เบื้องต้น,64
2026-07-26,58,ไวยากรณ์ภาษาญี่ปุ่น n2,58
2026-07-26,59,คอร์ส ภาษา ญี่ปุ่น ธุรกิจ,58
2026-07-26,60,ไวยากรณ์ภาษาญี่ปุ่น n3,56
2026-07-26,61,สอบ jlpt n5,55
2026-07-26,62,สอบ jlpt ยาก ไหม,54
2026-07-26,63,สอบ jlpt ยัง ไง,52
2026-07-26,64,ภาษาญี่ปุ่นเบื้องต้น บทที่ 1,51
2026-07-26,65,ภาษา ญี่ปุ่น เบื้องต้น หนังสือ,51
2026-07-26,66,คําศัพท์ภาษาญี่ปุ่น n2,50
2026-07-26,67,สอบ jlpt ไม่ ผ่าน,50
2026-07-26,68,เรียนภาษาญี่ปุ่น เด็ก,49
2026-07-26,69,สอบ jlpt ออนไลน์,48
2026-07-26,70,เรียน ภาษา ญี่ปุ่น by click japanese,46
2026-07-26,71,สอบ jlpt ที่ไหน,46
2026-07-26,72,ข้อสอบ ภาษา ญี่ปุ่น a level,46
2026-07-26,73,ข้อสอบ ภาษา ญี่ปุ่น พร้อม เฉลย,46
2026-07-26,74,คอร์ส เรียน ภาษา ญี่ปุ่น ราคา,45
2026-07-26,75,สอบ jlpt n1,45
2026-07-26,76,เรียน ภาษา ญี่ปุ่น future skill,44
2026-07-26,77,คอร์ส เรียน ภาษา ญี่ปุ่น pantip,44
2026-07-26,78,ไวยากรณ์ ภาษา ญี่ปุ่น เบื้องต้น ฉบับ สมบูรณ์ pdf,43
2026-07-26,79,สอบ jlpt ครั้ง ที่ 1,43
2026-07-26,80,คอร์ส ภาษา ญี่ปุ่น มหิดล,42
2026-07-26,81,เรียน ภาษา ญี่ปุ่น ด้วย ตัว เอง n1,42
2026-07-26,82,คอร์ส ภาษา ญี่ปุ่น ออนไลน์ ฟรี,41
2026-07-26,83,ภาษา ญี่ปุ่น เบื้องต้น สวัสดี,41
2026-07-26,84,สอนภาษาญี่ปุ่น n4,40
2026-07-26,85,สนทนา ภาษา ญี่ปุ่น ใน ชีวิต ประ จํา วัน,40
2026-07-26,86,เรียนภาษาญี่ปุ่น ออนไลน์,39
2026-07-26,87,คอร์ส เรียน ภาษา ญี่ปุ่น a level,39
2026-07-26,88,เรียน ภาษา ญี่ปุ่น by click japanese รีวิว,39
2026-07-26,89,เรียน ภาษา ญี่ปุ่น by eri,39
2026-07-26,90,เรียน ภาษา ญี่ปุ่น i love japan,39
2026-07-26,91,สอนภาษาญี่ปุ่น สนทนา,39
2026-07-26,92,สอบ jlpt คือ,39
2026-07-26,93,สอบ jlpt ระดับ,39
2026-07-26,94,ข้อสอบ ภาษา ญี่ปุ่น แปล ว่า,39
2026-07-26,95,โรงเรียน สอน ภาษา ญี่ปุ่น ichiban japanese language center,38
2026-07-26,96,ข้อสอบ ภาษา ญี่ปุ่น เขียน ยัง ไง,38
2026-07-26,97,ไวยากรณ์ ภาษา ญี่ปุ่น ชั้น ต้น,37
2026-07-26,98,สอบ jlpt ครั้ง แรก,37
2026-07-26,99,สอบ jlpt n2,37
2026-07-26,100,เรียน ภาษา ญี่ปุ่น a level,36
2026-07-28,1,ข้อสอบภาษาญี่ปุ่น n4,290
2026-07-28,2,คําศัพท์ภาษาญี่ปุ่น nc,288
2026-07-28,3,สนทนาภาษาญี่ปุ่นพื้นฐาน,287
2026-07-28,4,สนทนาภาษาญี่ปุ่น เบื้องต้น,269
2026-07-28,5,ไวยากรณ์ภาษาญี่ปุ่น n1,251
2026-07-28,6,ข้อสอบภาษาญี่ปุ่น n5,244
2026-07-28,7,ข้อสอบ ภาษา ญี่ปุ่น คือ,235
2026-07-28,8,ข้อสอบ ภาษา ญี่ปุ่น pdf,199
2026-07-28,9,ไวยากรณ์ ภาษา ญี่ปุ่น pantip,197
2026-07-28,10,คําศัพท์ภาษาญี่ปุ่น n5,189
2026-07-28,11,เรียน ภาษา ญี่ปุ่น ด้วย ตัว เอง รีวิว,188
2026-07-28,12,คําศัพท์ภาษาญี่ปุ่นง่ายๆ,187
2026-07-28,13,ภาษา ญี่ปุ่น เบื้องต้น สนทนา,186
2026-07-28,14,คําศัพท์ภาษาญี่ปุ่นเบื้องต้น,168
2026-07-28,15,สนทนาภาษาญี่ปุ่น n4,167
2026-07-28,16,ภาษาญี่ปุ่น เบื้องต้น,165
2026-07-28,17,คอร์ส ภาษา ญี่ปุ่น ราคา,164
2026-07-28,18,ไวยากรณ์ภาษาญี่ปุ่น n4,159
2026-07-28,19,ภาษา ญี่ปุ่น เบื้องต้น pdf,157
2026-07-28,20,คอร์ส ภาษา ญี่ปุ่น พื้นฐาน,155
2026-07-28,21,คําศัพท์ภาษาญี่ปุ่น n1,151
2026-07-28,22,คอร์ส ภาษา ญี่ปุ่น ออนไลน์,146
2026-07-28,23,ไวยากรณ์ ภาษา ญี่ปุ่น คือ,138
2026-07-28,24,ไวยากรณ์ ภาษา ญี่ปุ่น พื้นฐาน,134
2026-07-28,25,คอร์ส ภาษา ญี่ปุ่น ฟรี,129
2026-07-28,26,ไวยากรณ์ ภาษา ญี่ปุ่น ทั้งหมด,124
2026-07-28,27,ไวยากรณ์ ภาษา ญี่ปุ่น เรียก ว่า,121
2026-07-28,28,คําศัพท์ภาษาญี่ปุ่นพื้นฐาน,117
2026-07-28,29,สนทนา ภาษา ญี่ปุ่น,115
2026-07-28,30,เรียนภาษาญี่ปุ่นด้วยตัวเอง,107
2026-07-28,31,ข้อสอบ ภาษา ญี่ปุ่น พื้นฐาน,107
2026-07-28,32,ไวยากรณ์ ภาษา ญี่ปุ่น pdf,103
2026-07-28,33,ภาษาญี่ปุ่นเบื้องต้น พยัญชนะ,100
2026-07-28,34,ภาษา ญี่ปุ่น เบื้องต้น n5,96
2026-07-28,35,คอร์ส เรียน ภาษา ญี่ปุ่น พื้นฐาน,91
2026-07-28,36,สอนภาษาญี่ปุ่นง่ายๆ,89
2026-07-28,37,ข้อสอบภาษาญี่ปุ่น,89
2026-07-28,38,สนทนาภาษาญี่ปุ่นเบื้องต้น,88
2026-07-28,39,สอนภาษาญี่ปุ่นฟรี,86
2026-07-28,40,คําศัพท์ภาษาญี่ปุ่น n4,81
2026-07-28,41,สนทนา ภาษา ญี่ปุ่น พื้นฐาน,81
2026-07-28,42,สอบ jlpt ผ่าน,79
2026-07-28,43,ไวยากรณ์ภาษาญี่ปุ่น n5,76
2026-07-28,44,ภาษา ญี่ปุ่น เบื้องต้น ฟรี,76
2026-07-28,45,ไวยากรณ์ภาษาญี่ปุ่นเบื้องต้น,75
2026-07-28,46,ข้อสอบ ภาษา ญี่ปุ่น เบื้องต้น,75
2026-07-28,47,ข้อสอบ ภาษา ญี่ปุ่น ง่ายๆ,75
2026-07-28,48,คําศัพท์ภาษาญี่ปุ่น n3,74
2026-07-28,49,คอร์ส ภาษา ญี่ปุ่น เบื้องต้น,74
2026-07-28,50,เรียน ภาษา ญี่ปุ่น ด้วย ตัว เอง pantip,70
2026-07-28,51,สอนภาษาญี่ปุ่นพื้นฐาน,70
2026-07-28,52,คอร์ส เรียน ภาษา ญี่ปุ่น พูด,70
2026-07-28,53,คอร์ส เรียน ภาษา ญี่ปุ่น รีวิว,69
2026-07-28,54,เรียน ภาษา ญี่ปุ่น ด้วย ตัว เอง ฟรี,68
2026-07-28,55,สอบ jlpt pantip,67
2026-07-28,56,คอร์ส ออนไลน์ สนทนา ภาษา ญี่ปุ่น พูด ได้ ใช้ คล่อง,66
2026-07-28,57,ไวยากรณ์ ภาษา ญี่ปุ่น เบื้องต้น,64
2026-07-28,58,ไวยากรณ์ภาษาญี่ปุ่น n2,58
2026-07-28,59,คอร์ส ภาษา ญี่ปุ่น ธุรกิจ,58
2026-07-28,60,ไวยากรณ์ภาษาญี่ปุ่น n3,56
2026-07-28,61,สอบ jlpt n5,54
2026-07-28,62,สอบ jlpt ยาก ไหม,54
2026-07-28,63,คอร์ส ภาษา ญี่ปุ่น มหิดล,52
2026-07-28,64,ภาษาญี่ปุ่นเบื้องต้น บทที่ 1,52
2026-07-28,65,สอบ jlpt ยัง ไง,52
2026-07-28,66,ภาษา ญี่ปุ่น เบื้องต้น หนังสือ,51
2026-07-28,67,คําศัพท์ภาษาญี่ปุ่น n2,50
2026-07-28,68,สอบ jlpt ไม่ ผ่าน,50
2026-07-28,69,เรียนภาษาญี่ปุ่น เด็ก,49
2026-07-28,70,สอบ jlpt ออนไลน์,48
2026-07-28,71,เรียน ภาษา ญี่ปุ่น by click japanese,47
2026-07-28,72,สอบ jlpt ที่ไหน,46
2026-07-28,73,ข้อสอบ ภาษา ญี่ปุ่น พร้อม เฉลย,46
2026-07-28,74,คอร์ส เรียน ภาษา ญี่ปุ่น ราคา,45
2026-07-28,75,สอบ jlpt n1,45
2026-07-28,76,เรียน ภาษา ญี่ปุ่น future skill,44
2026-07-28,77,คอร์ส เรียน ภาษา ญี่ปุ่น pantip,44
2026-07-28,78,สอบ jlpt ครั้ง ที่ 1,44
2026-07-28,79,ข้อสอบ ภาษา ญี่ปุ่น a level,44
2026-07-28,80,ไวยากรณ์ ภาษา ญี่ปุ่น เบื้องต้น ฉบับ สมบูรณ์ pdf,43
2026-07-28,81,เรียน ภาษา ญี่ปุ่น ด้วย ตัว เอง n1,42
2026-07-28,82,คอร์ส ภาษา ญี่ปุ่น ออนไลน์ ฟรี,41
2026-07-28,83,ภาษา ญี่ปุ่น เบื้องต้น สวัสดี,41
2026-07-28,84,สอนภาษาญี่ปุ่น n4,40
2026-07-28,85,สนทนา ภาษา ญี่ปุ่น ใน ชีวิต ประ จํา วัน,40
2026-07-28,86,เรียนภาษาญี่ปุ่น ออนไลน์,39
2026-07-28,87,คอร์ส เรียน ภาษา ญี่ปุ่น a level,39
2026-07-28,88,เรียน ภาษา ญี่ปุ่น by click japanese รีวิว,39
2026-07-28,89,เรียน ภาษา ญี่ปุ่น by eri,39
2026-07-28,90,เรียน ภาษา ญี่ปุ่น i love japan,39
2026-07-28,91,สอนภาษาญี่ปุ่น สนทนา,39
2026-07-28,92,สอบ jlpt ระดับ,39
2026-07-28,93,ข้อสอบ ภาษา ญี่ปุ่น แปล ว่า,39
2026-07-28,94,โรงเรียน สอน ภาษา ญี่ปุ่น ichiban japanese language center,38
2026-07-28,95,สอบ jlpt คือ,38
2026-07-28,96,ข้อสอบ ภาษา ญี่ปุ่น เขียน ยัง ไง,38
2026-07-28,97,ไวยากรณ์ ภาษา ญี่ปุ่น ชั้น ต้น,37
2026-07-28,98,สอบ jlpt ครั้ง แรก,37
2026-07-28,99,สอบ jlpt n2,37
2026-07-28,100,เรียน ภาษา ญี่ปุ่น a level,36
2026-07-28,1,ข้อสอบภาษาญี่ปุ่น n4,290
2026-07-28,2,คําศัพท์ภาษาญี่ปุ่น nc,288
2026-07-28,3,สนทนาภาษาญี่ปุ่นพื้นฐาน,287
2026-07-28,4,สนทนาภาษาญี่ปุ่น เบื้องต้น,269
2026-07-28,5,ไวยากรณ์ภาษาญี่ปุ่น n1,251
2026-07-28,6,ข้อสอบภาษาญี่ปุ่น n5,244
2026-07-28,7,ข้อสอบ ภาษา ญี่ปุ่น คือ,235
2026-07-28,8,ข้อสอบ ภาษา ญี่ปุ่น pdf,199
2026-07-28,9,ไวยากรณ์ ภาษา ญี่ปุ่น pantip,197
2026-07-28,10,คําศัพท์ภาษาญี่ปุ่น n5,189
2026-07-28,11,เรียน ภาษา ญี่ปุ่น ด้วย ตัว เอง รีวิว,188
2026-07-28,12,คําศัพท์ภาษาญี่ปุ่นง่ายๆ,187
2026-07-28,13,ภาษา ญี่ปุ่น เบื้องต้น สนทนา,186
2026-07-28,14,คําศัพท์ภาษาญี่ปุ่นเบื้องต้น,168
2026-07-28,15,สนทนาภาษาญี่ปุ่น n4,167
2026-07-28,16,ภาษาญี่ปุ่น เบื้องต้น,165
2026-07-28,17,คอร์ส ภาษา ญี่ปุ่น ราคา,164
2026-07-28,18,ไวยากรณ์ภาษาญี่ปุ่น n4,159
2026-07-28,19,ภาษา ญี่ปุ่น เบื้องต้น pdf,158
2026-07-28,20,คอร์ส ภาษา ญี่ปุ่น พื้นฐาน,155
2026-07-28,21,คําศัพท์ภาษาญี่ปุ่น n1,151
2026-07-28,22,คอร์ส ภาษา ญี่ปุ่น ออนไลน์,146
2026-07-28,23,ไวยากรณ์ ภาษา ญี่ปุ่น คือ,138
2026-07-28,24,ไวยากรณ์ ภาษา ญี่ปุ่น พื้นฐาน,134
2026-07-28,25,คอร์ส ภาษา ญี่ปุ่น ฟรี,129
2026-07-28,26,ไวยากรณ์ ภาษา ญี่ปุ่น ทั้งหมด,124
2026-07-28,27,ไวยากรณ์ ภาษา ญี่ปุ่น เรียก ว่า,121
2026-07-28,28,คําศัพท์ภาษาญี่ปุ่นพื้นฐาน,117
2026-07-28,29,สนทนา ภาษา ญี่ปุ่น,115
2026-07-28,30,เรียนภาษาญี่ปุ่นด้วยตัวเอง,107
2026-07-28,31,ข้อสอบ ภาษา ญี่ปุ่น พื้นฐาน,107
2026-07-28,32,ไวยากรณ์ ภาษา ญี่ปุ่น pdf,103
2026-07-28,33,ภาษาญี่ปุ่นเบื้องต้น พยัญชนะ,100
2026-07-28,34,ภาษา ญี่ปุ่น เบื้องต้น n5,96
2026-07-28,35,คอร์ส เรียน ภาษา ญี่ปุ่น พื้นฐาน,91
2026-07-28,36,สอนภาษาญี่ปุ่นง่ายๆ,89
2026-07-28,37,ข้อสอบภาษาญี่ปุ่น,89
2026-07-28,38,สนทนาภาษาญี่ปุ่นเบื้องต้น,88
2026-07-28,39,สอนภาษาญี่ปุ่นฟรี,86
2026-07-28,40,สอบ jlpt ผ่าน,82
2026-07-28,41,คําศัพท์ภาษาญี่ปุ่น n4,81
2026-07-28,42,สนทนา ภาษา ญี่ปุ่น พื้นฐาน,81
2026-07-28,43,ไวยากรณ์ภาษาญี่ปุ่น n5,76
2026-07-28,44,ภาษา ญี่ปุ่น เบื้องต้น ฟรี,76
2026-07-28,45,ไวยากรณ์ภาษาญี่ปุ่นเบื้องต้น,75
2026-07-28,46,ข้อสอบ ภาษา ญี่ปุ่น เบื้องต้น,75
2026-07-28,47,ข้อสอบ ภาษา ญี่ปุ่น ง่ายๆ,75
2026-07-28,48,คําศัพท์ภาษาญี่ปุ่น n3,74
2026-07-28,49,คอร์ส ภาษา ญี่ปุ่น เบื้องต้น,74
2026-07-28,50,สอบ jlpt pantip,73
2026-07-28,51,เรียน ภาษา ญี่ปุ่น ด้วย ตัว เอง pantip,70
2026-07-28,52,สอนภาษาญี่ปุ่นพื้นฐาน,70
2026-07-28,53,คอร์ส เรียน ภาษา ญี่ปุ่น พูด,70
2026-07-28,54,คอร์ส เรียน ภาษา ญี่ปุ่น รีวิว,69
2026-07-28,55,เรียน ภาษา ญี่ปุ่น ด้วย ตัว เอง ฟรี,68
2026-07-28,56,คอร์ส ออนไลน์ สนทนา ภาษา ญี่ปุ่น พูด ได้ ใช้ คล่อง,66
2026-07-28,57,ไวยากรณ์ ภาษา ญี่ปุ่น เบื้องต้น,64
2026-07-28,58,ไวยากรณ์ภาษาญี่ปุ่น n2,58
2026-07-28,59,คอร์ส ภาษา ญี่ปุ่น ธุรกิจ,58
2026-07-28,60,ไวยากรณ์ภาษาญี่ปุ่น n3,56
2026-07-28,61,สอบ jlpt ยาก ไหม,54
2026-07-28,62,สอบ jlpt n5,53
2026-07-28,63,คอร์ส ภาษา ญี่ปุ่น มหิดล,52
2026-07-28,64,ภาษาญี่ปุ่นเบื้องต้น บทที่ 1,52
2026-07-28,65,สอบ jlpt ยัง ไง,52
2026-07-28,66,ภาษา ญี่ปุ่น เบื้องต้น หนังสือ,51
2026-07-28,67,คําศัพท์ภาษาญี่ปุ่น n2,50
2026-07-28,68,สอบ jlpt ไม่ ผ่าน,50
2026-07-28,69,เรียนภาษาญี่ปุ่น เด็ก,49
2026-07-28,70,สอบ jlpt ออนไลน์,48
2026-07-28,71,เรียน ภาษา ญี่ปุ่น by click japanese,47
2026-07-28,72,ข้อสอบ ภาษา ญี่ปุ่น พร้อม เฉลย,46
2026-07-28,73,คอร์ส เรียน ภาษา ญี่ปุ่น ราคา,45
2026-07-28,74,สอบ jlpt ที่ไหน,45
2026-07-28,75,สอบ jlpt n1,45
2026-07-28,76,เรียน ภาษา ญี่ปุ่น future skill,44
2026-07-28,77,คอร์ส เรียน ภาษา ญี่ปุ่น pantip,44
2026-07-28,78,ข้อสอบ ภาษา ญี่ปุ่น a level,44
2026-07-28,79,ไวยากรณ์ ภาษา ญี่ปุ่น เบื้องต้น ฉบับ สมบูรณ์ pdf,43
2026-07-28,80,สอบ jlpt ครั้ง ที่ 1,43
2026-07-28,81,เรียน ภาษา ญี่ปุ่น ด้วย ตัว เอง n1,42
2026-07-28,82,คอร์ส ภาษา ญี่ปุ่น ออนไลน์ ฟรี,41
2026-07-28,83,ภาษา ญี่ปุ่น เบื้องต้น สวัสดี,41
2026-07-28,84,สอบ jlpt n2,41
2026-07-28,85,สอนภาษาญี่ปุ่น n4,40
2026-07-28,86,สนทนา ภาษา ญี่ปุ่น ใน ชีวิต ประ จํา วัน,40
2026-07-28,87,เรียนภาษาญี่ปุ่น ออนไลน์,39
2026-07-28,88,คอร์ส เรียน ภาษา ญี่ปุ่น a level,39
2026-07-28,89,เรียน ภาษา ญี่ปุ่น by click japanese รีวิว,39
2026-07-28,90,เรียน ภาษา ญี่ปุ่น by eri,39
2026-07-28,91,เรียน ภาษา ญี่ปุ่น i love japan,39
2026-07-28,92,สอนภาษาญี่ปุ่น สนทนา,39
2026-07-28,93,สอบ jlpt ระดับ,39
2026-07-28,94,ข้อสอบ ภาษา ญี่ปุ่น แปล ว่า,39
2026-07-28,95,โรงเรียน สอน ภาษา ญี่ปุ่น ichiban japanese language center,38
2026-07-28,96,ข้อสอบ ภาษา ญี่ปุ่น เขียน ยัง ไง,38
2026-07-28,97,ไวยากรณ์ ภาษา ญี่ปุ่น ชั้น ต้น,37
2026-07-28,98,สอบ jlpt คือ,37
2026-07-28,99,สอบ jlpt ครั้ง แรก,37
2026-07-28,100,เรียน ภาษา ญี่ปุ่น a level,36
2026-07-29,1,ข้อสอบภาษาญี่ปุ่น n4,290
2026-07-29,2,คําศัพท์ภาษาญี่ปุ่น nc,288
2026-07-29,3,สนทนาภาษาญี่ปุ่นพื้นฐาน,287
2026-07-29,4,สนทนาภาษาญี่ปุ่น เบื้องต้น,269
2026-07-29,5,ไวยากรณ์ภาษาญี่ปุ่น n1,251
2026-07-29,6,ข้อสอบภาษาญี่ปุ่น n5,244
2026-07-29,7,ข้อสอบ ภาษา ญี่ปุ่น คือ,235
2026-07-29,8,ข้อสอบ ภาษา ญี่ปุ่น pdf,199
2026-07-29,9,ไวยากรณ์ ภาษา ญี่ปุ่น pantip,197
2026-07-29,10,คําศัพท์ภาษาญี่ปุ่น n5,189
2026-07-29,11,เรียน ภาษา ญี่ปุ่น ด้วย ตัว เอง รีวิว,188
2026-07-29,12,คําศัพท์ภาษาญี่ปุ่นง่ายๆ,187
2026-07-29,13,ภาษา ญี่ปุ่น เบื้องต้น สนทนา,186
2026-07-29,14,คําศัพท์ภาษาญี่ปุ่นเบื้องต้น,168
2026-07-29,15,สนทนาภาษาญี่ปุ่น n4,167
2026-07-29,16,ภาษาญี่ปุ่น เบื้องต้น,165
2026-07-29,17,คอร์ส ภาษา ญี่ปุ่น ราคา,164
2026-07-29,18,ไวยากรณ์ภาษาญี่ปุ่น n4,159
2026-07-29,19,ภาษา ญี่ปุ่น เบื้องต้น pdf,157
2026-07-29,20,คอร์ส ภาษา ญี่ปุ่น พื้นฐาน,155
2026-07-29,21,คําศัพท์ภาษาญี่ปุ่น n1,151
2026-07-29,22,คอร์ส ภาษา ญี่ปุ่น ออนไลน์,146
2026-07-29,23,ไวยากรณ์ ภาษา ญี่ปุ่น คือ,138
2026-07-29,24,ไวยากรณ์ ภาษา ญี่ปุ่น พื้นฐาน,134
2026-07-29,25,คอร์ส ภาษา ญี่ปุ่น ฟรี,129
2026-07-29,26,ไวยากรณ์ ภาษา ญี่ปุ่น ทั้งหมด,124
2026-07-29,27,ไวยากรณ์ ภาษา ญี่ปุ่น เรียก ว่า,121
2026-07-29,28,คําศัพท์ภาษาญี่ปุ่นพื้นฐาน,117
2026-07-29,29,สนทนา ภาษา ญี่ปุ่น,115
2026-07-29,30,เรียนภาษาญี่ปุ่นด้วยตัวเอง,107
2026-07-29,31,ข้อสอบ ภาษา ญี่ปุ่น พื้นฐาน,107
2026-07-29,32,ไวยากรณ์ ภาษา ญี่ปุ่น pdf,103
2026-07-29,33,ภาษาญี่ปุ่นเบื้องต้น พยัญชนะ,100
2026-07-29,34,ภาษา ญี่ปุ่น เบื้องต้น n5,96
2026-07-29,35,คอร์ส เรียน ภาษา ญี่ปุ่น พื้นฐาน,91
2026-07-29,36,สอนภาษาญี่ปุ่นง่ายๆ,89
2026-07-29,37,ข้อสอบภาษาญี่ปุ่น,89
2026-07-29,38,สนทนาภาษาญี่ปุ่นเบื้องต้น,88
2026-07-29,39,สอนภาษาญี่ปุ่นฟรี,86
2026-07-29,40,คําศัพท์ภาษาญี่ปุ่น n4,81
2026-07-29,41,สนทนา ภาษา ญี่ปุ่น พื้นฐาน,81
2026-07-29,42,สอบ jlpt ผ่าน,79
2026-07-29,43,ไวยากรณ์ภาษาญี่ปุ่น n5,76
2026-07-29,44,ภาษา ญี่ปุ่น เบื้องต้น ฟรี,76
2026-07-29,45,ไวยากรณ์ภาษาญี่ปุ่นเบื้องต้น,75
2026-07-29,46,ข้อสอบ ภาษา ญี่ปุ่น เบื้องต้น,75
2026-07-29,47,ข้อสอบ ภาษา ญี่ปุ่น ง่ายๆ,75
2026-07-29,48,คําศัพท์ภาษาญี่ปุ่น n3,74
2026-07-29,49,คอร์ส ภาษา ญี่ปุ่น เบื้องต้น,74
2026-07-29,50,เรียน ภาษา ญี่ปุ่น ด้วย ตัว เอง pantip,70
2026-07-29,51,สอนภาษาญี่ปุ่นพื้นฐาน,70
2026-07-29,52,คอร์ส เรียน ภาษา ญี่ปุ่น พูด,70
2026-07-29,53,คอร์ส เรียน ภาษา ญี่ปุ่น รีวิว,69
2026-07-29,54,เรียน ภาษา ญี่ปุ่น ด้วย ตัว เอง ฟรี,68
2026-07-29,55,สอบ jlpt pantip,67
2026-07-29,56,คอร์ส ออนไลน์ สนทนา ภาษา ญี่ปุ่น พูด ได้ ใช้ คล่อง,66
2026-07-29,57,ไวยากรณ์ ภาษา ญี่ปุ่น เบื้องต้น,64
2026-07-29,58,ไวยากรณ์ภาษาญี่ปุ่น n2,58
2026-07-29,59,คอร์ส ภาษา ญี่ปุ่น ธุรกิจ,58
2026-07-29,60,ไวยากรณ์ภาษาญี่ปุ่น n3,56
2026-07-29,61,สอบ jlpt ยาก ไหม,54
2026-07-29,62,สอบ jlpt n5,53
2026-07-29,63,คอร์ส ภาษา ญี่ปุ่น มหิดล,52
2026-07-29,64,ภาษาญี่ปุ่นเบื้องต้น บทที่ 1,52
2026-07-29,65,สอบ jlpt ยัง ไง,52
2026-07-29,66,ภาษา ญี่ปุ่น เบื้องต้น หนังสือ,51
2026-07-29,67,คําศัพท์ภาษาญี่ปุ่น n2,50
2026-07-29,68,สอบ jlpt ไม่ ผ่าน,50
2026-07-29,69,เรียนภาษาญี่ปุ่น เด็ก,49
2026-07-29,70,สอบ jlpt ออนไลน์,48
2026-07-29,71,เรียน ภาษา ญี่ปุ่น by click japanese,47
2026-07-29,72,ข้อสอบ ภาษา ญี่ปุ่น พร้อม เฉลย,46
2026-07-29,73,คอร์ส เรียน ภาษา ญี่ปุ่น ราคา,45
2026-07-29,74,สอบ jlpt ที่ไหน,45
2026-07-29,75,สอบ jlpt n1,45
2026-07-29,76,เรียน ภาษา ญี่ปุ่น future skill,44
2026-07-29,77,คอร์ส เรียน ภาษา ญี่ปุ่น pantip,44
2026-07-29,78,ข้อสอบ ภาษา ญี่ปุ่น a level,44
2026-07-29,79,ไวยากรณ์ ภาษา ญี่ปุ่น เบื้องต้น ฉบับ สมบูรณ์ pdf,43
2026-07-29,80,สอบ jlpt ครั้ง ที่ 1,43
2026-07-29,81,เรียน ภาษา ญี่ปุ่น ด้วย ตัว เอง n1,42
2026-07-29,82,คอร์ส ภาษา ญี่ปุ่น ออนไลน์ ฟรี,41
2026-07-29,83,ภาษา ญี่ปุ่น เบื้องต้น สวัสดี,41
2026-07-29,84,คอร์ส เรียน ภาษา ญี่ปุ่น a level,40
2026-07-29,85,สอนภาษาญี่ปุ่น n4,40
2026-07-29,86,สนทนา ภาษา ญี่ปุ่น ใน ชีวิต ประ จํา วัน,40
2026-07-29,87,เรียนภาษาญี่ปุ่น ออนไลน์,39
2026-07-29,88,เรียน ภาษา ญี่ปุ่น by click japanese รีวิว,39
2026-07-29,89,เรียน ภาษา ญี่ปุ่น by eri,39
2026-07-29,90,เรียน ภาษา ญี่ปุ่น i love japan,39
2026-07-29,91,สอนภาษาญี่ปุ่น สนทนา,39
2026-07-29,92,สอบ jlpt ระดับ,39
2026-07-29,93,ข้อสอบ ภาษา ญี่ปุ่น แปล ว่า,39
2026-07-29,94,โรงเรียน สอน ภาษา ญี่ปุ่น ichiban japanese language center,38
2026-07-29,95,ข้อสอบ ภาษา ญี่ปุ่น เขียน ยัง ไง,38
2026-07-29,96,ไวยากรณ์ ภาษา ญี่ปุ่น ชั้น ต้น,37
2026-07-29,97,สอบ jlpt คือ,37
2026-07-29,98,สอบ jlpt ครั้ง แรก,37
2026-07-29,99,สอบ jlpt n2,37
2026-07-29,100,เรียน ภาษา ญี่ปุ่น a level,36
2026-07-30,1,ข้อสอบภาษาญี่ปุ่น n4,290
2026-07-30,2,คําศัพท์ภาษาญี่ปุ่น nc,289
2026-07-30,3,สนทนาภาษาญี่ปุ่นพื้นฐาน,287
2026-07-30,4,สนทนาภาษาญี่ปุ่น เบื้องต้น,269
2026-07-30,5,ไวยากรณ์ภาษาญี่ปุ่น n1,251
2026-07-30,6,ข้อสอบภาษาญี่ปุ่น n5,244
2026-07-30,7,ข้อสอบ ภาษา ญี่ปุ่น คือ,235
2026-07-30,8,ข้อสอบ ภาษา ญี่ปุ่น pdf,199
2026-07-30,9,ไวยากรณ์ ภาษา ญี่ปุ่น pantip,197
2026-07-30,10,คําศัพท์ภาษาญี่ปุ่น n5,189
2026-07-30,11,เรียน ภาษา ญี่ปุ่น ด้วย ตัว เอง รีวิว,188
2026-07-30,12,คําศัพท์ภาษาญี่ปุ่นง่ายๆ,187
2026-07-30,13,ภาษา ญี่ปุ่น เบื้องต้น สนทนา,187
2026-07-30,14,คําศัพท์ภาษาญี่ปุ่นเบื้องต้น,168
2026-07-30,15,สนทนาภาษาญี่ปุ่น n4,167
2026-07-30,16,ภาษาญี่ปุ่น เบื้องต้น,166
2026-07-30,17,คอร์ส ภาษา ญี่ปุ่น ราคา,164
2026-07-30,18,ไวยากรณ์ภาษาญี่ปุ่น n4,159
2026-07-30,19,ภาษา ญี่ปุ่น เบื้องต้น pdf,157
2026-07-30,20,คอร์ส ภาษา ญี่ปุ่น พื้นฐาน,155
2026-07-30,21,คําศัพท์ภาษาญี่ปุ่น n1,151
2026-07-30,22,คอร์ส ภาษา ญี่ปุ่น ออนไลน์,146
2026-07-30,23,ไวยากรณ์ ภาษา ญี่ปุ่น คือ,138
2026-07-30,24,ไวยากรณ์ ภาษา ญี่ปุ่น พื้นฐาน,134
2026-07-30,25,คอร์ส ภาษา ญี่ปุ่น ฟรี,129
2026-07-30,26,ไวยากรณ์ ภาษา ญี่ปุ่น ทั้งหมด,124
2026-07-30,27,ไวยากรณ์ ภาษา ญี่ปุ่น เรียก ว่า,121
2026-07-30,28,คําศัพท์ภาษาญี่ปุ่นพื้นฐาน,117
2026-07-30,29,สนทนา ภาษา ญี่ปุ่น,115
2026-07-30,30,เรียนภาษาญี่ปุ่นด้วยตัวเอง,107
2026-07-30,31,ข้อสอบ ภาษา ญี่ปุ่น พื้นฐาน,107
2026-07-30,32,ไวยากรณ์ ภาษา ญี่ปุ่น pdf,103
2026-07-30,33,ภาษาญี่ปุ่นเบื้องต้น พยัญชนะ,101
2026-07-30,34,ภาษา ญี่ปุ่น เบื้องต้น n5,96
2026-07-30,35,คอร์ส เรียน ภาษา ญี่ปุ่น พื้นฐาน,91
2026-07-30,36,สอนภาษาญี่ปุ่นง่ายๆ,89
2026-07-30,37,ข้อสอบภาษาญี่ปุ่น,89
2026-07-30,38,สนทนาภาษาญี่ปุ่นเบื้องต้น,88
2026-07-30,39,สอนภาษาญี่ปุ่นฟรี,86
2026-07-30,40,สอบ jlpt ผ่าน,82
2026-07-30,41,คําศัพท์ภาษาญี่ปุ่น n4,81
2026-07-30,42,สนทนา ภาษา ญี่ปุ่น พื้นฐาน,81
2026-07-30,43,ไวยากรณ์ภาษาญี่ปุ่น n5,76
2026-07-30,44,ภาษา ญี่ปุ่น เบื้องต้น ฟรี,76
2026-07-30,45,ไวยากรณ์ภาษาญี่ปุ่นเบื้องต้น,75
2026-07-30,46,ข้อสอบ ภาษา ญี่ปุ่น เบื้องต้น,75
2026-07-30,47,ข้อสอบ ภาษา ญี่ปุ่น ง่ายๆ,75
2026-07-30,48,คําศัพท์ภาษาญี่ปุ่น n3,74
2026-07-30,49,คอร์ส ภาษา ญี่ปุ่น เบื้องต้น,74
2026-07-30,50,สอบ jlpt pantip,73
2026-07-30,51,เรียน ภาษา ญี่ปุ่น ด้วย ตัว เอง pantip,70
2026-07-30,52,สอนภาษาญี่ปุ่นพื้นฐาน,70
2026-07-30,53,คอร์ส เรียน ภาษา ญี่ปุ่น พูด,70
2026-07-30,54,คอร์ส เรียน ภาษา ญี่ปุ่น รีวิว,69
2026-07-30,55,เรียน ภาษา ญี่ปุ่น ด้วย ตัว เอง ฟรี,68
2026-07-30,56,คอร์ส ออนไลน์ สนทนา ภาษา ญี่ปุ่น พูด ได้ ใช้ คล่อง,66
2026-07-30,57,ไวยากรณ์ ภาษา ญี่ปุ่น เบื้องต้น,65
2026-07-30,58,ไวยากรณ์ภาษาญี่ปุ่น n2,58
2026-07-30,59,คอร์ส ภาษา ญี่ปุ่น ธุรกิจ,58
2026-07-30,60,ไวยากรณ์ภาษาญี่ปุ่น n3,56
2026-07-30,61,สอบ jlpt ยาก ไหม,54
2026-07-30,62,สอบ jlpt n5,53
2026-07-30,63,คอร์ส ภาษา ญี่ปุ่น มหิดล,52
2026-07-30,64,ภาษาญี่ปุ่นเบื้องต้น บทที่ 1,52
2026-07-30,65,สอบ jlpt ยัง ไง,52
2026-07-30,66,ภาษา ญี่ปุ่น เบื้องต้น หนังสือ,51
2026-07-30,67,คําศัพท์ภาษาญี่ปุ่น n2,50
2026-07-30,68,สอบ jlpt ไม่ ผ่าน,50
2026-07-30,69,เรียนภาษาญี่ปุ่น เด็ก,49
2026-07-30,70,สอบ jlpt ออนไลน์,48
2026-07-30,71,เรียน ภาษา ญี่ปุ่น by click japanese,47
2026-07-30,72,ข้อสอบ ภาษา ญี่ปุ่น พร้อม เฉลย,46
2026-07-30,73,คอร์ส เรียน ภาษา ญี่ปุ่น ราคา,45
2026-07-30,74,สอบ jlpt ที่ไหน,45
2026-07-30,75,สอบ jlpt n1,45
2026-07-30,76,เรียน ภาษา ญี่ปุ่น future skill,44
2026-07-30,77,คอร์ส เรียน ภาษา ญี่ปุ่น pantip,44
2026-07-30,78,ไวยากรณ์ ภาษา ญี่ปุ่น เบื้องต้น ฉบับ สมบูรณ์ pdf,44
2026-07-30,79,ข้อสอบ ภาษา ญี่ปุ่น a level,44
2026-07-30,80,สอบ jlpt ครั้ง ที่ 1,43
2026-07-30,81,ภาษา ญี่ปุ่น เบื้องต้น สวัสดี,42
2026-07-30,82,เรียน ภาษา ญี่ปุ่น ด้วย ตัว เอง n1,42
2026-07-30,83,คอร์ส ภาษา ญี่ปุ่น ออนไลน์ ฟรี,41
2026-07-30,84,สอบ jlpt n2,41
2026-07-30,85,สอนภาษาญี่ปุ่น n4,40
2026-07-30,86,สนทนา ภาษา ญี่ปุ่น ใน ชีวิต ประ จํา วัน,40
2026-07-30,87,คอร์ส เรียน ภาษา ญี่ปุ่น a level,39
2026-07-30,88,เรียน ภาษา ญี่ปุ่น by click japanese รีวิว,39
2026-07-30,89,เรียน ภาษา ญี่ปุ่น by eri,39
2026-07-30,90,เรียน ภาษา ญี่ปุ่น i love japan,39
2026-07-30,91,สอนภาษาญี่ปุ่น สนทนา,39
2026-07-30,92,สอบ jlpt ระดับ,39
2026-07-30,93,ข้อสอบ ภาษา ญี่ปุ่น แปล ว่า,39
2026-07-30,94,เรียนภาษาญี่ปุ่น ออนไลน์,38
2026-07-30,95,โรงเรียน สอน ภาษา ญี่ปุ่น ichiban japanese language center,38
2026-07-30,96,ข้อสอบ ภาษา ญี่ปุ่น เขียน ยัง ไง,38
2026-07-30,97,ไวยากรณ์ ภาษา ญี่ปุ่น ชั้น ต้น,37
2026-07-30,98,สอบ jlpt คือ,37
2026-07-30,99,สอบ jlpt ครั้ง แรก,37
2026-07-30,100,เรียน ภาษา ญี่ปุ่น a level,36
2026-07-31,1,ข้อสอบภาษาญี่ปุ่น n4,290
2026-07-31,2,คําศัพท์ภาษาญี่ปุ่น nc,288
2026-07-31,3,สนทนาภาษาญี่ปุ่นพื้นฐาน,287
2026-07-31,4,สนทนาภาษาญี่ปุ่น เบื้องต้น,269
2026-07-31,5,ไวยากรณ์ภาษาญี่ปุ่น n1,251
2026-07-31,6,ข้อสอบภาษาญี่ปุ่น n5,244
2026-07-31,7,ข้อสอบ ภาษา ญี่ปุ่น คือ,235
2026-07-31,8,ข้อสอบ ภาษา ญี่ปุ่น pdf,199
2026-07-31,9,ไวยากรณ์ ภาษา ญี่ปุ่น pantip,197
2026-07-31,10,คําศัพท์ภาษาญี่ปุ่น n5,189
2026-07-31,11,เรียน ภาษา ญี่ปุ่น ด้วย ตัว เอง รีวิว,188
2026-07-31,12,คําศัพท์ภาษาญี่ปุ่นง่ายๆ,187
2026-07-31,13,ภาษา ญี่ปุ่น เบื้องต้น สนทนา,186
2026-07-31,14,คําศัพท์ภาษาญี่ปุ่นเบื้องต้น,168
2026-07-31,15,สนทนาภาษาญี่ปุ่น n4,167
2026-07-31,16,ภาษาญี่ปุ่น เบื้องต้น,165
2026-07-31,17,คอร์ส ภาษา ญี่ปุ่น ราคา,164
2026-07-31,18,ไวยากรณ์ภาษาญี่ปุ่น n4,159
2026-07-31,19,ภาษา ญี่ปุ่น เบื้องต้น pdf,157
2026-07-31,20,คอร์ส ภาษา ญี่ปุ่น พื้นฐาน,155
2026-07-31,21,คําศัพท์ภาษาญี่ปุ่น n1,151
2026-07-31,22,คอร์ส ภาษา ญี่ปุ่น ออนไลน์,146
2026-07-31,23,ไวยากรณ์ ภาษา ญี่ปุ่น คือ,138
2026-07-31,24,ไวยากรณ์ ภาษา ญี่ปุ่น พื้นฐาน,134
2026-07-31,25,คอร์ส ภาษา ญี่ปุ่น ฟรี,129
2026-07-31,26,ไวยากรณ์ ภาษา ญี่ปุ่น ทั้งหมด,124
2026-07-31,27,ไวยากรณ์ ภาษา ญี่ปุ่น เรียก ว่า,121
2026-07-31,28,คําศัพท์ภาษาญี่ปุ่นพื้นฐาน,117
2026-07-31,29,สนทนา ภาษา ญี่ปุ่น,115
2026-07-31,30,เรียนภาษาญี่ปุ่นด้วยตัวเอง,107
2026-07-31,31,ข้อสอบ ภาษา ญี่ปุ่น พื้นฐาน,107
2026-07-31,32,ไวยากรณ์ ภาษา ญี่ปุ่น pdf,103
2026-07-31,33,ภาษาญี่ปุ่นเบื้องต้น พยัญชนะ,100
2026-07-31,34,ภาษา ญี่ปุ่น เบื้องต้น n5,96
2026-07-31,35,สอนภาษาญี่ปุ่นง่ายๆ,91
2026-07-31,36,คอร์ส เรียน ภาษา ญี่ปุ่น พื้นฐาน,91
2026-07-31,37,ข้อสอบภาษาญี่ปุ่น,89
2026-07-31,38,สนทนาภาษาญี่ปุ่นเบื้องต้น,88
2026-07-31,39,สอนภาษาญี่ปุ่นฟรี,86
2026-07-31,40,คําศัพท์ภาษาญี่ปุ่น n4,81
2026-07-31,41,สนทนา ภาษา ญี่ปุ่น พื้นฐาน,81
2026-07-31,42,สอบ jlpt ผ่าน,79
2026-07-31,43,ไวยากรณ์ภาษาญี่ปุ่น n5,76
2026-07-31,44,ภาษา ญี่ปุ่น เบื้องต้น ฟรี,76
2026-07-31,45,ไวยากรณ์ภาษาญี่ปุ่นเบื้องต้น,75
2026-07-31,46,ข้อสอบ ภาษา ญี่ปุ่น เบื้องต้น,75
2026-07-31,47,ข้อสอบ ภาษา ญี่ปุ่น ง่ายๆ,75
2026-07-31,48,คําศัพท์ภาษาญี่ปุ่น n3,74
2026-07-31,49,คอร์ส ภาษา ญี่ปุ่น เบื้องต้น,74
2026-07-31,50,เรียน ภาษา ญี่ปุ่น ด้วย ตัว เอง pantip,70
2026-07-31,51,สอนภาษาญี่ปุ่นพื้นฐาน,70
2026-07-31,52,คอร์ส เรียน ภาษา ญี่ปุ่น พูด,70
2026-07-31,53,คอร์ส เรียน ภาษา ญี่ปุ่น รีวิว,69
2026-07-31,54,เรียน ภาษา ญี่ปุ่น ด้วย ตัว เอง ฟรี,68
2026-07-31,55,สอบ jlpt pantip,67
2026-07-31,56,คอร์ส ออนไลน์ สนทนา ภาษา ญี่ปุ่น พูด ได้ ใช้ คล่อง,66
2026-07-31,57,ไวยากรณ์ ภาษา ญี่ปุ่น เบื้องต้น,64
2026-07-31,58,ไวยากรณ์ภาษาญี่ปุ่น n2,58
2026-07-31,59,คอร์ส ภาษา ญี่ปุ่น ธุรกิจ,58
2026-07-31,60,ไวยากรณ์ภาษาญี่ปุ่น n3,56
2026-07-31,61,สอบ jlpt ยาก ไหม,54
2026-07-31,62,สอบ jlpt n5,53
2026-07-31,63,คอร์ส ภาษา ญี่ปุ่น มหิดล,52
2026-07-31,64,ภาษาญี่ปุ่นเบื้องต้น บทที่ 1,52
2026-07-31,65,สอบ jlpt ยัง ไง,52
2026-07-31,66,ภาษา ญี่ปุ่น เบื้องต้น หนังสือ,51
2026-07-31,67,คําศัพท์ภาษาญี่ปุ่น n2,50
2026-07-31,68,สอบ jlpt ไม่ ผ่าน,50
2026-07-31,69,เรียนภาษาญี่ปุ่น เด็ก,49
2026-07-31,70,สอบ jlpt ออนไลน์,48
2026-07-31,71,เรียน ภาษา ญี่ปุ่น by click japanese,47
2026-07-31,72,ข้อสอบ ภาษา ญี่ปุ่น พร้อม เฉลย,46
2026-07-31,73,คอร์ส เรียน ภาษา ญี่ปุ่น ราคา,45
2026-07-31,74,สอบ jlpt ที่ไหน,45
2026-07-31,75,สอบ jlpt n1,45
2026-07-31,76,เรียน ภาษา ญี่ปุ่น future skill,44
2026-07-31,77,คอร์ส เรียน ภาษา ญี่ปุ่น pantip,44
2026-07-31,78,ข้อสอบ ภาษา ญี่ปุ่น a level,44
2026-07-31,79,ไวยากรณ์ ภาษา ญี่ปุ่น เบื้องต้น ฉบับ สมบูรณ์ pdf,43
2026-07-31,80,สอบ jlpt ครั้ง ที่ 1,43
2026-07-31,81,สอนภาษาญี่ปุ่น n4,42
2026-07-31,82,เรียน ภาษา ญี่ปุ่น ด้วย ตัว เอง n1,42
2026-07-31,83,คอร์ส ภาษา ญี่ปุ่น ออนไลน์ ฟรี,41
2026-07-31,84,ภาษา ญี่ปุ่น เบื้องต้น สวัสดี,41
2026-07-31,85,สนทนา ภาษา ญี่ปุ่น ใน ชีวิต ประ จํา วัน,40
2026-07-31,86,เรียนภาษาญี่ปุ่น ออนไลน์,39
2026-07-31,87,คอร์ส เรียน ภาษา ญี่ปุ่น a level,39
2026-07-31,88,เรียน ภาษา ญี่ปุ่น by click japanese รีวิว,39
2026-07-31,89,เรียน ภาษา ญี่ปุ่น by eri,39
2026-07-31,90,เรียน ภาษา ญี่ปุ่น i love japan,39
2026-07-31,91,สอนภาษาญี่ปุ่น สนทนา,39
2026-07-31,92,สอบ jlpt ระดับ,39
2026-07-31,93,ข้อสอบ ภาษา ญี่ปุ่น แปล ว่า,39
2026-07-31,94,โรงเรียน สอน ภาษา ญี่ปุ่น ichiban japanese language center,38
2026-07-31,95,ข้อสอบ ภาษา ญี่ปุ่น เขียน ยัง ไง,38
2026-07-31,96,ไวยากรณ์ ภาษา ญี่ปุ่น ชั้น ต้น,37
2026-07-31,97,สอบ jlpt คือ,37
2026-07-31,98,สอบ jlpt ครั้ง แรก,37
2026-07-31,99,สอบ jlpt n2,37
2026-07-31,100,เรียน ภาษา ญี่ปุ่น a level,36
2026-08-01,1,ข้อสอบภาษาญี่ปุ่น n4,290
2026-08-01,2,คําศัพท์ภาษาญี่ปุ่น nc,288
2026-08-01,3,สนทนาภาษาญี่ปุ่นพื้นฐาน,287
2026-08-01,4,สนทนาภาษาญี่ปุ่น เบื้องต้น,269
2026-08-01,5,ไวยากรณ์ภาษาญี่ปุ่น n1,251
2026-08-01,6,ข้อสอบภาษาญี่ปุ่น n5,244
2026-08-01,7,ข้อสอบ ภาษา ญี่ปุ่น คือ,235
2026-08-01,8,ข้อสอบ ภาษา ญี่ปุ่น pdf,199
2026-08-01,9,ไวยากรณ์ ภาษา ญี่ปุ่น pantip,197
2026-08-01,10,คําศัพท์ภาษาญี่ปุ่น n5,189
2026-08-01,11,คําศัพท์ภาษาญี่ปุ่นง่ายๆ,189
2026-08-01,12,เรียน ภาษา ญี่ปุ่น ด้วย ตัว เอง รีวิว,188
2026-08-01,13,ภาษา ญี่ปุ่น เบื้องต้น สนทนา,187
2026-08-01,14,คําศัพท์ภาษาญี่ปุ่นเบื้องต้น,167
2026-08-01,15,สนทนาภาษาญี่ปุ่น n4,167
2026-08-01,16,ภาษาญี่ปุ่น เบื้องต้น,166
2026-08-01,17,คอร์ส ภาษา ญี่ปุ่น ราคา,164
2026-08-01,18,ไวยากรณ์ภาษาญี่ปุ่น n4,159
2026-08-01,19,ภาษา ญี่ปุ่น เบื้องต้น pdf,157
2026-08-01,20,คอร์ส ภาษา ญี่ปุ่น พื้นฐาน,155
2026-08-01,21,คําศัพท์ภาษาญี่ปุ่น n1,153
2026-08-01,22,คอร์ส ภาษา ญี่ปุ่น ออนไลน์,146
2026-08-01,23,ไวยากรณ์ ภาษา ญี่ปุ่น คือ,138
2026-08-01,24,ไวยากรณ์ ภาษา ญี่ปุ่น พื้นฐาน,134
2026-08-01,25,คอร์ส ภาษา ญี่ปุ่น ฟรี,129
2026-08-01,26,ไวยากรณ์ ภาษา ญี่ปุ่น ทั้งหมด,124
2026-08-01,27,ไวยากรณ์ ภาษา ญี่ปุ่น เรียก ว่า,121
2026-08-01,28,คําศัพท์ภาษาญี่ปุ่นพื้นฐาน,117
2026-08-01,29,สนทนา ภาษา ญี่ปุ่น,115
2026-08-01,30,เรียนภาษาญี่ปุ่นด้วยตัวเอง,107
2026-08-01,31,ข้อสอบ ภาษา ญี่ปุ่น พื้นฐาน,107
2026-08-01,32,ไวยากรณ์ ภาษา ญี่ปุ่น pdf,103
2026-08-01,33,ภาษาญี่ปุ่นเบื้องต้น พยัญชนะ,100
2026-08-01,34,ภาษา ญี่ปุ่น เบื้องต้น n5,96
2026-08-01,35,คอร์ส เรียน ภาษา ญี่ปุ่น พื้นฐาน,91
2026-08-01,36,สอนภาษาญี่ปุ่นง่ายๆ,89
2026-08-01,37,ข้อสอบภาษาญี่ปุ่น,89
2026-08-01,38,สนทนาภาษาญี่ปุ่นเบื้องต้น,88
2026-08-01,39,สอนภาษาญี่ปุ่นฟรี,86
2026-08-01,40,คําศัพท์ภาษาญี่ปุ่น n4,82
2026-08-01,41,สนทนา ภาษา ญี่ปุ่น พื้นฐาน,81
2026-08-01,42,สอบ jlpt ผ่าน,79
2026-08-01,43,ไวยากรณ์ภาษาญี่ปุ่น n5,76
2026-08-01,44,ภาษา ญี่ปุ่น เบื้องต้น ฟรี,76
2026-08-01,45,ไวยากรณ์ภาษาญี่ปุ่นเบื้องต้น,75
2026-08-01,46,คําศัพท์ภาษาญี่ปุ่น n3,75
2026-08-01,47,ข้อสอบ ภาษา ญี่ปุ่น เบื้องต้น,75
2026-08-01,48,ข้อสอบ ภาษา ญี่ปุ่น ง่ายๆ,75
2026-08-01,49,คอร์ส ภาษา ญี่ปุ่น เบื้องต้น,74
2026-08-01,50,เรียน ภาษา ญี่ปุ่น ด้วย ตัว เอง pantip,70
2026-08-01,51,สอนภาษาญี่ปุ่นพื้นฐาน,70
2026-08-01,52,คอร์ส เรียน ภาษา ญี่ปุ่น พูด,70
2026-08-01,53,คอร์ส เรียน ภาษา ญี่ปุ่น รีวิว,69
2026-08-01,54,เรียน ภาษา ญี่ปุ่น ด้วย ตัว เอง ฟรี,68
2026-08-01,55,สอบ jlpt pantip,67
2026-08-01,56,คอร์ส ออนไลน์ สนทนา ภาษา ญี่ปุ่น พูด ได้ ใช้ คล่อง,66
2026-08-01,57,ไวยากรณ์ ภาษา ญี่ปุ่น เบื้องต้น,64
2026-08-01,58,ไวยากรณ์ภาษาญี่ปุ่น n2,58
2026-08-01,59,คอร์ส ภาษา ญี่ปุ่น ธุรกิจ,58
2026-08-01,60,ไวยากรณ์ภาษาญี่ปุ่น n3,56
2026-08-01,61,สอบ jlpt ยาก ไหม,54
2026-08-01,62,คําศัพท์ภาษาญี่ปุ่น n2,52
2026-08-01,63,คอร์ส ภาษา ญี่ปุ่น มหิดล,52
2026-08-01,64,ภาษาญี่ปุ่นเบื้องต้น บทที่ 1,52
2026-08-01,65,สอบ jlpt ยัง ไง,52
2026-08-01,66,ภาษา ญี่ปุ่น เบื้องต้น หนังสือ,51
2026-08-01,67,สอบ jlpt ไม่ ผ่าน,50
2026-08-01,68,เรียนภาษาญี่ปุ่น เด็ก,49
2026-08-01,69,สอบ jlpt n5,48
2026-08-01,70,สอบ jlpt ออนไลน์,48
2026-08-01,71,เรียน ภาษา ญี่ปุ่น by click japanese,47
2026-08-01,72,สอบ jlpt n1,46
2026-08-01,73,ข้อสอบ ภาษา ญี่ปุ่น พร้อม เฉลย,46
2026-08-01,74,คอร์ส เรียน ภาษา ญี่ปุ่น ราคา,45
2026-08-01,75,เรียน ภาษา ญี่ปุ่น future skill,44
2026-08-01,76,คอร์ส เรียน ภาษา ญี่ปุ่น pantip,44
2026-08-01,77,สอบ jlpt ครั้ง ที่ 1,44
2026-08-01,78,ข้อสอบ ภาษา ญี่ปุ่น a level,44
2026-08-01,79,ไวยากรณ์ ภาษา ญี่ปุ่น เบื้องต้น ฉบับ สมบูรณ์ pdf,43
2026-08-01,80,ภาษา ญี่ปุ่น เบื้องต้น สวัสดี,42
2026-08-01,81,เรียน ภาษา ญี่ปุ่น ด้วย ตัว เอง n1,42
2026-08-01,82,คอร์ส ภาษา ญี่ปุ่น ออนไลน์ ฟรี,41
2026-08-01,83,สอนภาษาญี่ปุ่น n4,40
2026-08-01,84,สนทนา ภาษา ญี่ปุ่น ใน ชีวิต ประ จํา วัน,40
2026-08-01,85,สอบ jlpt คือ,40
2026-08-01,86,เรียนภาษาญี่ปุ่น ออนไลน์,39
2026-08-01,87,คอร์ส เรียน ภาษา ญี่ปุ่น a level,39
2026-08-01,88,เรียน ภาษา ญี่ปุ่น by click japanese รีวิว,39
2026-08-01,89,เรียน ภาษา ญี่ปุ่น by eri,39
2026-08-01,90,เรียน ภาษา ญี่ปุ่น i love japan,39
2026-08-01,91,สอนภาษาญี่ปุ่น สนทนา,39
2026-08-01,92,สอบ jlpt ระดับ,39
2026-08-01,93,ข้อสอบ ภาษา ญี่ปุ่น แปล ว่า,39
2026-08-01,94,โรงเรียน สอน ภาษา ญี่ปุ่น ichiban japanese language center,38
2026-08-01,95,สอบ jlpt ที่ไหน,38
2026-08-01,96,ข้อสอบ ภาษา ญี่ปุ่น เขียน ยัง ไง,38
2026-08-01,97,ไวยากรณ์ ภาษา ญี่ปุ่น ชั้น ต้น,37
2026-08-01,98,สอบ jlpt ครั้ง แรก,37
2026-08-01,99,สอบ jlpt n2,37
2026-08-01,100,เรียน ภาษา ญี่ปุ่น a level,36
2026-08-02,1,ข้อสอบภาษาญี่ปุ่น n4,292
2026-08-02,2,คําศัพท์ภาษาญี่ปุ่น nc,288
2026-08-02,3,สนทนาภาษาญี่ปุ่นพื้นฐาน,287
2026-08-02,4,สนทนาภาษาญี่ปุ่น เบื้องต้น,269
2026-08-02,5,ไวยากรณ์ภาษาญี่ปุ่น n1,251
2026-08-02,6,ข้อสอบภาษาญี่ปุ่น n5,246
2026-08-02,7,ข้อสอบ ภาษา ญี่ปุ่น คือ,235
2026-08-02,8,ข้อสอบ ภาษา ญี่ปุ่น pdf,201
2026-08-02,9,ไวยากรณ์ ภาษา ญี่ปุ่น pantip,197
2026-08-02,10,คําศัพท์ภาษาญี่ปุ่น n5,189
2026-08-02,11,เรียน ภาษา ญี่ปุ่น ด้วย ตัว เอง รีวิว,188
2026-08-02,12,คําศัพท์ภาษาญี่ปุ่นง่ายๆ,187
2026-08-02,13,ภาษา ญี่ปุ่น เบื้องต้น สนทนา,186
2026-08-02,14,คําศัพท์ภาษาญี่ปุ่นเบื้องต้น,168
2026-08-02,15,สนทนาภาษาญี่ปุ่น n4,167
2026-08-02,16,ภาษาญี่ปุ่น เบื้องต้น,165
2026-08-02,17,คอร์ส ภาษา ญี่ปุ่น ราคา,165
2026-08-02,18,ไวยากรณ์ภาษาญี่ปุ่น n4,159
2026-08-02,19,ภาษา ญี่ปุ่น เบื้องต้น pdf,157
2026-08-02,20,คอร์ส ภาษา ญี่ปุ่น พื้นฐาน,155
2026-08-02,21,คําศัพท์ภาษาญี่ปุ่น n1,151
2026-08-02,22,คอร์ส ภาษา ญี่ปุ่น ออนไลน์,146
2026-08-02,23,ไวยากรณ์ ภาษา ญี่ปุ่น คือ,138
2026-08-02,24,ไวยากรณ์ ภาษา ญี่ปุ่น พื้นฐาน,134
2026-08-02,25,คอร์ส ภาษา ญี่ปุ่น ฟรี,129
2026-08-02,26,ไวยากรณ์ ภาษา ญี่ปุ่น ทั้งหมด,124
2026-08-02,27,ไวยากรณ์ ภาษา ญี่ปุ่น เรียก ว่า,121
2026-08-02,28,คําศัพท์ภาษาญี่ปุ่นพื้นฐาน,117
2026-08-02,29,สนทนา ภาษา ญี่ปุ่น,115
2026-08-02,30,เรียนภาษาญี่ปุ่นด้วยตัวเอง,107
2026-08-02,31,ข้อสอบ ภาษา ญี่ปุ่น พื้นฐาน,107
2026-08-02,32,ไวยากรณ์ ภาษา ญี่ปุ่น pdf,103
2026-08-02,33,ภาษาญี่ปุ่นเบื้องต้น พยัญชนะ,100
2026-08-02,34,ภาษา ญี่ปุ่น เบื้องต้น n5,96
2026-08-02,35,คอร์ส เรียน ภาษา ญี่ปุ่น พื้นฐาน,91
2026-08-02,36,ข้อสอบภาษาญี่ปุ่น,90
2026-08-02,37,สอนภาษาญี่ปุ่นง่ายๆ,89
2026-08-02,38,สนทนาภาษาญี่ปุ่นเบื้องต้น,88
2026-08-02,39,สอนภาษาญี่ปุ่นฟรี,86
2026-08-02,40,คําศัพท์ภาษาญี่ปุ่น n4,81
2026-08-02,41,สนทนา ภาษา ญี่ปุ่น พื้นฐาน,81
2026-08-02,42,สอบ jlpt ผ่าน,79
2026-08-02,43,ไวยากรณ์ภาษาญี่ปุ่น n5,76
2026-08-02,44,ภาษา ญี่ปุ่น เบื้องต้น ฟรี,76
2026-08-02,45,ไวยากรณ์ภาษาญี่ปุ่นเบื้องต้น,75
2026-08-02,46,ข้อสอบ ภาษา ญี่ปุ่น เบื้องต้น,75
2026-08-02,47,ข้อสอบ ภาษา ญี่ปุ่น ง่ายๆ,75
2026-08-02,48,คําศัพท์ภาษาญี่ปุ่น n3,74
2026-08-02,49,คอร์ส ภาษา ญี่ปุ่น เบื้องต้น,74
2026-08-02,50,เรียน ภาษา ญี่ปุ่น ด้วย ตัว เอง pantip,70
2026-08-02,51,สอนภาษาญี่ปุ่นพื้นฐาน,70
2026-08-02,52,คอร์ส เรียน ภาษา ญี่ปุ่น พูด,70
2026-08-02,53,คอร์ส เรียน ภาษา ญี่ปุ่น รีวิว,69
2026-08-02,54,เรียน ภาษา ญี่ปุ่น ด้วย ตัว เอง ฟรี,68
2026-08-02,55,สอบ jlpt pantip,67
2026-08-02,56,คอร์ส ออนไลน์ สนทนา ภาษา ญี่ปุ่น พูด ได้ ใช้ คล่อง,66
2026-08-02,57,ไวยากรณ์ ภาษา ญี่ปุ่น เบื้องต้น,64
2026-08-02,58,คอร์ส ภาษา ญี่ปุ่น ธุรกิจ,59
2026-08-02,59,ไวยากรณ์ภาษาญี่ปุ่น n2,58
2026-08-02,60,ไวยากรณ์ภาษาญี่ปุ่น n3,56
2026-08-02,61,สอบ jlpt ยาก ไหม,54
2026-08-02,62,สอบ jlpt n5,53
2026-08-02,63,คอร์ส ภาษา ญี่ปุ่น มหิดล,52
2026-08-02,64,ภาษาญี่ปุ่นเบื้องต้น บทที่ 1,52
2026-08-02,65,สอบ jlpt ยัง ไง,52
2026-08-02,66,ภาษา ญี่ปุ่น เบื้องต้น หนังสือ,51
2026-08-02,67,คําศัพท์ภาษาญี่ปุ่น n2,50
2026-08-02,68,สอบ jlpt ไม่ ผ่าน,50
2026-08-02,69,เรียนภาษาญี่ปุ่น เด็ก,49
2026-08-02,70,เรียน ภาษา ญี่ปุ่น by click japanese,48
2026-08-02,71,สอบ jlpt ออนไลน์,48
2026-08-02,72,ข้อสอบ ภาษา ญี่ปุ่น พร้อม เฉลย,46
2026-08-02,73,คอร์ส เรียน ภาษา ญี่ปุ่น ราคา,45
2026-08-02,74,สอบ jlpt ที่ไหน,45
2026-08-02,75,สอบ jlpt n1,45
2026-08-02,76,เรียน ภาษา ญี่ปุ่น future skill,44
2026-08-02,77,คอร์ส เรียน ภาษา ญี่ปุ่น pantip,44
2026-08-02,78,ข้อสอบ ภาษา ญี่ปุ่น a level,44
2026-08-02,79,ไวยากรณ์ ภาษา ญี่ปุ่น เบื้องต้น ฉบับ สมบูรณ์ pdf,43
2026-08-02,80,สอบ jlpt ครั้ง ที่ 1,43
2026-08-02,81,เรียน ภาษา ญี่ปุ่น ด้วย ตัว เอง n1,42
2026-08-02,82,คอร์ส ภาษา ญี่ปุ่น ออนไลน์ ฟรี,41
2026-08-02,83,ภาษา ญี่ปุ่น เบื้องต้น สวัสดี,41
2026-08-02,84,เรียน ภาษา ญี่ปุ่น i love japan,40
2026-08-02,85,สอนภาษาญี่ปุ่น n4,40
2026-08-02,86,สนทนา ภาษา ญี่ปุ่น ใน ชีวิต ประ จํา วัน,40
2026-08-02,87,เรียนภาษาญี่ปุ่น ออนไลน์,39
2026-08-02,88,คอร์ส เรียน ภาษา ญี่ปุ่น a level,39
2026-08-02,89,เรียน ภาษา ญี่ปุ่น by click japanese รีวิว,39
2026-08-02,90,เรียน ภาษา ญี่ปุ่น by eri,39
2026-08-02,91,สอนภาษาญี่ปุ่น สนทนา,39
2026-08-02,92,สอบ jlpt ระดับ,39
2026-08-02,93,ข้อสอบ ภาษา ญี่ปุ่น แปล ว่า,39
2026-08-02,94,โรงเรียน สอน ภาษา ญี่ปุ่น ichiban japanese language center,38
2026-08-02,95,ข้อสอบ ภาษา ญี่ปุ่น เขียน ยัง ไง,38
2026-08-02,96,ไวยากรณ์ ภาษา ญี่ปุ่น ชั้น ต้น,37
2026-08-02,97,สอบ jlpt คือ,37
2026-08-02,98,สอบ jlpt ครั้ง แรก,37
2026-08-02,99,สอบ jlpt n2,37
2026-08-02,100,เรียน ภาษา ญี่ปุ่น a level,36
2026-08-04,1,ข้อสอบภาษาญี่ปุ่น n4,290
2026-08-04,2,คําศัพท์ภาษาญี่ปุ่น nc,288
2026-08-04,3,สนทนาภาษาญี่ปุ่นพื้นฐาน,287
2026-08-04,4,สนทนาภาษาญี่ปุ่น เบื้องต้น,270
2026-08-04,5,ไวยากรณ์ภาษาญี่ปุ่น n1,251
2026-08-04,6,ข้อสอบภาษาญี่ปุ่น n5,244
2026-08-04,7,ข้อสอบ ภาษา ญี่ปุ่น คือ,235
2026-08-04,8,ข้อสอบ ภาษา ญี่ปุ่น pdf,199
2026-08-04,9,ไวยากรณ์ ภาษา ญี่ปุ่น pantip,197
2026-08-04,10,คําศัพท์ภาษาญี่ปุ่น n5,189
2026-08-04,11,เรียน ภาษา ญี่ปุ่น ด้วย ตัว เอง รีวิว,188
2026-08-04,12,คําศัพท์ภาษาญี่ปุ่นง่ายๆ,187
2026-08-04,13,ภาษา ญี่ปุ่น เบื้องต้น สนทนา,187
2026-08-04,14,คําศัพท์ภาษาญี่ปุ่นเบื้องต้น,168
2026-08-04,15,สนทนาภาษาญี่ปุ่น n4,167
2026-08-04,16,ภาษาญี่ปุ่น เบื้องต้น,166
2026-08-04,17,คอร์ส ภาษา ญี่ปุ่น ราคา,165
2026-08-04,18,ไวยากรณ์ภาษาญี่ปุ่น n4,159
2026-08-04,19,ภาษา ญี่ปุ่น เบื้องต้น pdf,157
2026-08-04,20,คอร์ส ภาษา ญี่ปุ่น พื้นฐาน,155
2026-08-04,21,คําศัพท์ภาษาญี่ปุ่น n1,151
2026-08-04,22,คอร์ส ภาษา ญี่ปุ่น ออนไลน์,146
2026-08-04,23,ไวยากรณ์ ภาษา ญี่ปุ่น คือ,138
2026-08-04,24,ไวยากรณ์ ภาษา ญี่ปุ่น พื้นฐาน,134
2026-08-04,25,คอร์ส ภาษา ญี่ปุ่น ฟรี,129
2026-08-04,26,ไวยากรณ์ ภาษา ญี่ปุ่น ทั้งหมด,124
2026-08-04,27,ไวยากรณ์ ภาษา ญี่ปุ่น เรียก ว่า,121
2026-08-04,28,คําศัพท์ภาษาญี่ปุ่นพื้นฐาน,117
2026-08-04,29,สนทนา ภาษา ญี่ปุ่น,116
2026-08-04,30,เรียนภาษาญี่ปุ่นด้วยตัวเอง,107
2026-08-04,31,ข้อสอบ ภาษา ญี่ปุ่น พื้นฐาน,107
2026-08-04,32,ไวยากรณ์ ภาษา ญี่ปุ่น pdf,103
2026-08-04,33,ภาษาญี่ปุ่นเบื้องต้น พยัญชนะ,100
2026-08-04,34,ภาษา ญี่ปุ่น เบื้องต้น n5,96
2026-08-04,35,คอร์ส เรียน ภาษา ญี่ปุ่น พื้นฐาน,91
2026-08-04,36,สอนภาษาญี่ปุ่นง่ายๆ,89
2026-08-04,37,ข้อสอบภาษาญี่ปุ่น,89
2026-08-04,38,สนทนาภาษาญี่ปุ่นเบื้องต้น,88
2026-08-04,39,สอนภาษาญี่ปุ่นฟรี,86
2026-08-04,40,สนทนา ภาษา ญี่ปุ่น พื้นฐาน,82
2026-08-04,41,คําศัพท์ภาษาญี่ปุ่น n4,81
2026-08-04,42,สอบ jlpt ผ่าน,79
2026-08-04,43,ไวยากรณ์ภาษาญี่ปุ่น n5,76
2026-08-04,44,ภาษา ญี่ปุ่น เบื้องต้น ฟรี,76
2026-08-04,45,ไวยากรณ์ภาษาญี่ปุ่นเบื้องต้น,75
2026-08-04,46,ข้อสอบ ภาษา ญี่ปุ่น เบื้องต้น,75
2026-08-04,47,ข้อสอบ ภาษา ญี่ปุ่น ง่ายๆ,75
2026-08-04,48,คําศัพท์ภาษาญี่ปุ่น n3,74
2026-08-04,49,คอร์ส ภาษา ญี่ปุ่น เบื้องต้น,74
2026-08-04,50,คอร์ส เรียน ภาษา ญี่ปุ่น พูด,71
2026-08-04,51,เรียน ภาษา ญี่ปุ่น ด้วย ตัว เอง pantip,70
2026-08-04,52,สอนภาษาญี่ปุ่นพื้นฐาน,70
2026-08-04,53,คอร์ส เรียน ภาษา ญี่ปุ่น รีวิว,70
2026-08-04,54,เรียน ภาษา ญี่ปุ่น ด้วย ตัว เอง ฟรี,68
2026-08-04,55,คอร์ส ออนไลน์ สนทนา ภาษา ญี่ปุ่น พูด ได้ ใช้ คล่อง,67
2026-08-04,56,สอบ jlpt pantip,67
2026-08-04,57,ไวยากรณ์ ภาษา ญี่ปุ่น เบื้องต้น,64
2026-08-04,58,ไวยากรณ์ภาษาญี่ปุ่น n2,58
2026-08-04,59,คอร์ส ภาษา ญี่ปุ่น ธุรกิจ,58
2026-08-04,60,ไวยากรณ์ภาษาญี่ปุ่น n3,56
2026-08-04,61,สอบ jlpt n5,54
2026-08-04,62,สอบ jlpt ยาก ไหม,54
2026-08-04,63,คอร์ส ภาษา ญี่ปุ่น มหิดล,52
2026-08-04,64,ภาษาญี่ปุ่นเบื้องต้น บทที่ 1,52
2026-08-04,65,สอบ jlpt ยัง ไง,52
2026-08-04,66,ภาษา ญี่ปุ่น เบื้องต้น หนังสือ,51
2026-08-04,67,คําศัพท์ภาษาญี่ปุ่น n2,50
2026-08-04,68,สอบ jlpt ไม่ ผ่าน,50
2026-08-04,69,เรียนภาษาญี่ปุ่น เด็ก,49
2026-08-04,70,เรียน ภาษา ญี่ปุ่น by click japanese,48
2026-08-04,71,สอบ jlpt ออนไลน์,48
2026-08-04,72,สอบ jlpt ที่ไหน,46
2026-08-04,73,ข้อสอบ ภาษา ญี่ปุ่น พร้อม เฉลย,46
2026-08-04,74,คอร์ส เรียน ภาษา ญี่ปุ่น ราคา,45
2026-08-04,75,สอบ jlpt n1,45
2026-08-04,76,คอร์ส เรียน ภาษา ญี่ปุ่น pantip,44
2026-08-04,77,ข้อสอบ ภาษา ญี่ปุ่น a level,44
2026-08-04,78,สอบ jlpt ครั้ง ที่ 1,43
2026-08-04,79,ภาษา ญี่ปุ่น เบื้องต้น สวัสดี,42
2026-08-04,80,เรียน ภาษา ญี่ปุ่น ด้วย ตัว เอง n1,42
2026-08-04,81,คอร์ส ภาษา ญี่ปุ่น ออนไลน์ ฟรี,41
2026-08-04,82,เรียน ภาษา ญี่ปุ่น i love japan,40
2026-08-04,83,สอนภาษาญี่ปุ่น n4,40
2026-08-04,84,สนทนา ภาษา ญี่ปุ่น ใน ชีวิต ประ จํา วัน,40
2026-08-04,85,คอร์ส เรียน ภาษา ญี่ปุ่น a level,39
2026-08-04,86,เรียน ภาษา ญี่ปุ่น by click japanese รีวิว,39
2026-08-04,87,เรียน ภาษา ญี่ปุ่น by eri,39
2026-08-04,88,สอนภาษาญี่ปุ่น สนทนา,39
2026-08-04,89,สอบ jlpt ระดับ,39
2026-08-04,90,ข้อสอบ ภาษา ญี่ปุ่น แปล ว่า,39
2026-08-04,91,เรียนภาษาญี่ปุ่น ออนไลน์,38
2026-08-04,92,โรงเรียน สอน ภาษา ญี่ปุ่น ichiban japanese language center,38
2026-08-04,93,สอบ jlpt คือ,38
2026-08-04,94,ข้อสอบ ภาษา ญี่ปุ่น เขียน ยัง ไง,38
2026-08-04,95,ไวยากรณ์ ภาษา ญี่ปุ่น ชั้น ต้น,37
2026-08-04,96,สอบ jlpt ครั้ง แรก,37
2026-08-04,97,สอบ jlpt n2,37
2026-08-04,98,เรียน ภาษา ญี่ปุ่น a level,36
2026-08-04,99,เรียน ญี่ปุ่น ที่ไหน,36
2026-08-04,100,คอร์ส ภาษา ญี่ปุ่น n4,36
2026-08-05,1,ข้อสอบภาษาญี่ปุ่น n4,290
2026-08-05,2,คําศัพท์ภาษาญี่ปุ่น nc,288
2026-08-05,3,สนทนาภาษาญี่ปุ่นพื้นฐาน,286
2026-08-05,4,สนทนาภาษาญี่ปุ่น เบื้องต้น,268
2026-08-05,5,ไวยากรณ์ภาษาญี่ปุ่น n1,251
2026-08-05,6,ข้อสอบภาษาญี่ปุ่น n5,244
2026-08-05,7,ข้อสอบ ภาษา ญี่ปุ่น คือ,235
2026-08-05,8,ข้อสอบ ภาษา ญี่ปุ่น pdf,199
2026-08-05,9,ไวยากรณ์ ภาษา ญี่ปุ่น pantip,197
2026-08-05,10,คําศัพท์ภาษาญี่ปุ่น n5,189
2026-08-05,11,เรียน ภาษา ญี่ปุ่น ด้วย ตัว เอง รีวิว,188
2026-08-05,12,คําศัพท์ภาษาญี่ปุ่นง่ายๆ,187
2026-08-05,13,ภาษา ญี่ปุ่น เบื้องต้น สนทนา,186
2026-08-05,14,คําศัพท์ภาษาญี่ปุ่นเบื้องต้น,168
2026-08-05,15,สนทนาภาษาญี่ปุ่น n4,167
2026-08-05,16,ภาษาญี่ปุ่น เบื้องต้น,165
2026-08-05,17,คอร์ส ภาษา ญี่ปุ่น ราคา,165
2026-08-05,18,ไวยากรณ์ภาษาญี่ปุ่น n4,159
2026-08-05,19,ภาษา ญี่ปุ่น เบื้องต้น pdf,157
2026-08-05,20,คอร์ส ภาษา ญี่ปุ่น พื้นฐาน,155
2026-08-05,21,คําศัพท์ภาษาญี่ปุ่น n1,151
2026-08-05,22,คอร์ส ภาษา ญี่ปุ่น ออนไลน์,146
2026-08-05,23,ไวยากรณ์ ภาษา ญี่ปุ่น คือ,138
2026-08-05,24,ไวยากรณ์ ภาษา ญี่ปุ่น พื้นฐาน,134
2026-08-05,25,คอร์ส ภาษา ญี่ปุ่น ฟรี,129
2026-08-05,26,ไวยากรณ์ ภาษา ญี่ปุ่น ทั้งหมด,124
2026-08-05,27,ไวยากรณ์ ภาษา ญี่ปุ่น เรียก ว่า,121
2026-08-05,28,คําศัพท์ภาษาญี่ปุ่นพื้นฐาน,117
2026-08-05,29,สนทนา ภาษา ญี่ปุ่น,114
2026-08-05,30,เรียนภาษาญี่ปุ่นด้วยตัวเอง,107
2026-08-05,31,ข้อสอบ ภาษา ญี่ปุ่น พื้นฐาน,107
2026-08-05,32,ไวยากรณ์ ภาษา ญี่ปุ่น pdf,103
2026-08-05,33,ภาษาญี่ปุ่นเบื้องต้น พยัญชนะ,99
2026-08-05,34,ภาษา ญี่ปุ่น เบื้องต้น n5,96
2026-08-05,35,คอร์ส เรียน ภาษา ญี่ปุ่น พื้นฐาน,91
2026-08-05,36,สอนภาษาญี่ปุ่นง่ายๆ,89
2026-08-05,37,ข้อสอบภาษาญี่ปุ่น,89
2026-08-05,38,สนทนาภาษาญี่ปุ่นเบื้องต้น,88
2026-08-05,39,สอนภาษาญี่ปุ่นฟรี,86
2026-08-05,40,คําศัพท์ภาษาญี่ปุ่น n4,81
2026-08-05,41,สนทนา ภาษา ญี่ปุ่น พื้นฐาน,81
2026-08-05,42,สอบ jlpt ผ่าน,79
2026-08-05,43,ไวยากรณ์ภาษาญี่ปุ่น n5,76
2026-08-05,44,ภาษา ญี่ปุ่น เบื้องต้น ฟรี,76
2026-08-05,45,ไวยากรณ์ภาษาญี่ปุ่นเบื้องต้น,75
2026-08-05,46,ข้อสอบ ภาษา ญี่ปุ่น เบื้องต้น,75
2026-08-05,47,ข้อสอบ ภาษา ญี่ปุ่น ง่ายๆ,75
2026-08-05,48,คําศัพท์ภาษาญี่ปุ่น n3,74
2026-08-05,49,คอร์ส ภาษา ญี่ปุ่น เบื้องต้น,74
2026-08-05,50,เรียน ภาษา ญี่ปุ่น ด้วย ตัว เอง pantip,70
2026-08-05,51,สอนภาษาญี่ปุ่นพื้นฐาน,70
2026-08-05,52,คอร์ส เรียน ภาษา ญี่ปุ่น พูด,70
2026-08-05,53,คอร์ส เรียน ภาษา ญี่ปุ่น รีวิว,69
2026-08-05,54,เรียน ภาษา ญี่ปุ่น ด้วย ตัว เอง ฟรี,68
2026-08-05,55,คอร์ส ออนไลน์ สนทนา ภาษา ญี่ปุ่น พูด ได้ ใช้ คล่อง,67
2026-08-05,56,สอบ jlpt pantip,67
2026-08-05,57,ไวยากรณ์ ภาษา ญี่ปุ่น เบื้องต้น,64
2026-08-05,58,ไวยากรณ์ภาษาญี่ปุ่น n2,58
2026-08-05,59,คอร์ส ภาษา ญี่ปุ่น ธุรกิจ,58
2026-08-05,60,ไวยากรณ์ภาษาญี่ปุ่น n3,56
2026-08-05,61,สอบ jlpt ยาก ไหม,54
2026-08-05,62,สอบ jlpt n5,53
2026-08-05,63,คอร์ส ภาษา ญี่ปุ่น มหิดล,52
2026-08-05,64,ภาษาญี่ปุ่นเบื้องต้น บทที่ 1,52
2026-08-05,65,สอบ jlpt ยัง ไง,52
2026-08-05,66,ภาษา ญี่ปุ่น เบื้องต้น หนังสือ,51
2026-08-05,67,คําศัพท์ภาษาญี่ปุ่น n2,50
2026-08-05,68,สอบ jlpt ไม่ ผ่าน,50
2026-08-05,69,เรียนภาษาญี่ปุ่น เด็ก,49
2026-08-05,70,สอบ jlpt ออนไลน์,48
2026-08-05,71,เรียน ภาษา ญี่ปุ่น by click japanese,47
2026-08-05,72,ข้อสอบ ภาษา ญี่ปุ่น พร้อม เฉลย,46
2026-08-05,73,คอร์ส เรียน ภาษา ญี่ปุ่น ราคา,45
2026-08-05,74,สอบ jlpt ที่ไหน,45
2026-08-05,75,สอบ jlpt n1,45
2026-08-05,76,เรียน ภาษา ญี่ปุ่น future skill,44
2026-08-05,77,คอร์ส เรียน ภาษา ญี่ปุ่น pantip,44
2026-08-05,78,ข้อสอบ ภาษา ญี่ปุ่น a level,44
2026-08-05,79,ไวยากรณ์ ภาษา ญี่ปุ่น เบื้องต้น ฉบับ สมบูรณ์ pdf,43
2026-08-05,80,เรียน ภาษา ญี่ปุ่น ด้วย ตัว เอง n1,42
2026-08-05,81,สอบ jlpt ครั้ง ที่ 1,42
2026-08-05,82,คอร์ส ภาษา ญี่ปุ่น ออนไลน์ ฟรี,41
2026-08-05,83,ภาษา ญี่ปุ่น เบื้องต้น สวัสดี,41
2026-08-05,84,สอนภาษาญี่ปุ่น n4,40
2026-08-05,85,สนทนา ภาษา ญี่ปุ่น ใน ชีวิต ประ จํา วัน,40
2026-08-05,86,เรียนภาษาญี่ปุ่น ออนไลน์,39
2026-08-05,87,คอร์ส เรียน ภาษา ญี่ปุ่น a level,39
2026-08-05,88,เรียน ภาษา ญี่ปุ่น by click japanese รีวิว,39
2026-08-05,89,เรียน ภาษา ญี่ปุ่น by eri,39
2026-08-05,90,เรียน ภาษา ญี่ปุ่น i love japan,39
2026-08-05,91,สอนภาษาญี่ปุ่น สนทนา,39
2026-08-05,92,สอบ jlpt ระดับ,39
2026-08-05,93,ข้อสอบ ภาษา ญี่ปุ่น แปล ว่า,39
2026-08-05,94,โรงเรียน สอน ภาษา ญี่ปุ่น ichiban japanese language center,38
2026-08-05,95,ข้อสอบ ภาษา ญี่ปุ่น เขียน ยัง ไง,38
2026-08-05,96,ไวยากรณ์ ภาษา ญี่ปุ่น ชั้น ต้น,37
2026-08-05,97,สอบ jlpt คือ,37
2026-08-05,98,สอบ jlpt ครั้ง แรก,37
2026-08-05,99,สอบ jlpt n2,37
2026-08-05,100,เรียน ภาษา ญี่ปุ่น a level,36
2026-08-05,1,ข้อสอบภาษาญี่ปุ่น n4,290
2026-08-05,2,คําศัพท์ภาษาญี่ปุ่น nc,288
2026-08-05,3,สนทนาภาษาญี่ปุ่นพื้นฐาน,286
2026-08-05,4,สนทนาภาษาญี่ปุ่น เบื้องต้น,268
2026-08-05,5,ไวยากรณ์ภาษาญี่ปุ่น n1,251
2026-08-05,6,ข้อสอบภาษาญี่ปุ่น n5,244
2026-08-05,7,ข้อสอบ ภาษา ญี่ปุ่น คือ,235
2026-08-05,8,ข้อสอบ ภาษา ญี่ปุ่น pdf,199
2026-08-05,9,ไวยากรณ์ ภาษา ญี่ปุ่น pantip,197
2026-08-05,10,คําศัพท์ภาษาญี่ปุ่น n5,189
2026-08-05,11,เรียน ภาษา ญี่ปุ่น ด้วย ตัว เอง รีวิว,188
2026-08-05,12,คําศัพท์ภาษาญี่ปุ่นง่ายๆ,187
2026-08-05,13,ภาษา ญี่ปุ่น เบื้องต้น สนทนา,186
2026-08-05,14,คําศัพท์ภาษาญี่ปุ่นเบื้องต้น,168
2026-08-05,15,สนทนาภาษาญี่ปุ่น n4,167
2026-08-05,16,ภาษาญี่ปุ่น เบื้องต้น,165
2026-08-05,17,คอร์ส ภาษา ญี่ปุ่น ราคา,164
2026-08-05,18,ไวยากรณ์ภาษาญี่ปุ่น n4,159
2026-08-05,19,ภาษา ญี่ปุ่น เบื้องต้น pdf,157
2026-08-05,20,คอร์ส ภาษา ญี่ปุ่น พื้นฐาน,155
2026-08-05,21,คําศัพท์ภาษาญี่ปุ่น n1,151
2026-08-05,22,คอร์ส ภาษา ญี่ปุ่น ออนไลน์,146
2026-08-05,23,ไวยากรณ์ ภาษา ญี่ปุ่น คือ,138
2026-08-05,24,ไวยากรณ์ ภาษา ญี่ปุ่น พื้นฐาน,134
2026-08-05,25,คอร์ส ภาษา ญี่ปุ่น ฟรี,129
2026-08-05,26,ไวยากรณ์ ภาษา ญี่ปุ่น ทั้งหมด,124
2026-08-05,27,ไวยากรณ์ ภาษา ญี่ปุ่น เรียก ว่า,121
2026-08-05,28,คําศัพท์ภาษาญี่ปุ่นพื้นฐาน,117
2026-08-05,29,สนทนา ภาษา ญี่ปุ่น,114
2026-08-05,30,เรียนภาษาญี่ปุ่นด้วยตัวเอง,107
2026-08-05,31,ข้อสอบ ภาษา ญี่ปุ่น พื้นฐาน,107
2026-08-05,32,ไวยากรณ์ ภาษา ญี่ปุ่น pdf,103
2026-08-05,33,ภาษาญี่ปุ่นเบื้องต้น พยัญชนะ,100
2026-08-05,34,ภาษา ญี่ปุ่น เบื้องต้น n5,96
2026-08-05,35,คอร์ส เรียน ภาษา ญี่ปุ่น พื้นฐาน,91
2026-08-05,36,สอนภาษาญี่ปุ่นง่ายๆ,89
2026-08-05,37,ข้อสอบภาษาญี่ปุ่น,89
2026-08-05,38,สนทนาภาษาญี่ปุ่นเบื้องต้น,88
2026-08-05,39,สอนภาษาญี่ปุ่นฟรี,86
2026-08-05,40,คําศัพท์ภาษาญี่ปุ่น n4,81
2026-08-05,41,สนทนา ภาษา ญี่ปุ่น พื้นฐาน,81
2026-08-05,42,สอบ jlpt ผ่าน,79
2026-08-05,43,ไวยากรณ์ภาษาญี่ปุ่น n5,76
2026-08-05,44,ภาษา ญี่ปุ่น เบื้องต้น ฟรี,76
2026-08-05,45,ไวยากรณ์ภาษาญี่ปุ่นเบื้องต้น,75
2026-08-05,46,ข้อสอบ ภาษา ญี่ปุ่น เบื้องต้น,75
2026-08-05,47,ข้อสอบ ภาษา ญี่ปุ่น ง่ายๆ,75
2026-08-05,48,คําศัพท์ภาษาญี่ปุ่น n3,74
2026-08-05,49,คอร์ส ภาษา ญี่ปุ่น เบื้องต้น,74
2026-08-05,50,เรียน ภาษา ญี่ปุ่น ด้วย ตัว เอง pantip,70
2026-08-05,51,สอนภาษาญี่ปุ่นพื้นฐาน,70
2026-08-05,52,คอร์ส เรียน ภาษา ญี่ปุ่น พูด,70
2026-08-05,53,คอร์ส เรียน ภาษา ญี่ปุ่น รีวิว,69
2026-08-05,54,เรียน ภาษา ญี่ปุ่น ด้วย ตัว เอง ฟรี,68
2026-08-05,55,สอบ jlpt pantip,67
2026-08-05,56,คอร์ส ออนไลน์ สนทนา ภาษา ญี่ปุ่น พูด ได้ ใช้ คล่อง,66
2026-08-05,57,ไวยากรณ์ ภาษา ญี่ปุ่น เบื้องต้น,64
2026-08-05,58,ไวยากรณ์ภาษาญี่ปุ่น n2,58
2026-08-05,59,คอร์ส ภาษา ญี่ปุ่น ธุรกิจ,58
2026-08-05,60,ไวยากรณ์ภาษาญี่ปุ่น n3,56
2026-08-05,61,สอบ jlpt ยาก ไหม,54
2026-08-05,62,คอร์ส ภาษา ญี่ปุ่น มหิดล,52
2026-08-05,63,ภาษาญี่ปุ่นเบื้องต้น บทที่ 1,52
2026-08-05,64,สอบ jlpt ยัง ไง,52
2026-08-05,65,ภาษา ญี่ปุ่น เบื้องต้น หนังสือ,51
2026-08-05,66,คําศัพท์ภาษาญี่ปุ่น n2,50
2026-08-05,67,สอบ jlpt ไม่ ผ่าน,50
2026-08-05,68,เรียนภาษาญี่ปุ่น เด็ก,49
2026-08-05,69,สอบ jlpt n5,48
2026-08-05,70,สอบ jlpt ออนไลน์,48
2026-08-05,71,เรียน ภาษา ญี่ปุ่น by click japanese,47
2026-08-05,72,สอบ jlpt n1,46
2026-08-05,73,ข้อสอบ ภาษา ญี่ปุ่น พร้อม เฉลย,46
2026-08-05,74,คอร์ส เรียน ภาษา ญี่ปุ่น ราคา,45
2026-08-05,75,เรียน ภาษา ญี่ปุ่น future skill,44
2026-08-05,76,คอร์ส เรียน ภาษา ญี่ปุ่น pantip,44
2026-08-05,77,ข้อสอบ ภาษา ญี่ปุ่น a level,44
2026-08-05,78,ไวยากรณ์ ภาษา ญี่ปุ่น เบื้องต้น ฉบับ สมบูรณ์ pdf,43
2026-08-05,79,สอบ jlpt ครั้ง ที่ 1,43
2026-08-05,80,เรียน ภาษา ญี่ปุ่น ด้วย ตัว เอง n1,42
2026-08-05,81,คอร์ส ภาษา ญี่ปุ่น ออนไลน์ ฟรี,41
2026-08-05,82,ภาษา ญี่ปุ่น เบื้องต้น สวัสดี,41
2026-08-05,83,สอนภาษาญี่ปุ่น n4,40
2026-08-05,84,สนทนา ภาษา ญี่ปุ่น ใน ชีวิต ประ จํา วัน,40
2026-08-05,85,สอบ jlpt คือ,40
2026-08-05,86,เรียนภาษาญี่ปุ่น ออนไลน์,39
2026-08-05,87,คอร์ส เรียน ภาษา ญี่ปุ่น a level,39
2026-08-05,88,เรียน ภาษา ญี่ปุ่น by click japanese รีวิว,39
2026-08-05,89,เรียน ภาษา ญี่ปุ่น by eri,39
2026-08-05,90,เรียน ภาษา ญี่ปุ่น i love japan,39
2026-08-05,91,สอนภาษาญี่ปุ่น สนทนา,39
2026-08-05,92,สอบ jlpt ระดับ,39
2026-08-05,93,ข้อสอบ ภาษา ญี่ปุ่น แปล ว่า,39
2026-08-05,94,โรงเรียน สอน ภาษา ญี่ปุ่น ichiban japanese language center,38
2026-08-05,95,สอบ jlpt ที่ไหน,38
2026-08-05,96,ข้อสอบ ภาษา ญี่ปุ่น เขียน ยัง ไง,38
2026-08-05,97,ไวยากรณ์ ภาษา ญี่ปุ่น ชั้น ต้น,37
2026-08-05,98,สอบ jlpt ครั้ง แรก,37
2026-08-05,99,สอบ jlpt n2,37
2026-08-05,100,เรียน ภาษา ญี่ปุ่น a level,36
2026-08-07,1,ข้อสอบภาษาญี่ปุ่น n4,290
2026-08-07,2,คําศัพท์ภาษาญี่ปุ่น nc,288
2026-08-07,3,สนทนาภาษาญี่ปุ่นพื้นฐาน,287
2026-08-07,4,สนทนาภาษาญี่ปุ่น เบื้องต้น,269
2026-08-07,5,ไวยากรณ์ภาษาญี่ปุ่น n1,251
2026-08-07,6,ข้อสอบภาษาญี่ปุ่น n5,244
2026-08-07,7,ข้อสอบ ภาษา ญี่ปุ่น คือ,235
2026-08-07,8,ข้อสอบ ภาษา ญี่ปุ่น pdf,199
2026-08-07,9,ไวยากรณ์ ภาษา ญี่ปุ่น pantip,197
2026-08-07,10,คําศัพท์ภาษาญี่ปุ่น n5,189
2026-08-07,11,เรียน ภาษา ญี่ปุ่น ด้วย ตัว เอง รีวิว,188
2026-08-07,12,คําศัพท์ภาษาญี่ปุ่นง่ายๆ,187
2026-08-07,13,ภาษา ญี่ปุ่น เบื้องต้น สนทนา,186
2026-08-07,14,คําศัพท์ภาษาญี่ปุ่นเบื้องต้น,168
2026-08-07,15,สนทนาภาษาญี่ปุ่น n4,167
2026-08-07,16,ภาษาญี่ปุ่น เบื้องต้น,165
2026-08-07,17,คอร์ส ภาษา ญี่ปุ่น ราคา,162
2026-08-07,18,ไวยากรณ์ภาษาญี่ปุ่น n4,159
2026-08-07,19,ภาษา ญี่ปุ่น เบื้องต้น pdf,157
2026-08-07,20,คอร์ส ภาษา ญี่ปุ่น พื้นฐาน,153
2026-08-07,21,คําศัพท์ภาษาญี่ปุ่น n1,151
2026-08-07,22,คอร์ส ภาษา ญี่ปุ่น ออนไลน์,146
2026-08-07,23,ไวยากรณ์ ภาษา ญี่ปุ่น คือ,138
2026-08-07,24,ไวยากรณ์ ภาษา ญี่ปุ่น พื้นฐาน,134
2026-08-07,25,คอร์ส ภาษา ญี่ปุ่น ฟรี,129
2026-08-07,26,ไวยากรณ์ ภาษา ญี่ปุ่น ทั้งหมด,124
2026-08-07,27,ไวยากรณ์ ภาษา ญี่ปุ่น เรียก ว่า,121
2026-08-07,28,คําศัพท์ภาษาญี่ปุ่นพื้นฐาน,117
2026-08-07,29,สนทนา ภาษา ญี่ปุ่น,115
2026-08-07,30,เรียนภาษาญี่ปุ่นด้วยตัวเอง,107
2026-08-07,31,ข้อสอบ ภาษา ญี่ปุ่น พื้นฐาน,107
2026-08-07,32,ไวยากรณ์ ภาษา ญี่ปุ่น pdf,103
2026-08-07,33,ภาษาญี่ปุ่นเบื้องต้น พยัญชนะ,100
2026-08-07,34,ภาษา ญี่ปุ่น เบื้องต้น n5,96
2026-08-07,35,คอร์ส เรียน ภาษา ญี่ปุ่น พื้นฐาน,91
2026-08-07,36,สอนภาษาญี่ปุ่นง่ายๆ,89
2026-08-07,37,ข้อสอบภาษาญี่ปุ่น,89
2026-08-07,38,สนทนาภาษาญี่ปุ่นเบื้องต้น,88
2026-08-07,39,สอนภาษาญี่ปุ่นฟรี,86
2026-08-07,40,คําศัพท์ภาษาญี่ปุ่น n4,81
2026-08-07,41,สนทนา ภาษา ญี่ปุ่น พื้นฐาน,81
2026-08-07,42,สอบ jlpt ผ่าน,79
2026-08-07,43,ไวยากรณ์ภาษาญี่ปุ่น n5,76
2026-08-07,44,ภาษา ญี่ปุ่น เบื้องต้น ฟรี,76
2026-08-07,45,ไวยากรณ์ภาษาญี่ปุ่นเบื้องต้น,75
2026-08-07,46,ข้อสอบ ภาษา ญี่ปุ่น เบื้องต้น,75
2026-08-07,47,ข้อสอบ ภาษา ญี่ปุ่น ง่ายๆ,75
2026-08-07,48,คําศัพท์ภาษาญี่ปุ่น n3,74
2026-08-07,49,คอร์ส ภาษา ญี่ปุ่น เบื้องต้น,74
2026-08-07,50,เรียน ภาษา ญี่ปุ่น ด้วย ตัว เอง pantip,70
2026-08-07,51,สอนภาษาญี่ปุ่นพื้นฐาน,70
2026-08-07,52,คอร์ส เรียน ภาษา ญี่ปุ่น พูด,70
2026-08-07,53,คอร์ส เรียน ภาษา ญี่ปุ่น รีวิว,69
2026-08-07,54,เรียน ภาษา ญี่ปุ่น ด้วย ตัว เอง ฟรี,68
2026-08-07,55,สอบ jlpt pantip,67
2026-08-07,56,คอร์ส ออนไลน์ สนทนา ภาษา ญี่ปุ่น พูด ได้ ใช้ คล่อง,66
2026-08-07,57,ไวยากรณ์ ภาษา ญี่ปุ่น เบื้องต้น,64
2026-08-07,58,ไวยากรณ์ภาษาญี่ปุ่น n2,58
2026-08-07,59,ไวยากรณ์ภาษาญี่ปุ่น n3,56
2026-08-07,60,คอร์ส ภาษา ญี่ปุ่น ธุรกิจ,56
2026-08-07,61,สอบ jlpt ยาก ไหม,54
2026-08-07,62,สอบ jlpt n5,53
2026-08-07,63,คอร์ส ภาษา ญี่ปุ่น มหิดล,52
2026-08-07,64,ภาษาญี่ปุ่นเบื้องต้น บทที่ 1,52
2026-08-07,65,สอบ jlpt ยัง ไง,52
2026-08-07,66,ภาษา ญี่ปุ่น เบื้องต้น หนังสือ,51
2026-08-07,67,คําศัพท์ภาษาญี่ปุ่น n2,50
2026-08-07,68,สอบ jlpt ไม่ ผ่าน,50
2026-08-07,69,เรียนภาษาญี่ปุ่น เด็ก,49
2026-08-07,70,สอบ jlpt ออนไลน์,48
2026-08-07,71,เรียน ภาษา ญี่ปุ่น by click japanese,47
2026-08-07,72,สอบ jlpt n1,47
2026-08-07,73,ข้อสอบ ภาษา ญี่ปุ่น พร้อม เฉลย,46
2026-08-07,74,คอร์ส เรียน ภาษา ญี่ปุ่น ราคา,45
2026-08-07,75,สอบ jlpt ที่ไหน,45
2026-08-07,76,เรียน ภาษา ญี่ปุ่น future skill,44
2026-08-07,77,คอร์ส เรียน ภาษา ญี่ปุ่น pantip,44
2026-08-07,78,ข้อสอบ ภาษา ญี่ปุ่น a level,44
2026-08-07,79,ไวยากรณ์ ภาษา ญี่ปุ่น เบื้องต้น ฉบับ สมบูรณ์ pdf,43
2026-08-07,80,สอบ jlpt ครั้ง ที่ 1,43
2026-08-07,81,เรียน ภาษา ญี่ปุ่น ด้วย ตัว เอง n1,42
2026-08-07,82,คอร์ส ภาษา ญี่ปุ่น ออนไลน์ ฟรี,41
2026-08-07,83,ภาษา ญี่ปุ่น เบื้องต้น สวัสดี,41
2026-08-07,84,สอนภาษาญี่ปุ่น n4,40
2026-08-07,85,สนทนา ภาษา ญี่ปุ่น ใน ชีวิต ประ จํา วัน,40
2026-08-07,86,เรียนภาษาญี่ปุ่น ออนไลน์,39
2026-08-07,87,คอร์ส เรียน ภาษา ญี่ปุ่น a level,39
2026-08-07,88,เรียน ภาษา ญี่ปุ่น by click japanese รีวิว,39
2026-08-07,89,เรียน ภาษา ญี่ปุ่น by eri,39
2026-08-07,90,เรียน ภาษา ญี่ปุ่น i love japan,39
2026-08-07,91,สอนภาษาญี่ปุ่น สนทนา,39
2026-08-07,92,สอบ jlpt n2,39
2026-08-07,93,สอบ jlpt ระดับ,39
2026-08-07,94,ข้อสอบ ภาษา ญี่ปุ่น แปล ว่า,39
2026-08-07,95,โรงเรียน สอน ภาษา ญี่ปุ่น ichiban japanese language center,38
2026-08-07,96,ข้อสอบ ภาษา ญี่ปุ่น เขียน ยัง ไง,38
2026-08-07,97,ไวยากรณ์ ภาษา ญี่ปุ่น ชั้น ต้น,37
2026-08-07,98,สอบ jlpt คือ,37
2026-08-07,99,สอบ jlpt ครั้ง แรก,37
2026-08-07,100,เรียน ภาษา ญี่ปุ่น a level,36
2026-08-07,1,ข้อสอบภาษาญี่ปุ่น n4,290
2026-08-07,2,คําศัพท์ภาษาญี่ปุ่น nc,288
2026-08-07,3,สนทนาภาษาญี่ปุ่นพื้นฐาน,287
2026-08-07,4,สนทนาภาษาญี่ปุ่น เบื้องต้น,269
2026-08-07,5,ไวยากรณ์ภาษาญี่ปุ่น n1,251
2026-08-07,6,ข้อสอบภาษาญี่ปุ่น n5,244
2026-08-07,7,ข้อสอบ ภาษา ญี่ปุ่น คือ,235
2026-08-07,8,ข้อสอบ ภาษา ญี่ปุ่น pdf,199
2026-08-07,9,ไวยากรณ์ ภาษา ญี่ปุ่น pantip,197
2026-08-07,10,คําศัพท์ภาษาญี่ปุ่น n5,189
2026-08-07,11,เรียน ภาษา ญี่ปุ่น ด้วย ตัว เอง รีวิว,188
2026-08-07,12,คําศัพท์ภาษาญี่ปุ่นง่ายๆ,187
2026-08-07,13,ภาษา ญี่ปุ่น เบื้องต้น สนทนา,187
2026-08-07,14,คําศัพท์ภาษาญี่ปุ่นเบื้องต้น,168
2026-08-07,15,สนทนาภาษาญี่ปุ่น n4,167
2026-08-07,16,ภาษาญี่ปุ่น เบื้องต้น,166
2026-08-07,17,คอร์ส ภาษา ญี่ปุ่น ราคา,164
2026-08-07,18,ไวยากรณ์ภาษาญี่ปุ่น n4,159
2026-08-07,19,ภาษา ญี่ปุ่น เบื้องต้น pdf,157
2026-08-07,20,คอร์ส ภาษา ญี่ปุ่น พื้นฐาน,155
2026-08-07,21,คําศัพท์ภาษาญี่ปุ่น n1,151
2026-08-07,22,คอร์ส ภาษา ญี่ปุ่น ออนไลน์,146
2026-08-07,23,ไวยากรณ์ ภาษา ญี่ปุ่น คือ,138
2026-08-07,24,ไวยากรณ์ ภาษา ญี่ปุ่น พื้นฐาน,134
2026-08-07,25,คอร์ส ภาษา ญี่ปุ่น ฟรี,129
2026-08-07,26,ไวยากรณ์ ภาษา ญี่ปุ่น ทั้งหมด,124
2026-08-07,27,ไวยากรณ์ ภาษา ญี่ปุ่น เรียก ว่า,121
2026-08-07,28,คําศัพท์ภาษาญี่ปุ่นพื้นฐาน,117
2026-08-07,29,สนทนา ภาษา ญี่ปุ่น,115
2026-08-07,30,เรียนภาษาญี่ปุ่นด้วยตัวเอง,107
2026-08-07,31,ข้อสอบ ภาษา ญี่ปุ่น พื้นฐาน,107
2026-08-07,32,ไวยากรณ์ ภาษา ญี่ปุ่น pdf,103
2026-08-07,33,ภาษาญี่ปุ่นเบื้องต้น พยัญชนะ,101
2026-08-07,34,ภาษา ญี่ปุ่น เบื้องต้น n5,96
2026-08-07,35,คอร์ส เรียน ภาษา ญี่ปุ่น พื้นฐาน,91
2026-08-07,36,สอนภาษาญี่ปุ่นง่ายๆ,89
2026-08-07,37,ข้อสอบภาษาญี่ปุ่น,89
2026-08-07,38,สนทนาภาษาญี่ปุ่นเบื้องต้น,88
2026-08-07,39,สอนภาษาญี่ปุ่นฟรี,86
2026-08-07,40,คําศัพท์ภาษาญี่ปุ่น n4,81
2026-08-07,41,สนทนา ภาษา ญี่ปุ่น พื้นฐาน,81
2026-08-07,42,สอบ jlpt ผ่าน,79
2026-08-07,43,ไวยากรณ์ภาษาญี่ปุ่น n5,76
2026-08-07,44,ภาษา ญี่ปุ่น เบื้องต้น ฟรี,76
2026-08-07,45,ไวยากรณ์ภาษาญี่ปุ่นเบื้องต้น,75
2026-08-07,46,ข้อสอบ ภาษา ญี่ปุ่น เบื้องต้น,75
2026-08-07,47,ข้อสอบ ภาษา ญี่ปุ่น ง่ายๆ,75
2026-08-07,48,คําศัพท์ภาษาญี่ปุ่น n3,74
2026-08-07,49,คอร์ส ภาษา ญี่ปุ่น เบื้องต้น,74
2026-08-07,50,เรียน ภาษา ญี่ปุ่น ด้วย ตัว เอง pantip,70
2026-08-07,51,สอนภาษาญี่ปุ่นพื้นฐาน,70
2026-08-07,52,คอร์ส เรียน ภาษา ญี่ปุ่น พูด,70
2026-08-07,53,คอร์ส เรียน ภาษา ญี่ปุ่น รีวิว,69
2026-08-07,54,เรียน ภาษา ญี่ปุ่น ด้วย ตัว เอง ฟรี,68
2026-08-07,55,สอบ jlpt pantip,67
2026-08-07,56,คอร์ส ออนไลน์ สนทนา ภาษา ญี่ปุ่น พูด ได้ ใช้ คล่อง,66
2026-08-07,57,ไวยากรณ์ ภาษา ญี่ปุ่น เบื้องต้น,65
2026-08-07,58,ไวยากรณ์ภาษาญี่ปุ่น n2,58
2026-08-07,59,คอร์ส ภาษา ญี่ปุ่น ธุรกิจ,58
2026-08-07,60,ไวยากรณ์ภาษาญี่ปุ่น n3,56
2026-08-07,61,สอบ jlpt ยาก ไหม,54
2026-08-07,62,สอบ jlpt n5,53
2026-08-07,63,คอร์ส ภาษา ญี่ปุ่น มหิดล,52
2026-08-07,64,ภาษาญี่ปุ่นเบื้องต้น บทที่ 1,52
2026-08-07,65,สอบ jlpt ยัง ไง,52
2026-08-07,66,ภาษา ญี่ปุ่น เบื้องต้น หนังสือ,51
2026-08-07,67,คําศัพท์ภาษาญี่ปุ่น n2,50
2026-08-07,68,สอบ jlpt ไม่ ผ่าน,50
2026-08-07,69,เรียนภาษาญี่ปุ่น เด็ก,49
2026-08-07,70,สอบ jlpt ออนไลน์,48
2026-08-07,71,เรียน ภาษา ญี่ปุ่น by click japanese,47
2026-08-07,72,ข้อสอบ ภาษา ญี่ปุ่น พร้อม เฉลย,46
2026-08-07,73,คอร์ส เรียน ภาษา ญี่ปุ่น ราคา,45
2026-08-07,74,สอบ jlpt ที่ไหน,45
2026-08-07,75,สอบ jlpt n1,45
2026-08-07,76,เรียน ภาษา ญี่ปุ่น future skill,44
2026-08-07,77,คอร์ส เรียน ภาษา ญี่ปุ่น pantip,44
2026-08-07,78,ไวยากรณ์ ภาษา ญี่ปุ่น เบื้องต้น ฉบับ สมบูรณ์ pdf,44
2026-08-07,79,ข้อสอบ ภาษา ญี่ปุ่น a level,44
2026-08-07,80,สอบ jlpt ครั้ง ที่ 1,43
2026-08-07,81,ภาษา ญี่ปุ่น เบื้องต้น สวัสดี,42
2026-08-07,82,เรียน ภาษา ญี่ปุ่น ด้วย ตัว เอง n1,42
2026-08-07,83,คอร์ส ภาษา ญี่ปุ่น ออนไลน์ ฟรี,41
2026-08-07,84,สอนภาษาญี่ปุ่น n4,40
2026-08-07,85,สนทนา ภาษา ญี่ปุ่น ใน ชีวิต ประ จํา วัน,40
2026-08-07,86,เรียนภาษาญี่ปุ่น ออนไลน์,39
2026-08-07,87,คอร์ส เรียน ภาษา ญี่ปุ่น a level,39
2026-08-07,88,เรียน ภาษา ญี่ปุ่น by click japanese รีวิว,39
2026-08-07,89,เรียน ภาษา ญี่ปุ่น by eri,39
2026-08-07,90,เรียน ภาษา ญี่ปุ่น i love japan,39
2026-08-07,91,สอนภาษาญี่ปุ่น สนทนา,39
2026-08-07,92,สอบ jlpt ระดับ,39
2026-08-07,93,ข้อสอบ ภาษา ญี่ปุ่น แปล ว่า,39
2026-08-07,94,โรงเรียน สอน ภาษา ญี่ปุ่น ichiban japanese language center,38
2026-08-07,95,ข้อสอบ ภาษา ญี่ปุ่น เขียน ยัง ไง,38
2026-08-07,96,ไวยากรณ์ ภาษา ญี่ปุ่น ชั้น ต้น,37
2026-08-07,97,สอบ jlpt คือ,37
2026-08-07,98,สอบ jlpt ครั้ง แรก,37
2026-08-07,99,สอบ jlpt n2,37
2026-08-07,100,เรียน ภาษา ญี่ปุ่น a level,36
2026-08-08,1,ข้อสอบภาษาญี่ปุ่น n4,290
2026-08-08,2,สนทนาภาษาญี่ปุ่นพื้นฐาน,289
2026-08-08,3,คําศัพท์ภาษาญี่ปุ่น nc,288
2026-08-08,4,สนทนาภาษาญี่ปุ่น เบื้องต้น,269
2026-08-08,5,ไวยากรณ์ภาษาญี่ปุ่น n1,251
2026-08-08,6,ข้อสอบภาษาญี่ปุ่น n5,244
2026-08-08,7,ข้อสอบ ภาษา ญี่ปุ่น คือ,235
2026-08-08,8,ข้อสอบ ภาษา ญี่ปุ่น pdf,199
2026-08-08,9,ไวยากรณ์ ภาษา ญี่ปุ่น pantip,197
2026-08-08,10,คําศัพท์ภาษาญี่ปุ่น n5,189
2026-08-08,11,เรียน ภาษา ญี่ปุ่น ด้วย ตัว เอง รีวิว,188
2026-08-08,12,คําศัพท์ภาษาญี่ปุ่นง่ายๆ,187
2026-08-08,13,ภาษา ญี่ปุ่น เบื้องต้น สนทนา,186
2026-08-08,14,สนทนาภาษาญี่ปุ่น n4,169
2026-08-08,15,คําศัพท์ภาษาญี่ปุ่นเบื้องต้น,168
2026-08-08,16,ภาษาญี่ปุ่น เบื้องต้น,165
2026-08-08,17,คอร์ส ภาษา ญี่ปุ่น ราคา,164
2026-08-08,18,ไวยากรณ์ภาษาญี่ปุ่น n4,159
2026-08-08,19,ภาษา ญี่ปุ่น เบื้องต้น pdf,157
2026-08-08,20,คอร์ส ภาษา ญี่ปุ่น พื้นฐาน,155
2026-08-08,21,คําศัพท์ภาษาญี่ปุ่น n1,151
2026-08-08,22,คอร์ส ภาษา ญี่ปุ่น ออนไลน์,146
2026-08-08,23,ไวยากรณ์ ภาษา ญี่ปุ่น คือ,138
2026-08-08,24,ไวยากรณ์ ภาษา ญี่ปุ่น พื้นฐาน,134
2026-08-08,25,คอร์ส ภาษา ญี่ปุ่น ฟรี,129
2026-08-08,26,ไวยากรณ์ ภาษา ญี่ปุ่น ทั้งหมด,124
2026-08-08,27,ไวยากรณ์ ภาษา ญี่ปุ่น เรียก ว่า,121
2026-08-08,28,คําศัพท์ภาษาญี่ปุ่นพื้นฐาน,117
2026-08-08,29,สนทนา ภาษา ญี่ปุ่น,115
2026-08-08,30,เรียนภาษาญี่ปุ่นด้วยตัวเอง,107
2026-08-08,31,ข้อสอบ ภาษา ญี่ปุ่น พื้นฐาน,107
2026-08-08,32,ไวยากรณ์ ภาษา ญี่ปุ่น pdf,103
2026-08-08,33,ภาษาญี่ปุ่นเบื้องต้น พยัญชนะ,99
2026-08-08,34,ภาษา ญี่ปุ่น เบื้องต้น n5,96
2026-08-08,35,คอร์ส เรียน ภาษา ญี่ปุ่น พื้นฐาน,91
2026-08-08,36,สอนภาษาญี่ปุ่นง่ายๆ,89
2026-08-08,37,ข้อสอบภาษาญี่ปุ่น,89
2026-08-08,38,สนทนาภาษาญี่ปุ่นเบื้องต้น,88
2026-08-08,39,สอนภาษาญี่ปุ่นฟรี,86
2026-08-08,40,คําศัพท์ภาษาญี่ปุ่น n4,81
2026-08-08,41,สนทนา ภาษา ญี่ปุ่น พื้นฐาน,81
2026-08-08,42,สอบ jlpt ผ่าน,79
2026-08-08,43,ไวยากรณ์ภาษาญี่ปุ่น n5,76
2026-08-08,44,ภาษา ญี่ปุ่น เบื้องต้น ฟรี,76
2026-08-08,45,ไวยากรณ์ภาษาญี่ปุ่นเบื้องต้น,75
2026-08-08,46,ข้อสอบ ภาษา ญี่ปุ่น เบื้องต้น,75
2026-08-08,47,ข้อสอบ ภาษา ญี่ปุ่น ง่ายๆ,75
2026-08-08,48,คําศัพท์ภาษาญี่ปุ่น n3,74
2026-08-08,49,คอร์ส ภาษา ญี่ปุ่น เบื้องต้น,74
2026-08-08,50,เรียน ภาษา ญี่ปุ่น ด้วย ตัว เอง pantip,70
2026-08-08,51,สอนภาษาญี่ปุ่นพื้นฐาน,70
2026-08-08,52,คอร์ส เรียน ภาษา ญี่ปุ่น พูด,70
2026-08-08,53,คอร์ส เรียน ภาษา ญี่ปุ่น รีวิว,69
2026-08-08,54,เรียน ภาษา ญี่ปุ่น ด้วย ตัว เอง ฟรี,68
2026-08-08,55,สอบ jlpt pantip,67
2026-08-08,56,คอร์ส ออนไลน์ สนทนา ภาษา ญี่ปุ่น พูด ได้ ใช้ คล่อง,66
2026-08-08,57,ไวยากรณ์ ภาษา ญี่ปุ่น เบื้องต้น,64
2026-08-08,58,ไวยากรณ์ภาษาญี่ปุ่น n2,58
2026-08-08,59,คอร์ส ภาษา ญี่ปุ่น ธุรกิจ,58
2026-08-08,60,ไวยากรณ์ภาษาญี่ปุ่น n3,56
2026-08-08,61,สอบ jlpt ยาก ไหม,54
2026-08-08,62,สอบ jlpt n5,53
2026-08-08,63,คอร์ส ภาษา ญี่ปุ่น มหิดล,52
2026-08-08,64,ภาษาญี่ปุ่นเบื้องต้น บทที่ 1,52
2026-08-08,65,สอบ jlpt ยัง ไง,52
2026-08-08,66,ภาษา ญี่ปุ่น เบื้องต้น หนังสือ,51
2026-08-08,67,คําศัพท์ภาษาญี่ปุ่น n2,50
2026-08-08,68,สอบ jlpt ไม่ ผ่าน,50
2026-08-08,69,เรียนภาษาญี่ปุ่น เด็ก,49
2026-08-08,70,สอบ jlpt ออนไลน์,48
2026-08-08,71,เรียน ภาษา ญี่ปุ่น by click japanese,47
2026-08-08,72,สอบ jlpt n1,47
2026-08-08,73,ข้อสอบ ภาษา ญี่ปุ่น พร้อม เฉลย,46
2026-08-08,74,คอร์ส เรียน ภาษา ญี่ปุ่น ราคา,45
2026-08-08,75,สอบ jlpt ที่ไหน,45
2026-08-08,76,เรียน ภาษา ญี่ปุ่น future skill,44
2026-08-08,77,คอร์ส เรียน ภาษา ญี่ปุ่น pantip,44
2026-08-08,78,ข้อสอบ ภาษา ญี่ปุ่น a level,44
2026-08-08,79,ไวยากรณ์ ภาษา ญี่ปุ่น เบื้องต้น ฉบับ สมบูรณ์ pdf,43
2026-08-08,80,เรียน ภาษา ญี่ปุ่น ด้วย ตัว เอง n1,42
2026-08-08,81,สอบ jlpt ครั้ง ที่ 1,42
2026-08-08,82,คอร์ส ภาษา ญี่ปุ่น ออนไลน์ ฟรี,41
2026-08-08,83,ภาษา ญี่ปุ่น เบื้องต้น สวัสดี,41
2026-08-08,84,สอนภาษาญี่ปุ่น n4,40
2026-08-08,85,สนทนา ภาษา ญี่ปุ่น ใน ชีวิต ประ จํา วัน,40
2026-08-08,86,เรียนภาษาญี่ปุ่น ออนไลน์,39
2026-08-08,87,คอร์ส เรียน ภาษา ญี่ปุ่น a level,39
2026-08-08,88,เรียน ภาษา ญี่ปุ่น by click japanese รีวิว,39
2026-08-08,89,เรียน ภาษา ญี่ปุ่น by eri,39
2026-08-08,90,เรียน ภาษา ญี่ปุ่น i love japan,39
2026-08-08,91,สอนภาษาญี่ปุ่น สนทนา,39
2026-08-08,92,สอบ jlpt n2,39
2026-08-08,93,สอบ jlpt ระดับ,39
2026-08-08,94,ข้อสอบ ภาษา ญี่ปุ่น แปล ว่า,39
2026-08-08,95,โรงเรียน สอน ภาษา ญี่ปุ่น ichiban japanese language center,38
2026-08-08,96,ข้อสอบ ภาษา ญี่ปุ่น เขียน ยัง ไง,38
2026-08-08,97,ไวยากรณ์ ภาษา ญี่ปุ่น ชั้น ต้น,37
2026-08-08,98,สอบ jlpt คือ,37
2026-08-08,99,สอบ jlpt ครั้ง แรก,37
2026-08-08,100,เรียน ภาษา ญี่ปุ่น a level,36
2026-08-09,1,ข้อสอบภาษาญี่ปุ่น n4,290
2026-08-09,2,คําศัพท์ภาษาญี่ปุ่น nc,288
2026-08-09,3,สนทนาภาษาญี่ปุ่นพื้นฐาน,286
2026-08-09,4,สนทนาภาษาญี่ปุ่น เบื้องต้น,268
2026-08-09,5,ไวยากรณ์ภาษาญี่ปุ่น n1,251
2026-08-09,6,ข้อสอบภาษาญี่ปุ่น n5,244
2026-08-09,7,ข้อสอบ ภาษา ญี่ปุ่น คือ,235
2026-08-09,8,ข้อสอบ ภาษา ญี่ปุ่น pdf,199
2026-08-09,9,ไวยากรณ์ ภาษา ญี่ปุ่น pantip,197
2026-08-09,10,คําศัพท์ภาษาญี่ปุ่น n5,189
2026-08-09,11,เรียน ภาษา ญี่ปุ่น ด้วย ตัว เอง รีวิว,188
2026-08-09,12,คําศัพท์ภาษาญี่ปุ่นง่ายๆ,187
2026-08-09,13,ภาษา ญี่ปุ่น เบื้องต้น สนทนา,186
2026-08-09,14,คําศัพท์ภาษาญี่ปุ่นเบื้องต้น,168
2026-08-09,15,สนทนาภาษาญี่ปุ่น n4,167
2026-08-09,16,ภาษาญี่ปุ่น เบื้องต้น,165
2026-08-09,17,คอร์ส ภาษา ญี่ปุ่น ราคา,164
2026-08-09,18,ไวยากรณ์ภาษาญี่ปุ่น n4,159
2026-08-09,19,ภาษา ญี่ปุ่น เบื้องต้น pdf,157
2026-08-09,20,คอร์ส ภาษา ญี่ปุ่น พื้นฐาน,155
2026-08-09,21,คําศัพท์ภาษาญี่ปุ่น n1,151
2026-08-09,22,คอร์ส ภาษา ญี่ปุ่น ออนไลน์,146
2026-08-09,23,ไวยากรณ์ ภาษา ญี่ปุ่น คือ,138
2026-08-09,24,ไวยากรณ์ ภาษา ญี่ปุ่น พื้นฐาน,134
2026-08-09,25,คอร์ส ภาษา ญี่ปุ่น ฟรี,129
2026-08-09,26,ไวยากรณ์ ภาษา ญี่ปุ่น ทั้งหมด,124
2026-08-09,27,ไวยากรณ์ ภาษา ญี่ปุ่น เรียก ว่า,121
2026-08-09,28,คําศัพท์ภาษาญี่ปุ่นพื้นฐาน,117
2026-08-09,29,สนทนา ภาษา ญี่ปุ่น,114
2026-08-09,30,เรียนภาษาญี่ปุ่นด้วยตัวเอง,107
2026-08-09,31,ข้อสอบ ภาษา ญี่ปุ่น พื้นฐาน,107
2026-08-09,32,ไวยากรณ์ ภาษา ญี่ปุ่น pdf,103
2026-08-09,33,ภาษาญี่ปุ่นเบื้องต้น พยัญชนะ,100
2026-08-09,34,ภาษา ญี่ปุ่น เบื้องต้น n5,96
2026-08-09,35,คอร์ส เรียน ภาษา ญี่ปุ่น พื้นฐาน,91
2026-08-09,36,สอนภาษาญี่ปุ่นง่ายๆ,89
2026-08-09,37,ข้อสอบภาษาญี่ปุ่น,89
2026-08-09,38,สนทนาภาษาญี่ปุ่นเบื้องต้น,88
2026-08-09,39,สอนภาษาญี่ปุ่นฟรี,86
2026-08-09,40,คําศัพท์ภาษาญี่ปุ่น n4,81
2026-08-09,41,สนทนา ภาษา ญี่ปุ่น พื้นฐาน,81
2026-08-09,42,สอบ jlpt ผ่าน,79
2026-08-09,43,ไวยากรณ์ภาษาญี่ปุ่น n5,76
2026-08-09,44,ภาษา ญี่ปุ่น เบื้องต้น ฟรี,76
2026-08-09,45,ไวยากรณ์ภาษาญี่ปุ่นเบื้องต้น,75
2026-08-09,46,ข้อสอบ ภาษา ญี่ปุ่น เบื้องต้น,75
2026-08-09,47,ข้อสอบ ภาษา ญี่ปุ่น ง่ายๆ,75
2026-08-09,48,คําศัพท์ภาษาญี่ปุ่น n3,74
2026-08-09,49,คอร์ส ภาษา ญี่ปุ่น เบื้องต้น,74
2026-08-09,50,เรียน ภาษา ญี่ปุ่น ด้วย ตัว เอง pantip,70
2026-08-09,51,สอนภาษาญี่ปุ่นพื้นฐาน,70
2026-08-09,52,คอร์ส เรียน ภาษา ญี่ปุ่น พูด,70
2026-08-09,53,คอร์ส เรียน ภาษา ญี่ปุ่น รีวิว,69
2026-08-09,54,เรียน ภาษา ญี่ปุ่น ด้วย ตัว เอง ฟรี,68
2026-08-09,55,สอบ jlpt pantip,67
2026-08-09,56,คอร์ส ออนไลน์ สนทนา ภาษา ญี่ปุ่น พูด ได้ ใช้ คล่อง,66
2026-08-09,57,ไวยากรณ์ ภาษา ญี่ปุ่น เบื้องต้น,64
2026-08-09,58,ไวยากรณ์ภาษาญี่ปุ่น n2,58
2026-08-09,59,คอร์ส ภาษา ญี่ปุ่น ธุรกิจ,58
2026-08-09,60,ไวยากรณ์ภาษาญี่ปุ่น n3,56
2026-08-09,61,สอบ jlpt ยาก ไหม,54
2026-08-09,62,สอบ jlpt n5,53
2026-08-09,63,คอร์ส ภาษา ญี่ปุ่น มหิดล,52
2026-08-09,64,ภาษาญี่ปุ่นเบื้องต้น บทที่ 1,52
2026-08-09,65,สอบ jlpt ยัง ไง,52
2026-08-09,66,ภาษา ญี่ปุ่น เบื้องต้น หนังสือ,51
2026-08-09,67,คําศัพท์ภาษาญี่ปุ่น n2,50
2026-08-09,68,สอบ jlpt ไม่ ผ่าน,50
2026-08-09,69,เรียนภาษาญี่ปุ่น เด็ก,49
2026-08-09,70,สอบ jlpt ออนไลน์,48
2026-08-09,71,เรียน ภาษา ญี่ปุ่น by click japanese,47
2026-08-09,72,ข้อสอบ ภาษา ญี่ปุ่น พร้อม เฉลย,46
2026-08-09,73,คอร์ส เรียน ภาษา ญี่ปุ่น ราคา,45
2026-08-09,74,สอบ jlpt ที่ไหน,45
2026-08-09,75,สอบ jlpt n1,45
2026-08-09,76,เรียน ภาษา ญี่ปุ่น future skill,44
2026-08-09,77,คอร์ส เรียน ภาษา ญี่ปุ่น pantip,44
2026-08-09,78,ข้อสอบ ภาษา ญี่ปุ่น a level,44
2026-08-09,79,ไวยากรณ์ ภาษา ญี่ปุ่น เบื้องต้น ฉบับ สมบูรณ์ pdf,43
2026-08-09,80,เรียน ภาษา ญี่ปุ่น ด้วย ตัว เอง n1,42
2026-08-09,81,สอบ jlpt ครั้ง ที่ 1,42
2026-08-09,82,คอร์ส ภาษา ญี่ปุ่น ออนไลน์ ฟรี,41
2026-08-09,83,ภาษา ญี่ปุ่น เบื้องต้น สวัสดี,41
2026-08-09,84,สอนภาษาญี่ปุ่น n4,40
2026-08-09,85,สนทนา ภาษา ญี่ปุ่น ใน ชีวิต ประ จํา วัน,40
2026-08-09,86,เรียนภาษาญี่ปุ่น ออนไลน์,39
2026-08-09,87,คอร์ส เรียน ภาษา ญี่ปุ่น a level,39
2026-08-09,88,เรียน ภาษา ญี่ปุ่น by click japanese รีวิว,39
2026-08-09,89,เรียน ภาษา ญี่ปุ่น by eri,39
2026-08-09,90,เรียน ภาษา ญี่ปุ่น i love japan,39
2026-08-09,91,สอนภาษาญี่ปุ่น สนทนา,39
2026-08-09,92,สอบ jlpt ระดับ,39
2026-08-09,93,ข้อสอบ ภาษา ญี่ปุ่น แปล ว่า,39
2026-08-09,94,โรงเรียน สอน ภาษา ญี่ปุ่น ichiban japanese language center,38
2026-08-09,95,ข้อสอบ ภาษา ญี่ปุ่น เขียน ยัง ไง,38
2026-08-09,96,ไวยากรณ์ ภาษา ญี่ปุ่น ชั้น ต้น,37
2026-08-09,97,สอบ jlpt คือ,37
2026-08-09,98,สอบ jlpt ครั้ง แรก,37
2026-08-09,99,สอบ jlpt n2,37
2026-08-09,100,เรียน ภาษา ญี่ปุ่น a level,36
2026-08-10,1,ข้อสอบภาษาญี่ปุ่น n4,290
2026-08-10,2,คําศัพท์ภาษาญี่ปุ่น nc,288
2026-08-10,3,สนทนาภาษาญี่ปุ่นพื้นฐาน,287
2026-08-10,4,สนทนาภาษาญี่ปุ่น เบื้องต้น,269
2026-08-10,5,ไวยากรณ์ภาษาญี่ปุ่น n1,251
2026-08-10,6,ข้อสอบภาษาญี่ปุ่น n5,244
2026-08-10,7,ข้อสอบ ภาษา ญี่ปุ่น คือ,235
2026-08-10,8,ข้อสอบ ภาษา ญี่ปุ่น pdf,199
2026-08-10,9,ไวยากรณ์ ภาษา ญี่ปุ่น pantip,197
2026-08-10,10,คําศัพท์ภาษาญี่ปุ่น n5,189
2026-08-10,11,เรียน ภาษา ญี่ปุ่น ด้วย ตัว เอง รีวิว,188
2026-08-10,12,คําศัพท์ภาษาญี่ปุ่นง่ายๆ,187
2026-08-10,13,ภาษา ญี่ปุ่น เบื้องต้น สนทนา,186
2026-08-10,14,คําศัพท์ภาษาญี่ปุ่นเบื้องต้น,168
2026-08-10,15,สนทนาภาษาญี่ปุ่น n4,167
2026-08-10,16,ภาษาญี่ปุ่น เบื้องต้น,165
2026-08-10,17,คอร์ส ภาษา ญี่ปุ่น ราคา,164
2026-08-10,18,ไวยากรณ์ภาษาญี่ปุ่น n4,159
2026-08-10,19,ภาษา ญี่ปุ่น เบื้องต้น pdf,157
2026-08-10,20,คอร์ส ภาษา ญี่ปุ่น พื้นฐาน,155
2026-08-10,21,คําศัพท์ภาษาญี่ปุ่น n1,151
2026-08-10,22,คอร์ส ภาษา ญี่ปุ่น ออนไลน์,146
2026-08-10,23,ไวยากรณ์ ภาษา ญี่ปุ่น คือ,138
2026-08-10,24,ไวยากรณ์ ภาษา ญี่ปุ่น พื้นฐาน,134
2026-08-10,25,คอร์ส ภาษา ญี่ปุ่น ฟรี,129
2026-08-10,26,ไวยากรณ์ ภาษา ญี่ปุ่น ทั้งหมด,124
2026-08-10,27,ไวยากรณ์ ภาษา ญี่ปุ่น เรียก ว่า,121
2026-08-10,28,คําศัพท์ภาษาญี่ปุ่นพื้นฐาน,117
2026-08-10,29,สนทนา ภาษา ญี่ปุ่น,115
2026-08-10,30,เรียนภาษาญี่ปุ่นด้วยตัวเอง,107
2026-08-10,31,ข้อสอบ ภาษา ญี่ปุ่น พื้นฐาน,107
2026-08-10,32,ไวยากรณ์ ภาษา ญี่ปุ่น pdf,103
2026-08-10,33,ภาษาญี่ปุ่นเบื้องต้น พยัญชนะ,100
2026-08-10,34,ภาษา ญี่ปุ่น เบื้องต้น n5,96
2026-08-10,35,คอร์ส เรียน ภาษา ญี่ปุ่น พื้นฐาน,91
2026-08-10,36,สอนภาษาญี่ปุ่นง่ายๆ,89
2026-08-10,37,ข้อสอบภาษาญี่ปุ่น,89
2026-08-10,38,สนทนาภาษาญี่ปุ่นเบื้องต้น,88
2026-08-10,39,สอนภาษาญี่ปุ่นฟรี,86
2026-08-10,40,คําศัพท์ภาษาญี่ปุ่น n4,81
2026-08-10,41,สนทนา ภาษา ญี่ปุ่น พื้นฐาน,81
2026-08-10,42,สอบ jlpt ผ่าน,79
2026-08-10,43,ไวยากรณ์ภาษาญี่ปุ่น n5,76
2026-08-10,44,ภาษา ญี่ปุ่น เบื้องต้น ฟรี,76
2026-08-10,45,ไวยากรณ์ภาษาญี่ปุ่นเบื้องต้น,75
2026-08-10,46,ข้อสอบ ภาษา ญี่ปุ่น เบื้องต้น,75
2026-08-10,47,ข้อสอบ ภาษา ญี่ปุ่น ง่ายๆ,75
2026-08-10,48,คําศัพท์ภาษาญี่ปุ่น n3,74
2026-08-10,49,คอร์ส ภาษา ญี่ปุ่น เบื้องต้น,74
2026-08-10,50,เรียน ภาษา ญี่ปุ่น ด้วย ตัว เอง pantip,70
2026-08-10,51,สอนภาษาญี่ปุ่นพื้นฐาน,70
2026-08-10,52,คอร์ส เรียน ภาษา ญี่ปุ่น พูด,70
2026-08-10,53,คอร์ส เรียน ภาษา ญี่ปุ่น รีวิว,69
2026-08-10,54,เรียน ภาษา ญี่ปุ่น ด้วย ตัว เอง ฟรี,68
2026-08-10,55,สอบ jlpt pantip,67
2026-08-10,56,คอร์ส ออนไลน์ สนทนา ภาษา ญี่ปุ่น พูด ได้ ใช้ คล่อง,66
2026-08-10,57,ไวยากรณ์ ภาษา ญี่ปุ่น เบื้องต้น,64
2026-08-10,58,ไวยากรณ์ภาษาญี่ปุ่น n2,58
2026-08-10,59,คอร์ส ภาษา ญี่ปุ่น ธุรกิจ,58
2026-08-10,60,ไวยากรณ์ภาษาญี่ปุ่น n3,56
2026-08-10,61,สอบ jlpt ยาก ไหม,54
2026-08-10,62,สอบ jlpt n5,53
2026-08-10,63,คอร์ส ภาษา ญี่ปุ่น มหิดล,52
2026-08-10,64,ภาษาญี่ปุ่นเบื้องต้น บทที่ 1,52
2026-08-10,65,สอบ jlpt ยัง ไง,52
2026-08-10,66,ภาษา ญี่ปุ่น เบื้องต้น หนังสือ,51
2026-08-10,67,คําศัพท์ภาษาญี่ปุ่น n2,50
2026-08-10,68,สอบ jlpt ไม่ ผ่าน,50
2026-08-10,69,เรียนภาษาญี่ปุ่น เด็ก,49
2026-08-10,70,สอบ jlpt ออนไลน์,48
2026-08-10,71,เรียน ภาษา ญี่ปุ่น by click japanese,47
2026-08-10,72,ข้อสอบ ภาษา ญี่ปุ่น พร้อม เฉลย,46
2026-08-10,73,คอร์ส เรียน ภาษา ญี่ปุ่น ราคา,45
2026-08-10,74,สอบ jlpt ที่ไหน,45
2026-08-10,75,สอบ jlpt n1,45
2026-08-10,76,เรียน ภาษา ญี่ปุ่น future skill,44
2026-08-10,77,คอร์ส เรียน ภาษา ญี่ปุ่น pantip,44
2026-08-10,78,สอบ jlpt ครั้ง ที่ 1,44
2026-08-10,79,ข้อสอบ ภาษา ญี่ปุ่น a level,44
2026-08-10,80,ไวยากรณ์ ภาษา ญี่ปุ่น เบื้องต้น ฉบับ สมบูรณ์ pdf,43
2026-08-10,81,เรียน ภาษา ญี่ปุ่น ด้วย ตัว เอง n1,42
2026-08-10,82,คอร์ส ภาษา ญี่ปุ่น ออนไลน์ ฟรี,41
2026-08-10,83,ภาษา ญี่ปุ่น เบื้องต้น สวัสดี,41
2026-08-10,84,สอนภาษาญี่ปุ่น n4,40
2026-08-10,85,สนทนา ภาษา ญี่ปุ่น ใน ชีวิต ประ จํา วัน,40
2026-08-10,86,เรียนภาษาญี่ปุ่น ออนไลน์,39
2026-08-10,87,คอร์ส เรียน ภาษา ญี่ปุ่น a level,39
2026-08-10,88,เรียน ภาษา ญี่ปุ่น by click japanese รีวิว,39
2026-08-10,89,เรียน ภาษา ญี่ปุ่น by eri,39
2026-08-10,90,เรียน ภาษา ญี่ปุ่น i love japan,39
2026-08-10,91,สอนภาษาญี่ปุ่น สนทนา,39
2026-08-10,92,สอบ jlpt ระดับ,39
2026-08-10,93,ข้อสอบ ภาษา ญี่ปุ่น แปล ว่า,39
2026-08-10,94,โรงเรียน สอน ภาษา ญี่ปุ่น ichiban japanese language center,38
2026-08-10,95,ข้อสอบ ภาษา ญี่ปุ่น เขียน ยัง ไง,38
2026-08-10,96,ไวยากรณ์ ภาษา ญี่ปุ่น ชั้น ต้น,37
2026-08-10,97,สอบ jlpt คือ,37
2026-08-10,98,สอบ jlpt ครั้ง แรก,37
2026-08-10,99,สอบ jlpt n2,37
2026-08-10,100,เรียน ภาษา ญี่ปุ่น a level,36
2026-08-11,1,ข้อสอบภาษาญี่ปุ่น n4,290
2026-08-11,2,คําศัพท์ภาษาญี่ปุ่น nc,288
2026-08-11,3,สนทนาภาษาญี่ปุ่นพื้นฐาน,287
2026-08-11,4,สนทนาภาษาญี่ปุ่น เบื้องต้น,269
2026-08-11,5,ไวยากรณ์ภาษาญี่ปุ่น n1,251
2026-08-11,6,ข้อสอบภาษาญี่ปุ่น n5,244
2026-08-11,7,ข้อสอบ ภาษา ญี่ปุ่น คือ,235
2026-08-11,8,ข้อสอบ ภาษา ญี่ปุ่น pdf,199
2026-08-11,9,ไวยากรณ์ ภาษา ญี่ปุ่น pantip,197
2026-08-11,10,คําศัพท์ภาษาญี่ปุ่น n5,189
2026-08-11,11,เรียน ภาษา ญี่ปุ่น ด้วย ตัว เอง รีวิว,188
2026-08-11,12,คําศัพท์ภาษาญี่ปุ่นง่ายๆ,187
2026-08-11,13,ภาษา ญี่ปุ่น เบื้องต้น สนทนา,186
2026-08-11,14,คําศัพท์ภาษาญี่ปุ่นเบื้องต้น,168
2026-08-11,15,สนทนาภาษาญี่ปุ่น n4,167
2026-08-11,16,ภาษาญี่ปุ่น เบื้องต้น,166
2026-08-11,17,คอร์ส ภาษา ญี่ปุ่น ราคา,164
2026-08-11,18,ไวยากรณ์ภาษาญี่ปุ่น n4,159
2026-08-11,19,ภาษา ญี่ปุ่น เบื้องต้น pdf,156
2026-08-11,20,คอร์ส ภาษา ญี่ปุ่น พื้นฐาน,155
2026-08-11,21,คําศัพท์ภาษาญี่ปุ่น n1,151
2026-08-11,22,คอร์ส ภาษา ญี่ปุ่น ออนไลน์,146
2026-08-11,23,ไวยากรณ์ ภาษา ญี่ปุ่น คือ,138
2026-08-11,24,ไวยากรณ์ ภาษา ญี่ปุ่น พื้นฐาน,134
2026-08-11,25,คอร์ส ภาษา ญี่ปุ่น ฟรี,129
2026-08-11,26,ไวยากรณ์ ภาษา ญี่ปุ่น ทั้งหมด,124
2026-08-11,27,ไวยากรณ์ ภาษา ญี่ปุ่น เรียก ว่า,121
2026-08-11,28,คําศัพท์ภาษาญี่ปุ่นพื้นฐาน,117
2026-08-11,29,สนทนา ภาษา ญี่ปุ่น,115
2026-08-11,30,เรียนภาษาญี่ปุ่นด้วยตัวเอง,107
2026-08-11,31,ข้อสอบ ภาษา ญี่ปุ่น พื้นฐาน,107
2026-08-11,32,ไวยากรณ์ ภาษา ญี่ปุ่น pdf,103
2026-08-11,33,ภาษาญี่ปุ่นเบื้องต้น พยัญชนะ,98
2026-08-11,34,ภาษา ญี่ปุ่น เบื้องต้น n5,95
2026-08-11,35,สอนภาษาญี่ปุ่นง่ายๆ,91
2026-08-11,36,คอร์ส เรียน ภาษา ญี่ปุ่น พื้นฐาน,91
2026-08-11,37,ข้อสอบภาษาญี่ปุ่น,89
2026-08-11,38,สอนภาษาญี่ปุ่นฟรี,88
2026-08-11,39,สนทนาภาษาญี่ปุ่นเบื้องต้น,88
2026-08-11,40,คําศัพท์ภาษาญี่ปุ่น n4,81
2026-08-11,41,สนทนา ภาษา ญี่ปุ่น พื้นฐาน,81
2026-08-11,42,สอบ jlpt ผ่าน,79
2026-08-11,43,ไวยากรณ์ภาษาญี่ปุ่น n5,76
2026-08-11,44,ไวยากรณ์ภาษาญี่ปุ่นเบื้องต้น,75
2026-08-11,45,ข้อสอบ ภาษา ญี่ปุ่น เบื้องต้น,75
2026-08-11,46,ข้อสอบ ภาษา ญี่ปุ่น ง่ายๆ,75
2026-08-11,47,คําศัพท์ภาษาญี่ปุ่น n3,74
2026-08-11,48,คอร์ส ภาษา ญี่ปุ่น เบื้องต้น,74
2026-08-11,49,ภาษา ญี่ปุ่น เบื้องต้น ฟรี,74
2026-08-11,50,สอนภาษาญี่ปุ่นพื้นฐาน,71
2026-08-11,51,เรียน ภาษา ญี่ปุ่น ด้วย ตัว เอง pantip,70
2026-08-11,52,คอร์ส เรียน ภาษา ญี่ปุ่น พูด,70
2026-08-11,53,คอร์ส เรียน ภาษา ญี่ปุ่น รีวิว,69
2026-08-11,54,เรียน ภาษา ญี่ปุ่น ด้วย ตัว เอง ฟรี,68
2026-08-11,55,สอบ jlpt pantip,68
2026-08-11,56,คอร์ส ออนไลน์ สนทนา ภาษา ญี่ปุ่น พูด ได้ ใช้ คล่อง,66
2026-08-11,57,ไวยากรณ์ ภาษา ญี่ปุ่น เบื้องต้น,65
2026-08-11,58,ไวยากรณ์ภาษาญี่ปุ่น n2,58
2026-08-11,59,คอร์ส ภาษา ญี่ปุ่น ธุรกิจ,58
2026-08-11,60,ไวยากรณ์ภาษาญี่ปุ่น n3,56
2026-08-11,61,สอบ jlpt ยาก ไหม,54
2026-08-11,62,สอบ jlpt n5,53
2026-08-11,63,คอร์ส ภาษา ญี่ปุ่น มหิดล,52
2026-08-11,64,ภาษาญี่ปุ่นเบื้องต้น บทที่ 1,52
2026-08-11,65,สอบ jlpt ยัง ไง,52
2026-08-11,66,คําศัพท์ภาษาญี่ปุ่น n2,50
2026-08-11,67,ภาษา ญี่ปุ่น เบื้องต้น หนังสือ,50
2026-08-11,68,สอบ jlpt ไม่ ผ่าน,50
2026-08-11,69,เรียนภาษาญี่ปุ่น เด็ก,49
2026-08-11,70,สอบ jlpt ออนไลน์,48
2026-08-11,71,เรียน ภาษา ญี่ปุ่น by click japanese,47
2026-08-11,72,ข้อสอบ ภาษา ญี่ปุ่น พร้อม เฉลย,46
2026-08-11,73,คอร์ส เรียน ภาษา ญี่ปุ่น ราคา,45
2026-08-11,74,สอบ jlpt ที่ไหน,45
2026-08-11,75,สอบ jlpt n1,45
2026-08-11,76,เรียน ภาษา ญี่ปุ่น future skill,44
2026-08-11,77,คอร์ส เรียน ภาษา ญี่ปุ่น pantip,44
2026-08-11,78,ไวยากรณ์ ภาษา ญี่ปุ่น เบื้องต้น ฉบับ สมบูรณ์ pdf,44
2026-08-11,79,ภาษา ญี่ปุ่น เบื้องต้น ประโยค,44
2026-08-11,80,ข้อสอบ ภาษา ญี่ปุ่น a level,44
2026-08-11,81,สอบ jlpt ครั้ง ที่ 1,43
2026-08-11,82,เรียน ภาษา ญี่ปุ่น ด้วย ตัว เอง n1,42
2026-08-11,83,คอร์ส ภาษา ญี่ปุ่น ออนไลน์ ฟรี,41
2026-08-11,84,ภาษา ญี่ปุ่น เบื้องต้น สวัสดี,41
2026-08-11,85,สอนภาษาญี่ปุ่น n4,40
2026-08-11,86,สนทนา ภาษา ญี่ปุ่น ใน ชีวิต ประ จํา วัน,40
2026-08-11,87,เรียนภาษาญี่ปุ่น ออนไลน์,39
2026-08-11,88,คอร์ส เรียน ภาษา ญี่ปุ่น a level,39
2026-08-11,89,เรียน ภาษา ญี่ปุ่น by click japanese รีวิว,39
2026-08-11,90,เรียน ภาษา ญี่ปุ่น by eri,39
2026-08-11,91,เรียน ภาษา ญี่ปุ่น i love japan,39
2026-08-11,92,สอนภาษาญี่ปุ่น สนทนา,39
2026-08-11,93,สอบ jlpt ระดับ,39
2026-08-11,94,ข้อสอบ ภาษา ญี่ปุ่น แปล ว่า,39
2026-08-11,95,โรงเรียน สอน ภาษา ญี่ปุ่น ichiban japanese language center,38
2026-08-11,96,ข้อสอบ ภาษา ญี่ปุ่น เขียน ยัง ไง,38
2026-08-11,97,ไวยากรณ์ ภาษา ญี่ปุ่น ชั้น ต้น,37
2026-08-11,98,สอบ jlpt คือ,37
2026-08-11,99,สอบ jlpt ครั้ง แรก,37
2026-08-11,100,สอบ jlpt n2,37
2026-08-12,1,คําศัพท์ภาษาญี่ปุ่น nc,290
2026-08-12,2,ข้อสอบภาษาญี่ปุ่น n4,290
2026-08-12,3,สนทนาภาษาญี่ปุ่นพื้นฐาน,287
2026-08-12,4,สนทนาภาษาญี่ปุ่น เบื้องต้น,270
2026-08-12,5,ไวยากรณ์ภาษาญี่ปุ่น n1,251
2026-08-12,6,ข้อสอบภาษาญี่ปุ่น n5,245
2026-08-12,7,ข้อสอบ ภาษา ญี่ปุ่น คือ,235
2026-08-12,8,ข้อสอบ ภาษา ญี่ปุ่น pdf,200
2026-08-12,9,ไวยากรณ์ ภาษา ญี่ปุ่น pantip,197
2026-08-12,10,คําศัพท์ภาษาญี่ปุ่น n5,190
2026-08-12,11,คําศัพท์ภาษาญี่ปุ่นง่ายๆ,188
2026-08-12,12,เรียน ภาษา ญี่ปุ่น ด้วย ตัว เอง รีวิว,188
2026-08-12,13,ภาษา ญี่ปุ่น เบื้องต้น สนทนา,185
2026-08-12,14,คําศัพท์ภาษาญี่ปุ่นเบื้องต้น,168
2026-08-12,15,สนทนาภาษาญี่ปุ่น n4,167
2026-08-12,16,ภาษาญี่ปุ่น เบื้องต้น,165
2026-08-12,17,คอร์ส ภาษา ญี่ปุ่น ราคา,163
2026-08-12,18,ไวยากรณ์ภาษาญี่ปุ่น n4,159
2026-08-12,19,คอร์ส ภาษา ญี่ปุ่น พื้นฐาน,154
2026-08-12,20,ภาษา ญี่ปุ่น เบื้องต้น pdf,153
2026-08-12,21,คําศัพท์ภาษาญี่ปุ่น n1,152
2026-08-12,22,ไวยากรณ์ ภาษา ญี่ปุ่น คือ,138
2026-08-12,23,ไวยากรณ์ ภาษา ญี่ปุ่น พื้นฐาน,134
2026-08-12,24,คอร์ส ภาษา ญี่ปุ่น ออนไลน์,130
2026-08-12,25,คอร์ส ภาษา ญี่ปุ่น ฟรี,129
2026-08-12,26,ไวยากรณ์ ภาษา ญี่ปุ่น ทั้งหมด,124
2026-08-12,27,ไวยากรณ์ ภาษา ญี่ปุ่น เรียก ว่า,121
2026-08-12,28,คําศัพท์ภาษาญี่ปุ่นพื้นฐาน,117
2026-08-12,29,สนทนา ภาษา ญี่ปุ่น,116
2026-08-12,30,ข้อสอบ ภาษา ญี่ปุ่น พื้นฐาน,108
2026-08-12,31,เรียนภาษาญี่ปุ่นด้วยตัวเอง,106
2026-08-12,32,ไวยากรณ์ ภาษา ญี่ปุ่น pdf,103
2026-08-12,33,ภาษาญี่ปุ่นเบื้องต้น พยัญชนะ,97
2026-08-12,34,ภาษา ญี่ปุ่น เบื้องต้น n5,95
2026-08-12,35,คอร์ส เรียน ภาษา ญี่ปุ่น พื้นฐาน,91
2026-08-12,36,สอนภาษาญี่ปุ่นง่ายๆ,89
2026-08-12,37,ข้อสอบภาษาญี่ปุ่น,89
2026-08-12,38,สอนภาษาญี่ปุ่นฟรี,88
2026-08-12,39,สนทนาภาษาญี่ปุ่นเบื้องต้น,88
2026-08-12,40,สนทนา ภาษา ญี่ปุ่น พื้นฐาน,82
2026-08-12,41,คําศัพท์ภาษาญี่ปุ่น n4,81
2026-08-12,42,สอบ jlpt ผ่าน,79
2026-08-12,43,ไวยากรณ์ภาษาญี่ปุ่น n5,76
2026-08-12,44,ข้อสอบ ภาษา ญี่ปุ่น ง่ายๆ,76
2026-08-12,45,ไวยากรณ์ภาษาญี่ปุ่นเบื้องต้น,75
2026-08-12,46,คําศัพท์ภาษาญี่ปุ่น n3,75
2026-08-12,47,ข้อสอบ ภาษา ญี่ปุ่น เบื้องต้น,75
2026-08-12,48,สอนภาษาญี่ปุ่นพื้นฐาน,74
2026-08-12,49,คอร์ส ภาษา ญี่ปุ่น เบื้องต้น,74
2026-08-12,50,ภาษา ญี่ปุ่น เบื้องต้น ฟรี,74
2026-08-12,51,เรียน ภาษา ญี่ปุ่น ด้วย ตัว เอง pantip,70
2026-08-12,52,คอร์ส เรียน ภาษา ญี่ปุ่น พูด,70
2026-08-12,53,คอร์ส เรียน ภาษา ญี่ปุ่น รีวิว,69
2026-08-12,54,เรียน ภาษา ญี่ปุ่น ด้วย ตัว เอง ฟรี,68
2026-08-12,55,สอบ jlpt pantip,68
2026-08-12,56,คอร์ส ออนไลน์ สนทนา ภาษา ญี่ปุ่น พูด ได้ ใช้ คล่อง,66
2026-08-12,57,ไวยากรณ์ ภาษา ญี่ปุ่น เบื้องต้น,64
2026-08-12,58,ไวยากรณ์ภาษาญี่ปุ่น n2,58
2026-08-12,59,คอร์ส ภาษา ญี่ปุ่น ธุรกิจ,58
2026-08-12,60,ไวยากรณ์ภาษาญี่ปุ่น n3,56
2026-08-12,61,สอบ jlpt n5,55
2026-08-12,62,สอบ jlpt ยาก ไหม,55
2026-08-12,63,คอร์ส ภาษา ญี่ปุ่น มหิดล,52
2026-08-12,64,ภาษาญี่ปุ่นเบื้องต้น บทที่ 1,52
2026-08-12,65,สอบ jlpt ยัง ไง,52
2026-08-12,66,คําศัพท์ภาษาญี่ปุ่น n2,51
2026-08-12,67,ภาษา ญี่ปุ่น เบื้องต้น หนังสือ,50
2026-08-12,68,สอบ jlpt ไม่ ผ่าน,50
2026-08-12,69,เรียนภาษาญี่ปุ่น เด็ก,49
2026-08-12,70,สอบ jlpt ออนไลน์,48
2026-08-12,71,เรียน ภาษา ญี่ปุ่น by click japanese,47
2026-08-12,72,ข้อสอบ ภาษา ญี่ปุ่น พร้อม เฉลย,46
2026-08-12,73,คอร์ส เรียน ภาษา ญี่ปุ่น ราคา,45
2026-08-12,74,สอบ jlpt n1,45
2026-08-12,75,คอร์ส เรียน ภาษา ญี่ปุ่น pantip,44
2026-08-12,76,สอบ jlpt ที่ไหน,44
2026-08-12,77,ข้อสอบ ภาษา ญี่ปุ่น a level,44
2026-08-12,78,เรียน ภาษา ญี่ปุ่น future skill,43
2026-08-12,79,ไวยากรณ์ ภาษา ญี่ปุ่น เบื้องต้น ฉบับ สมบูรณ์ pdf,43
2026-08-12,80,ภาษา ญี่ปุ่น เบื้องต้น ประโยค,43
2026-08-12,81,สอบ jlpt ครั้ง ที่ 1,43
2026-08-12,82,เรียน ภาษา ญี่ปุ่น ด้วย ตัว เอง n1,42
2026-08-12,83,คอร์ส ภาษา ญี่ปุ่น ออนไลน์ ฟรี,41
2026-08-12,84,สอนภาษาญี่ปุ่น n4,40
2026-08-12,85,สนทนา ภาษา ญี่ปุ่น ใน ชีวิต ประ จํา วัน,40
2026-08-12,86,ภาษา ญี่ปุ่น เบื้องต้น สวัสดี,40
2026-08-12,87,เรียนภาษาญี่ปุ่น ออนไลน์,39
2026-08-12,88,คอร์ส เรียน ภาษา ญี่ปุ่น a level,39
2026-08-12,89,เรียน ภาษา ญี่ปุ่น by click japanese รีวิว,39
2026-08-12,90,เรียน ภาษา ญี่ปุ่น by eri,39
2026-08-12,91,เรียน ภาษา ญี่ปุ่น i love japan,39
2026-08-12,92,สอนภาษาญี่ปุ่น สนทนา,39
2026-08-12,93,สอบ jlpt ระดับ,39
2026-08-12,94,ข้อสอบ ภาษา ญี่ปุ่น แปล ว่า,39
2026-08-12,95,โรงเรียน สอน ภาษา ญี่ปุ่น ichiban japanese language center,38
2026-08-12,96,ข้อสอบ ภาษา ญี่ปุ่น เขียน ยัง ไง,38
2026-08-12,97,ไวยากรณ์ ภาษา ญี่ปุ่น ชั้น ต้น,37
2026-08-12,98,สอบ jlpt ครั้ง แรก,37
2026-08-12,99,สอบ jlpt n2,37
2026-08-12,100,เรียน ภาษา ญี่ปุ่น a level,36
2026-08-13,1,คําศัพท์ภาษาญี่ปุ่น nc,291
2026-08-13,2,ข้อสอบภาษาญี่ปุ่น n4,290
2026-08-13,3,สนทนาภาษาญี่ปุ่นพื้นฐาน,287
2026-08-13,4,สนทนาภาษาญี่ปุ่น เบื้องต้น,269
2026-08-13,5,ไวยากรณ์ภาษาญี่ปุ่น n1,251
2026-08-13,6,ข้อสอบภาษาญี่ปุ่น n5,245
2026-08-13,7,ข้อสอบ ภาษา ญี่ปุ่น คือ,235
2026-08-13,8,ข้อสอบ ภาษา ญี่ปุ่น pdf,200
2026-08-13,9,ไวยากรณ์ ภาษา ญี่ปุ่น pantip,197
2026-08-13,10,คําศัพท์ภาษาญี่ปุ่น n5,190
2026-08-13,11,คําศัพท์ภาษาญี่ปุ่นง่ายๆ,188
2026-08-13,12,เรียน ภาษา ญี่ปุ่น ด้วย ตัว เอง รีวิว,188
2026-08-13,13,ภาษา ญี่ปุ่น เบื้องต้น สนทนา,186
2026-08-13,14,คําศัพท์ภาษาญี่ปุ่นเบื้องต้น,168
2026-08-13,15,สนทนาภาษาญี่ปุ่น n4,167
2026-08-13,16,ภาษาญี่ปุ่น เบื้องต้น,166
2026-08-13,17,คอร์ส ภาษา ญี่ปุ่น ราคา,163
2026-08-13,18,ไวยากรณ์ภาษาญี่ปุ่น n4,159
2026-08-13,19,ภาษา ญี่ปุ่น เบื้องต้น pdf,156
2026-08-13,20,คอร์ส ภาษา ญี่ปุ่น พื้นฐาน,154
2026-08-13,21,คําศัพท์ภาษาญี่ปุ่น n1,152
2026-08-13,22,ไวยากรณ์ ภาษา ญี่ปุ่น คือ,138
2026-08-13,23,ไวยากรณ์ ภาษา ญี่ปุ่น พื้นฐาน,134
2026-08-13,24,คอร์ส ภาษา ญี่ปุ่น ออนไลน์,130
2026-08-13,25,คอร์ส ภาษา ญี่ปุ่น ฟรี,129
2026-08-13,26,ไวยากรณ์ ภาษา ญี่ปุ่น ทั้งหมด,124
2026-08-13,27,ไวยากรณ์ ภาษา ญี่ปุ่น เรียก ว่า,121
2026-08-13,28,คําศัพท์ภาษาญี่ปุ่นพื้นฐาน,117
2026-08-13,29,สนทนา ภาษา ญี่ปุ่น,115
2026-08-13,30,ข้อสอบ ภาษา ญี่ปุ่น พื้นฐาน,108
2026-08-13,31,เรียนภาษาญี่ปุ่นด้วยตัวเอง,106
2026-08-13,32,ไวยากรณ์ ภาษา ญี่ปุ่น pdf,103
2026-08-13,33,ภาษาญี่ปุ่นเบื้องต้น พยัญชนะ,97
2026-08-13,34,ภาษา ญี่ปุ่น เบื้องต้น n5,95
2026-08-13,35,คอร์ส เรียน ภาษา ญี่ปุ่น พื้นฐาน,91
2026-08-13,36,สอนภาษาญี่ปุ่นง่ายๆ,89
2026-08-13,37,ข้อสอบภาษาญี่ปุ่น,89
2026-08-13,38,สอนภาษาญี่ปุ่นฟรี,88
2026-08-13,39,สนทนาภาษาญี่ปุ่นเบื้องต้น,88
2026-08-13,40,คําศัพท์ภาษาญี่ปุ่น n4,81
2026-08-13,41,สนทนา ภาษา ญี่ปุ่น พื้นฐาน,81
2026-08-13,42,สอบ jlpt ผ่าน,79
2026-08-13,43,ไวยากรณ์ภาษาญี่ปุ่น n5,76
2026-08-13,44,ข้อสอบ ภาษา ญี่ปุ่น ง่ายๆ,76
2026-08-13,45,ไวยากรณ์ภาษาญี่ปุ่นเบื้องต้น,75
2026-08-13,46,คําศัพท์ภาษาญี่ปุ่น n3,75
2026-08-13,47,ข้อสอบ ภาษา ญี่ปุ่น เบื้องต้น,75
2026-08-13,48,สอนภาษาญี่ปุ่นพื้นฐาน,74
2026-08-13,49,คอร์ส ภาษา ญี่ปุ่น เบื้องต้น,74
2026-08-13,50,ภาษา ญี่ปุ่น เบื้องต้น ฟรี,74
2026-08-13,51,เรียน ภาษา ญี่ปุ่น ด้วย ตัว เอง pantip,70
2026-08-13,52,คอร์ส เรียน ภาษา ญี่ปุ่น พูด,70
2026-08-13,53,คอร์ส เรียน ภาษา ญี่ปุ่น รีวิว,69
2026-08-13,54,เรียน ภาษา ญี่ปุ่น ด้วย ตัว เอง ฟรี,68
2026-08-13,55,สอบ jlpt pantip,68
2026-08-13,56,คอร์ส ออนไลน์ สนทนา ภาษา ญี่ปุ่น พูด ได้ ใช้ คล่อง,66
2026-08-13,57,ไวยากรณ์ ภาษา ญี่ปุ่น เบื้องต้น,64
2026-08-13,58,ไวยากรณ์ภาษาญี่ปุ่น n2,58
2026-08-13,59,คอร์ส ภาษา ญี่ปุ่น ธุรกิจ,58
2026-08-13,60,ไวยากรณ์ภาษาญี่ปุ่น n3,56
2026-08-13,61,สอบ jlpt n5,55
2026-08-13,62,สอบ jlpt ยาก ไหม,55
2026-08-13,63,คอร์ส ภาษา ญี่ปุ่น มหิดล,52
2026-08-13,64,ภาษาญี่ปุ่นเบื้องต้น บทที่ 1,52
2026-08-13,65,สอบ jlpt ยัง ไง,52
2026-08-13,66,คําศัพท์ภาษาญี่ปุ่น n2,51
2026-08-13,67,ภาษา ญี่ปุ่น เบื้องต้น หนังสือ,50
2026-08-13,68,สอบ jlpt ไม่ ผ่าน,50
2026-08-13,69,เรียนภาษาญี่ปุ่น เด็ก,49
2026-08-13,70,สอบ jlpt ออนไลน์,48
2026-08-13,71,เรียน ภาษา ญี่ปุ่น by click japanese,47
2026-08-13,72,ข้อสอบ ภาษา ญี่ปุ่น พร้อม เฉลย,46
2026-08-13,73,คอร์ส เรียน ภาษา ญี่ปุ่น ราคา,45
2026-08-13,74,สอบ jlpt n1,45
2026-08-13,75,คอร์ส เรียน ภาษา ญี่ปุ่น pantip,44
2026-08-13,76,สอบ jlpt ที่ไหน,44
2026-08-13,77,ข้อสอบ ภาษา ญี่ปุ่น a level,44
2026-08-13,78,เรียน ภาษา ญี่ปุ่น future skill,43
2026-08-13,79,ไวยากรณ์ ภาษา ญี่ปุ่น เบื้องต้น ฉบับ สมบูรณ์ pdf,43
2026-08-13,80,ภาษา ญี่ปุ่น เบื้องต้น ประโยค,43
2026-08-13,81,สอบ jlpt ครั้ง ที่ 1,43
2026-08-13,82,เรียน ภาษา ญี่ปุ่น ด้วย ตัว เอง n1,42
2026-08-13,83,คอร์ส ภาษา ญี่ปุ่น ออนไลน์ ฟรี,41
2026-08-13,84,ภาษา ญี่ปุ่น เบื้องต้น สวัสดี,41
2026-08-13,85,สอนภาษาญี่ปุ่น n4,40
2026-08-13,86,สนทนา ภาษา ญี่ปุ่น ใน ชีวิต ประ จํา วัน,40
2026-08-13,87,คอร์ส เรียน ภาษา ญี่ปุ่น a level,39
2026-08-13,88,เรียน ภาษา ญี่ปุ่น by click japanese รีวิว,39
2026-08-13,89,เรียน ภาษา ญี่ปุ่น by eri,39
2026-08-13,90,เรียน ภาษา ญี่ปุ่น i love japan,39
2026-08-13,91,สอนภาษาญี่ปุ่น สนทนา,39
2026-08-13,92,สอบ jlpt ระดับ,39
2026-08-13,93,ข้อสอบ ภาษา ญี่ปุ่น แปล ว่า,39
2026-08-13,94,เรียนภาษาญี่ปุ่น ออนไลน์,38
2026-08-13,95,โรงเรียน สอน ภาษา ญี่ปุ่น ichiban japanese language center,38
2026-08-13,96,ข้อสอบ ภาษา ญี่ปุ่น เขียน ยัง ไง,38
2026-08-13,97,ไวยากรณ์ ภาษา ญี่ปุ่น ชั้น ต้น,37
2026-08-13,98,สอบ jlpt ครั้ง แรก,37
2026-08-13,99,สอบ jlpt n2,37
2026-08-13,100,เรียน ภาษา ญี่ปุ่น a level,36
2026-08-14,1,ข้อสอบภาษาญี่ปุ่น n4,291
2026-08-14,2,คําศัพท์ภาษาญี่ปุ่น nc,290
2026-08-14,3,สนทนาภาษาญี่ปุ่นพื้นฐาน,286
2026-08-14,4,สนทนาภาษาญี่ปุ่น เบื้องต้น,268
2026-08-14,5,ไวยากรณ์ภาษาญี่ปุ่น n1,251
2026-08-14,6,ข้อสอบภาษาญี่ปุ่น n5,245
2026-08-14,7,ข้อสอบ ภาษา ญี่ปุ่น คือ,236
2026-08-14,8,ข้อสอบ ภาษา ญี่ปุ่น pdf,200
2026-08-14,9,ไวยากรณ์ ภาษา ญี่ปุ่น pantip,197
2026-08-14,10,คําศัพท์ภาษาญี่ปุ่น n5,190
2026-08-14,11,คําศัพท์ภาษาญี่ปุ่นง่ายๆ,188
2026-08-14,12,เรียน ภาษา ญี่ปุ่น ด้วย ตัว เอง รีวิว,188
2026-08-14,13,ภาษา ญี่ปุ่น เบื้องต้น สนทนา,185
2026-08-14,14,คําศัพท์ภาษาญี่ปุ่นเบื้องต้น,168
2026-08-14,15,สนทนาภาษาญี่ปุ่น n4,167
2026-08-14,16,ภาษาญี่ปุ่น เบื้องต้น,165
2026-08-14,17,คอร์ส ภาษา ญี่ปุ่น ราคา,164
2026-08-14,18,ไวยากรณ์ภาษาญี่ปุ่น n4,159
2026-08-14,19,ภาษา ญี่ปุ่น เบื้องต้น pdf,153
2026-08-14,20,คําศัพท์ภาษาญี่ปุ่น n1,152
2026-08-14,21,คอร์ส ภาษา ญี่ปุ่น พื้นฐาน,151
2026-08-14,22,ไวยากรณ์ ภาษา ญี่ปุ่น คือ,138
2026-08-14,23,ไวยากรณ์ ภาษา ญี่ปุ่น พื้นฐาน,134
2026-08-14,24,คอร์ส ภาษา ญี่ปุ่น ออนไลน์,130
2026-08-14,25,คอร์ส ภาษา ญี่ปุ่น ฟรี,129
2026-08-14,26,ไวยากรณ์ ภาษา ญี่ปุ่น ทั้งหมด,124
2026-08-14,27,ไวยากรณ์ ภาษา ญี่ปุ่น เรียก ว่า,121
2026-08-14,28,คําศัพท์ภาษาญี่ปุ่นพื้นฐาน,117
2026-08-14,29,สนทนา ภาษา ญี่ปุ่น,114
2026-08-14,30,ข้อสอบ ภาษา ญี่ปุ่น พื้นฐาน,108
2026-08-14,31,เรียนภาษาญี่ปุ่นด้วยตัวเอง,106
2026-08-14,32,ไวยากรณ์ ภาษา ญี่ปุ่น pdf,103
2026-08-14,33,ภาษาญี่ปุ่นเบื้องต้น พยัญชนะ,97
2026-08-14,34,ภาษา ญี่ปุ่น เบื้องต้น n5,95
2026-08-14,35,คอร์ส เรียน ภาษา ญี่ปุ่น พื้นฐาน,91
2026-08-14,36,สอนภาษาญี่ปุ่นง่ายๆ,89
2026-08-14,37,ข้อสอบภาษาญี่ปุ่น,89
2026-08-14,38,สอนภาษาญี่ปุ่นฟรี,88
2026-08-14,39,สนทนาภาษาญี่ปุ่นเบื้องต้น,88
2026-08-14,40,คําศัพท์ภาษาญี่ปุ่น n4,81
2026-08-14,41,สนทนา ภาษา ญี่ปุ่น พื้นฐาน,81
2026-08-14,42,สอบ jlpt ผ่าน,79
2026-08-14,43,ไวยากรณ์ภาษาญี่ปุ่น n5,76
2026-08-14,44,ข้อสอบ ภาษา ญี่ปุ่น ง่ายๆ,76
2026-08-14,45,ไวยากรณ์ภาษาญี่ปุ่นเบื้องต้น,75
2026-08-14,46,คําศัพท์ภาษาญี่ปุ่น n3,75
2026-08-14,47,ข้อสอบ ภาษา ญี่ปุ่น เบื้องต้น,75
2026-08-14,48,สอนภาษาญี่ปุ่นพื้นฐาน,74
2026-08-14,49,คอร์ส ภาษา ญี่ปุ่น เบื้องต้น,74
2026-08-14,50,ภาษา ญี่ปุ่น เบื้องต้น ฟรี,74
2026-08-14,51,เรียน ภาษา ญี่ปุ่น ด้วย ตัว เอง pantip,70
2026-08-14,52,คอร์ส เรียน ภาษา ญี่ปุ่น พูด,70
2026-08-14,53,คอร์ส เรียน ภาษา ญี่ปุ่น รีวิว,69
2026-08-14,54,เรียน ภาษา ญี่ปุ่น ด้วย ตัว เอง ฟรี,68
2026-08-14,55,สอบ jlpt pantip,68
2026-08-14,56,คอร์ส ออนไลน์ สนทนา ภาษา ญี่ปุ่น พูด ได้ ใช้ คล่อง,67
2026-08-14,57,ไวยากรณ์ ภาษา ญี่ปุ่น เบื้องต้น,64
2026-08-14,58,ไวยากรณ์ภาษาญี่ปุ่น n2,58
2026-08-14,59,คอร์ส ภาษา ญี่ปุ่น ธุรกิจ,58
2026-08-14,60,ไวยากรณ์ภาษาญี่ปุ่น n3,56
2026-08-14,61,สอบ jlpt n5,55
2026-08-14,62,สอบ jlpt ยาก ไหม,55
2026-08-14,63,คอร์ส ภาษา ญี่ปุ่น มหิดล,52
2026-08-14,64,ภาษาญี่ปุ่นเบื้องต้น บทที่ 1,52
2026-08-14,65,สอบ jlpt ยัง ไง,52
2026-08-14,66,คําศัพท์ภาษาญี่ปุ่น n2,51
2026-08-14,67,ภาษา ญี่ปุ่น เบื้องต้น หนังสือ,50
2026-08-14,68,สอบ jlpt ไม่ ผ่าน,50
2026-08-14,69,เรียนภาษาญี่ปุ่น เด็ก,49
2026-08-14,70,สอบ jlpt ออนไลน์,48
2026-08-14,71,เรียน ภาษา ญี่ปุ่น by click japanese,47
2026-08-14,72,ข้อสอบ ภาษา ญี่ปุ่น พร้อม เฉลย,47
2026-08-14,73,คอร์ส เรียน ภาษา ญี่ปุ่น ราคา,45
2026-08-14,74,สอบ jlpt n1,45
2026-08-14,75,คอร์ส เรียน ภาษา ญี่ปุ่น pantip,44
2026-08-14,76,สอบ jlpt ที่ไหน,44
2026-08-14,77,ข้อสอบ ภาษา ญี่ปุ่น a level,44
2026-08-14,78,เรียน ภาษา ญี่ปุ่น future skill,43
2026-08-14,79,ไวยากรณ์ ภาษา ญี่ปุ่น เบื้องต้น ฉบับ สมบูรณ์ pdf,43
2026-08-14,80,ภาษา ญี่ปุ่น เบื้องต้น ประโยค,43
2026-08-14,81,สอบ jlpt ครั้ง ที่ 1,43
2026-08-14,82,เรียน ภาษา ญี่ปุ่น ด้วย ตัว เอง n1,42
2026-08-14,83,คอร์ส ภาษา ญี่ปุ่น ออนไลน์ ฟรี,41
2026-08-14,84,สอนภาษาญี่ปุ่น n4,40
2026-08-14,85,สนทนา ภาษา ญี่ปุ่น ใน ชีวิต ประ จํา วัน,40
2026-08-14,86,ภาษา ญี่ปุ่น เบื้องต้น สวัสดี,40
2026-08-14,87,เรียนภาษาญี่ปุ่น ออนไลน์,39
2026-08-14,88,คอร์ส เรียน ภาษา ญี่ปุ่น a level,39
2026-08-14,89,เรียน ภาษา ญี่ปุ่น by click japanese รีวิว,39
2026-08-14,90,เรียน ภาษา ญี่ปุ่น by eri,39
2026-08-14,91,เรียน ภาษา ญี่ปุ่น i love japan,39
2026-08-14,92,สอนภาษาญี่ปุ่น สนทนา,39
2026-08-14,93,สอบ jlpt ระดับ,39
2026-08-14,94,ข้อสอบ ภาษา ญี่ปุ่น แปล ว่า,39
2026-08-14,95,โรงเรียน สอน ภาษา ญี่ปุ่น ichiban japanese language center,38
2026-08-14,96,ข้อสอบ ภาษา ญี่ปุ่น เขียน ยัง ไง,38
2026-08-14,97,ไวยากรณ์ ภาษา ญี่ปุ่น ชั้น ต้น,37
2026-08-14,98,สอบ jlpt ครั้ง แรก,37
2026-08-14,99,สอบ jlpt n2,37
2026-08-14,100,เรียน ภาษา ญี่ปุ่น a level,36
2026-08-15,1,คําศัพท์ภาษาญี่ปุ่น nc,290
2026-08-15,2,ข้อสอบภาษาญี่ปุ่น n4,290
2026-08-15,3,สนทนาภาษาญี่ปุ่นพื้นฐาน,287
2026-08-15,4,สนทนาภาษาญี่ปุ่น เบื้องต้น,269
2026-08-15,5,ไวยากรณ์ภาษาญี่ปุ่น n1,251
2026-08-15,6,ข้อสอบภาษาญี่ปุ่น n5,245
2026-08-15,7,ข้อสอบ ภาษา ญี่ปุ่น คือ,235
2026-08-15,8,ข้อสอบ ภาษา ญี่ปุ่น pdf,200
2026-08-15,9,ไวยากรณ์ ภาษา ญี่ปุ่น pantip,197
2026-08-15,10,คําศัพท์ภาษาญี่ปุ่น n5,190
2026-08-15,11,คําศัพท์ภาษาญี่ปุ่นง่ายๆ,188
2026-08-15,12,เรียน ภาษา ญี่ปุ่น ด้วย ตัว เอง รีวิว,188
2026-08-15,13,ภาษา ญี่ปุ่น เบื้องต้น สนทนา,185
2026-08-15,14,คําศัพท์ภาษาญี่ปุ่นเบื้องต้น,168
2026-08-15,15,สนทนาภาษาญี่ปุ่น n4,167
2026-08-15,16,ภาษาญี่ปุ่น เบื้องต้น,165
2026-08-15,17,คอร์ส ภาษา ญี่ปุ่น ราคา,163
2026-08-15,18,ไวยากรณ์ภาษาญี่ปุ่น n4,159
2026-08-15,19,ภาษา ญี่ปุ่น เบื้องต้น pdf,156
2026-08-15,20,คอร์ส ภาษา ญี่ปุ่น พื้นฐาน,154
2026-08-15,21,คําศัพท์ภาษาญี่ปุ่น n1,152
2026-08-15,22,ไวยากรณ์ ภาษา ญี่ปุ่น คือ,138
2026-08-15,23,ไวยากรณ์ ภาษา ญี่ปุ่น พื้นฐาน,134
2026-08-15,24,คอร์ส ภาษา ญี่ปุ่น ออนไลน์,130
2026-08-15,25,คอร์ส ภาษา ญี่ปุ่น ฟรี,129
2026-08-15,26,ไวยากรณ์ ภาษา ญี่ปุ่น ทั้งหมด,124
2026-08-15,27,ไวยากรณ์ ภาษา ญี่ปุ่น เรียก ว่า,121
2026-08-15,28,คําศัพท์ภาษาญี่ปุ่นพื้นฐาน,117
2026-08-15,29,สนทนา ภาษา ญี่ปุ่น,115
2026-08-15,30,ข้อสอบ ภาษา ญี่ปุ่น พื้นฐาน,108
2026-08-15,31,เรียนภาษาญี่ปุ่นด้วยตัวเอง,106
2026-08-15,32,ไวยากรณ์ ภาษา ญี่ปุ่น pdf,103
2026-08-15,33,ภาษาญี่ปุ่นเบื้องต้น พยัญชนะ,97
2026-08-15,34,ภาษา ญี่ปุ่น เบื้องต้น n5,95
2026-08-15,35,สอนภาษาญี่ปุ่นง่ายๆ,91
2026-08-15,36,คอร์ส เรียน ภาษา ญี่ปุ่น พื้นฐาน,91
2026-08-15,37,ข้อสอบภาษาญี่ปุ่น,89
2026-08-15,38,สอนภาษาญี่ปุ่นฟรี,88
2026-08-15,39,สนทนาภาษาญี่ปุ่นเบื้องต้น,88
2026-08-15,40,คําศัพท์ภาษาญี่ปุ่น n4,81
2026-08-15,41,สนทนา ภาษา ญี่ปุ่น พื้นฐาน,81
2026-08-15,42,สอบ jlpt ผ่าน,79
2026-08-15,43,ไวยากรณ์ภาษาญี่ปุ่น n5,76
2026-08-15,44,ข้อสอบ ภาษา ญี่ปุ่น ง่ายๆ,76
2026-08-15,45,ไวยากรณ์ภาษาญี่ปุ่นเบื้องต้น,75
2026-08-15,46,คําศัพท์ภาษาญี่ปุ่น n3,75
2026-08-15,47,ข้อสอบ ภาษา ญี่ปุ่น เบื้องต้น,75
2026-08-15,48,สอนภาษาญี่ปุ่นพื้นฐาน,74
2026-08-15,49,คอร์ส ภาษา ญี่ปุ่น เบื้องต้น,74
2026-08-15,50,ภาษา ญี่ปุ่น เบื้องต้น ฟรี,74
2026-08-15,51,เรียน ภาษา ญี่ปุ่น ด้วย ตัว เอง pantip,70
2026-08-15,52,คอร์ส เรียน ภาษา ญี่ปุ่น พูด,70
2026-08-15,53,คอร์ส เรียน ภาษา ญี่ปุ่น รีวิว,69
2026-08-15,54,เรียน ภาษา ญี่ปุ่น ด้วย ตัว เอง ฟรี,68
2026-08-15,55,สอบ jlpt pantip,68
2026-08-15,56,คอร์ส ออนไลน์ สนทนา ภาษา ญี่ปุ่น พูด ได้ ใช้ คล่อง,66
2026-08-15,57,ไวยากรณ์ ภาษา ญี่ปุ่น เบื้องต้น,64
2026-08-15,58,ไวยากรณ์ภาษาญี่ปุ่น n2,58
2026-08-15,59,คอร์ส ภาษา ญี่ปุ่น ธุรกิจ,58
2026-08-15,60,ไวยากรณ์ภาษาญี่ปุ่น n3,56
2026-08-15,61,สอบ jlpt n5,55
2026-08-15,62,สอบ jlpt ยาก ไหม,55
2026-08-15,63,คอร์ส ภาษา ญี่ปุ่น มหิดล,52
2026-08-15,64,ภาษาญี่ปุ่นเบื้องต้น บทที่ 1,52
2026-08-15,65,สอบ jlpt ยัง ไง,52
2026-08-15,66,คําศัพท์ภาษาญี่ปุ่น n2,51
2026-08-15,67,ภาษา ญี่ปุ่น เบื้องต้น หนังสือ,50
2026-08-15,68,สอบ jlpt ไม่ ผ่าน,50
2026-08-15,69,เรียนภาษาญี่ปุ่น เด็ก,49
2026-08-15,70,สอบ jlpt ออนไลน์,48
2026-08-15,71,เรียน ภาษา ญี่ปุ่น by click japanese,47
2026-08-15,72,ข้อสอบ ภาษา ญี่ปุ่น พร้อม เฉลย,46
2026-08-15,73,คอร์ส เรียน ภาษา ญี่ปุ่น ราคา,45
2026-08-15,74,สอบ jlpt n1,45
2026-08-15,75,คอร์ส เรียน ภาษา ญี่ปุ่น pantip,44
2026-08-15,76,สอบ jlpt ที่ไหน,44
2026-08-15,77,ข้อสอบ ภาษา ญี่ปุ่น a level,44
2026-08-15,78,เรียน ภาษา ญี่ปุ่น future skill,43
2026-08-15,79,ไวยากรณ์ ภาษา ญี่ปุ่น เบื้องต้น ฉบับ สมบูรณ์ pdf,43
2026-08-15,80,ภาษา ญี่ปุ่น เบื้องต้น ประโยค,43
2026-08-15,81,สอบ jlpt ครั้ง ที่ 1,43
2026-08-15,82,สอนภาษาญี่ปุ่น n4,42
2026-08-15,83,เรียน ภาษา ญี่ปุ่น ด้วย ตัว เอง n1,42
2026-08-15,84,คอร์ส ภาษา ญี่ปุ่น ออนไลน์ ฟรี,41
2026-08-15,85,สนทนา ภาษา ญี่ปุ่น ใน ชีวิต ประ จํา วัน,40
2026-08-15,86,ภาษา ญี่ปุ่น เบื้องต้น สวัสดี,40
2026-08-15,87,เรียนภาษาญี่ปุ่น ออนไลน์,39
2026-08-15,88,คอร์ส เรียน ภาษา ญี่ปุ่น a level,39
2026-08-15,89,เรียน ภาษา ญี่ปุ่น by click japanese รีวิว,39
2026-08-15,90,เรียน ภาษา ญี่ปุ่น by eri,39
2026-08-15,91,เรียน ภาษา ญี่ปุ่น i love japan,39
2026-08-15,92,สอนภาษาญี่ปุ่น สนทนา,39
2026-08-15,93,สอบ jlpt ระดับ,39
2026-08-15,94,ข้อสอบ ภาษา ญี่ปุ่น แปล ว่า,39
2026-08-15,95,โรงเรียน สอน ภาษา ญี่ปุ่น ichiban japanese language center,38
2026-08-15,96,ข้อสอบ ภาษา ญี่ปุ่น เขียน ยัง ไง,38
2026-08-15,97,ไวยากรณ์ ภาษา ญี่ปุ่น ชั้น ต้น,37
2026-08-15,98,สอบ jlpt ครั้ง แรก,37
2026-08-15,99,สอบ jlpt n2,37
2026-08-15,100,เรียน ภาษา ญี่ปุ่น a level,36
2026-08-16,1,คําศัพท์ภาษาญี่ปุ่น nc,290
2026-08-16,2,ข้อสอบภาษาญี่ปุ่น n4,290
2026-08-16,3,สนทนาภาษาญี่ปุ่นพื้นฐาน,287
2026-08-16,4,สนทนาภาษาญี่ปุ่น เบื้องต้น,269
2026-08-16,5,ไวยากรณ์ภาษาญี่ปุ่น n1,251
2026-08-16,6,ข้อสอบภาษาญี่ปุ่น n5,245
2026-08-16,7,ข้อสอบ ภาษา ญี่ปุ่น คือ,235
2026-08-16,8,ข้อสอบ ภาษา ญี่ปุ่น pdf,200
2026-08-16,9,ไวยากรณ์ ภาษา ญี่ปุ่น pantip,197
2026-08-16,10,คําศัพท์ภาษาญี่ปุ่น n5,190
2026-08-16,11,คําศัพท์ภาษาญี่ปุ่นง่ายๆ,188
2026-08-16,12,เรียน ภาษา ญี่ปุ่น ด้วย ตัว เอง รีวิว,188
2026-08-16,13,ภาษา ญี่ปุ่น เบื้องต้น สนทนา,185
2026-08-16,14,คําศัพท์ภาษาญี่ปุ่นเบื้องต้น,168
2026-08-16,15,สนทนาภาษาญี่ปุ่น n4,167
2026-08-16,16,ภาษาญี่ปุ่น เบื้องต้น,165
2026-08-16,17,คอร์ส ภาษา ญี่ปุ่น ราคา,163
2026-08-16,18,ไวยากรณ์ภาษาญี่ปุ่น n4,159
2026-08-16,19,ภาษา ญี่ปุ่น เบื้องต้น pdf,156
2026-08-16,20,คอร์ส ภาษา ญี่ปุ่น พื้นฐาน,154
2026-08-16,21,คําศัพท์ภาษาญี่ปุ่น n1,152
2026-08-16,22,ไวยากรณ์ ภาษา ญี่ปุ่น คือ,138
2026-08-16,23,ไวยากรณ์ ภาษา ญี่ปุ่น พื้นฐาน,134
2026-08-16,24,คอร์ส ภาษา ญี่ปุ่น ออนไลน์,130
2026-08-16,25,คอร์ส ภาษา ญี่ปุ่น ฟรี,129
2026-08-16,26,ไวยากรณ์ ภาษา ญี่ปุ่น ทั้งหมด,124
2026-08-16,27,ไวยากรณ์ ภาษา ญี่ปุ่น เรียก ว่า,121
2026-08-16,28,คําศัพท์ภาษาญี่ปุ่นพื้นฐาน,117
2026-08-16,29,สนทนา ภาษา ญี่ปุ่น,115
2026-08-16,30,ข้อสอบ ภาษา ญี่ปุ่น พื้นฐาน,108
2026-08-16,31,เรียนภาษาญี่ปุ่นด้วยตัวเอง,106
2026-08-16,32,ไวยากรณ์ ภาษา ญี่ปุ่น pdf,103
2026-08-16,33,ภาษาญี่ปุ่นเบื้องต้น พยัญชนะ,97
2026-08-16,34,ภาษา ญี่ปุ่น เบื้องต้น n5,95
2026-08-16,35,คอร์ส เรียน ภาษา ญี่ปุ่น พื้นฐาน,91
2026-08-16,36,สอนภาษาญี่ปุ่นง่ายๆ,89
2026-08-16,37,ข้อสอบภาษาญี่ปุ่น,89
2026-08-16,38,สอนภาษาญี่ปุ่นฟรี,88
2026-08-16,39,สนทนาภาษาญี่ปุ่นเบื้องต้น,88
2026-08-16,40,คําศัพท์ภาษาญี่ปุ่น n4,81
2026-08-16,41,สนทนา ภาษา ญี่ปุ่น พื้นฐาน,81
2026-08-16,42,สอบ jlpt ผ่าน,79
2026-08-16,43,ไวยากรณ์ภาษาญี่ปุ่น n5,76
2026-08-16,44,ข้อสอบ ภาษา ญี่ปุ่น ง่ายๆ,76
2026-08-16,45,ไวยากรณ์ภาษาญี่ปุ่นเบื้องต้น,75
2026-08-16,46,คําศัพท์ภาษาญี่ปุ่น n3,75
2026-08-16,47,ข้อสอบ ภาษา ญี่ปุ่น เบื้องต้น,75
2026-08-16,48,สอนภาษาญี่ปุ่นพื้นฐาน,74
2026-08-16,49,คอร์ส ภาษา ญี่ปุ่น เบื้องต้น,74
2026-08-16,50,ภาษา ญี่ปุ่น เบื้องต้น ฟรี,74
2026-08-16,51,เรียน ภาษา ญี่ปุ่น ด้วย ตัว เอง pantip,70
2026-08-16,52,คอร์ส เรียน ภาษา ญี่ปุ่น พูด,70
2026-08-16,53,คอร์ส เรียน ภาษา ญี่ปุ่น รีวิว,69
2026-08-16,54,เรียน ภาษา ญี่ปุ่น ด้วย ตัว เอง ฟรี,68
2026-08-16,55,สอบ jlpt pantip,68
2026-08-16,56,คอร์ส ออนไลน์ สนทนา ภาษา ญี่ปุ่น พูด ได้ ใช้ คล่อง,66
2026-08-16,57,ไวยากรณ์ ภาษา ญี่ปุ่น เบื้องต้น,64
2026-08-16,58,ไวยากรณ์ภาษาญี่ปุ่น n2,58
2026-08-16,59,คอร์ส ภาษา ญี่ปุ่น ธุรกิจ,58
2026-08-16,60,ไวยากรณ์ภาษาญี่ปุ่น n3,56
2026-08-16,61,สอบ jlpt n5,55
2026-08-16,62,สอบ jlpt ยาก ไหม,55
2026-08-16,63,คอร์ส ภาษา ญี่ปุ่น มหิดล,52
2026-08-16,64,ภาษาญี่ปุ่นเบื้องต้น บทที่ 1,52
2026-08-16,65,สอบ jlpt ยัง ไง,52
2026-08-16,66,คําศัพท์ภาษาญี่ปุ่น n2,51
2026-08-16,67,ภาษา ญี่ปุ่น เบื้องต้น หนังสือ,50
2026-08-16,68,สอบ jlpt ไม่ ผ่าน,50
2026-08-16,69,เรียนภาษาญี่ปุ่น เด็ก,49
2026-08-16,70,สอบ jlpt ออนไลน์,48
2026-08-16,71,เรียน ภาษา ญี่ปุ่น by click japanese,47
2026-08-16,72,สอบ jlpt n1,47
2026-08-16,73,ข้อสอบ ภาษา ญี่ปุ่น พร้อม เฉลย,46
2026-08-16,74,คอร์ส เรียน ภาษา ญี่ปุ่น ราคา,45
2026-08-16,75,คอร์ส เรียน ภาษา ญี่ปุ่น pantip,44
2026-08-16,76,สอบ jlpt ที่ไหน,44
2026-08-16,77,สอบ jlpt ครั้ง ที่ 1,44
2026-08-16,78,ข้อสอบ ภาษา ญี่ปุ่น a level,44
2026-08-16,79,เรียน ภาษา ญี่ปุ่น future skill,43
2026-08-16,80,ไวยากรณ์ ภาษา ญี่ปุ่น เบื้องต้น ฉบับ สมบูรณ์ pdf,43
2026-08-16,81,ภาษา ญี่ปุ่น เบื้องต้น ประโยค,43
2026-08-16,82,เรียน ภาษา ญี่ปุ่น ด้วย ตัว เอง n1,42
2026-08-16,83,สอนภาษาญี่ปุ่น n4,41
2026-08-16,84,คอร์ส ภาษา ญี่ปุ่น ออนไลน์ ฟรี,41
2026-08-16,85,คอร์ส เรียน ภาษา ญี่ปุ่น a level,40
2026-08-16,86,สนทนา ภาษา ญี่ปุ่น ใน ชีวิต ประ จํา วัน,40
2026-08-16,87,ภาษา ญี่ปุ่น เบื้องต้น สวัสดี,40
2026-08-16,88,เรียน ภาษา ญี่ปุ่น by click japanese รีวิว,39
2026-08-16,89,เรียน ภาษา ญี่ปุ่น by eri,39
2026-08-16,90,เรียน ภาษา ญี่ปุ่น i love japan,39
2026-08-16,91,สอนภาษาญี่ปุ่น สนทนา,39
2026-08-16,92,สอบ jlpt n2,39
2026-08-16,93,สอบ jlpt ระดับ,39
2026-08-16,94,ข้อสอบ ภาษา ญี่ปุ่น แปล ว่า,39
2026-08-16,95,เรียนภาษาญี่ปุ่น ออนไลน์,38
2026-08-16,96,โรงเรียน สอน ภาษา ญี่ปุ่น ichiban japanese language center,38
2026-08-16,97,ข้อสอบ ภาษา ญี่ปุ่น เขียน ยัง ไง,38
2026-08-16,98,ไวยากรณ์ ภาษา ญี่ปุ่น ชั้น ต้น,37
2026-08-16,99,สอบ jlpt ครั้ง แรก,37
2026-08-16,100,เรียน ภาษา ญี่ปุ่น a level,36
2026-08-17,1,คําศัพท์ภาษาญี่ปุ่น nc,290
2026-08-17,2,ข้อสอบภาษาญี่ปุ่น n4,290
2026-08-17,3,สนทนาภาษาญี่ปุ่นพื้นฐาน,287
2026-08-17,4,สนทนาภาษาญี่ปุ่น เบื้องต้น,270
2026-08-17,5,ไวยากรณ์ภาษาญี่ปุ่น n1,251
2026-08-17,6,ข้อสอบภาษาญี่ปุ่น n5,245
2026-08-17,7,ข้อสอบ ภาษา ญี่ปุ่น คือ,235
2026-08-17,8,ข้อสอบ ภาษา ญี่ปุ่น pdf,200
2026-08-17,9,ไวยากรณ์ ภาษา ญี่ปุ่น pantip,197
2026-08-17,10,คําศัพท์ภาษาญี่ปุ่น n5,190
2026-08-17,11,คําศัพท์ภาษาญี่ปุ่นง่ายๆ,188
2026-08-17,12,เรียน ภาษา ญี่ปุ่น ด้วย ตัว เอง รีวิว,188
2026-08-17,13,ภาษา ญี่ปุ่น เบื้องต้น สนทนา,185
2026-08-17,14,คําศัพท์ภาษาญี่ปุ่นเบื้องต้น,168
2026-08-17,15,สนทนาภาษาญี่ปุ่น n4,167
2026-08-17,16,ภาษาญี่ปุ่น เบื้องต้น,165
2026-08-17,17,คอร์ส ภาษา ญี่ปุ่น ราคา,161
2026-08-17,18,ไวยากรณ์ภาษาญี่ปุ่น n4,159
2026-08-17,19,ภาษา ญี่ปุ่น เบื้องต้น pdf,156
2026-08-17,20,คําศัพท์ภาษาญี่ปุ่น n1,152
2026-08-17,21,คอร์ส ภาษา ญี่ปุ่น พื้นฐาน,152
2026-08-17,22,ไวยากรณ์ ภาษา ญี่ปุ่น คือ,138
2026-08-17,23,ไวยากรณ์ ภาษา ญี่ปุ่น พื้นฐาน,134
2026-08-17,24,คอร์ส ภาษา ญี่ปุ่น ออนไลน์,130
2026-08-17,25,คอร์ส ภาษา ญี่ปุ่น ฟรี,129
2026-08-17,26,ไวยากรณ์ ภาษา ญี่ปุ่น ทั้งหมด,124
2026-08-17,27,ไวยากรณ์ ภาษา ญี่ปุ่น เรียก ว่า,121
2026-08-17,28,คําศัพท์ภาษาญี่ปุ่นพื้นฐาน,117
2026-08-17,29,สนทนา ภาษา ญี่ปุ่น,116
2026-08-17,30,ข้อสอบ ภาษา ญี่ปุ่น พื้นฐาน,108
2026-08-17,31,เรียนภาษาญี่ปุ่นด้วยตัวเอง,106
2026-08-17,32,ไวยากรณ์ ภาษา ญี่ปุ่น pdf,103
2026-08-17,33,ภาษาญี่ปุ่นเบื้องต้น พยัญชนะ,97
2026-08-17,34,ภาษา ญี่ปุ่น เบื้องต้น n5,95
2026-08-17,35,คอร์ส เรียน ภาษา ญี่ปุ่น พื้นฐาน,91
2026-08-17,36,สอนภาษาญี่ปุ่นง่ายๆ,89
2026-08-17,37,ข้อสอบภาษาญี่ปุ่น,89
2026-08-17,38,สอนภาษาญี่ปุ่นฟรี,88
2026-08-17,39,สนทนาภาษาญี่ปุ่นเบื้องต้น,88
2026-08-17,40,สนทนา ภาษา ญี่ปุ่น พื้นฐาน,82
2026-08-17,41,คําศัพท์ภาษาญี่ปุ่น n4,81
2026-08-17,42,สอบ jlpt ผ่าน,79
2026-08-17,43,ไวยากรณ์ภาษาญี่ปุ่น n5,76
2026-08-17,44,ข้อสอบ ภาษา ญี่ปุ่น ง่ายๆ,76
2026-08-17,45,ไวยากรณ์ภาษาญี่ปุ่นเบื้องต้น,75
2026-08-17,46,คําศัพท์ภาษาญี่ปุ่น n3,75
2026-08-17,47,ข้อสอบ ภาษา ญี่ปุ่น เบื้องต้น,75
2026-08-17,48,สอนภาษาญี่ปุ่นพื้นฐาน,74
2026-08-17,49,คอร์ส ภาษา ญี่ปุ่น เบื้องต้น,74
2026-08-17,50,ภาษา ญี่ปุ่น เบื้องต้น ฟรี,74
2026-08-17,51,เรียน ภาษา ญี่ปุ่น ด้วย ตัว เอง pantip,70
2026-08-17,52,คอร์ส เรียน ภาษา ญี่ปุ่น พูด,70
2026-08-17,53,คอร์ส เรียน ภาษา ญี่ปุ่น รีวิว,69
2026-08-17,54,เรียน ภาษา ญี่ปุ่น ด้วย ตัว เอง ฟรี,68
2026-08-17,55,สอบ jlpt pantip,68
2026-08-17,56,คอร์ส ออนไลน์ สนทนา ภาษา ญี่ปุ่น พูด ได้ ใช้ คล่อง,66
2026-08-17,57,ไวยากรณ์ ภาษา ญี่ปุ่น เบื้องต้น,64
2026-08-17,58,ไวยากรณ์ภาษาญี่ปุ่น n2,58
2026-08-17,59,ไวยากรณ์ภาษาญี่ปุ่น n3,56
2026-08-17,60,คอร์ส ภาษา ญี่ปุ่น ธุรกิจ,56
2026-08-17,61,สอบ jlpt ยาก ไหม,56
2026-08-17,62,สอบ jlpt n5,55
2026-08-17,63,สอบ jlpt ยัง ไง,53
2026-08-17,64,คอร์ส ภาษา ญี่ปุ่น มหิดล,52
2026-08-17,65,ภาษาญี่ปุ่นเบื้องต้น บทที่ 1,52
2026-08-17,66,สอบ jlpt ไม่ ผ่าน,52
2026-08-17,67,คําศัพท์ภาษาญี่ปุ่น n2,51
2026-08-17,68,ภาษา ญี่ปุ่น เบื้องต้น หนังสือ,50
2026-08-17,69,เรียนภาษาญี่ปุ่น เด็ก,49
2026-08-17,70,สอบ jlpt ออนไลน์,48
2026-08-17,71,เรียน ภาษา ญี่ปุ่น by click japanese,47
2026-08-17,72,ข้อสอบ ภาษา ญี่ปุ่น พร้อม เฉลย,46
2026-08-17,73,คอร์ส เรียน ภาษา ญี่ปุ่น ราคา,45
2026-08-17,74,สอบ jlpt n1,45
2026-08-17,75,คอร์ส เรียน ภาษา ญี่ปุ่น pantip,44
2026-08-17,76,สอบ jlpt ที่ไหน,44
2026-08-17,77,ข้อสอบ ภาษา ญี่ปุ่น a level,44
2026-08-17,78,เรียน ภาษา ญี่ปุ่น future skill,43
2026-08-17,79,ไวยากรณ์ ภาษา ญี่ปุ่น เบื้องต้น ฉบับ สมบูรณ์ pdf,43
2026-08-17,80,ภาษา ญี่ปุ่น เบื้องต้น ประโยค,43
2026-08-17,81,สอบ jlpt ครั้ง ที่ 1,43
2026-08-17,82,เรียน ภาษา ญี่ปุ่น ด้วย ตัว เอง n1,42
2026-08-17,83,คอร์ส ภาษา ญี่ปุ่น ออนไลน์ ฟรี,41
2026-08-17,84,สอนภาษาญี่ปุ่น n4,40
2026-08-17,85,สนทนา ภาษา ญี่ปุ่น ใน ชีวิต ประ จํา วัน,40
2026-08-17,86,ภาษา ญี่ปุ่น เบื้องต้น สวัสดี,40
2026-08-17,87,เรียนภาษาญี่ปุ่น ออนไลน์,39
2026-08-17,88,คอร์ส เรียน ภาษา ญี่ปุ่น a level,39
2026-08-17,89,เรียน ภาษา ญี่ปุ่น by click japanese รีวิว,39
2026-08-17,90,เรียน ภาษา ญี่ปุ่น by eri,39
2026-08-17,91,เรียน ภาษา ญี่ปุ่น i love japan,39
2026-08-17,92,สอนภาษาญี่ปุ่น สนทนา,39
2026-08-17,93,สอบ jlpt ระดับ,39
2026-08-17,94,ข้อสอบ ภาษา ญี่ปุ่น แปล ว่า,39
2026-08-17,95,โรงเรียน สอน ภาษา ญี่ปุ่น ichiban japanese language center,38
2026-08-17,96,ข้อสอบ ภาษา ญี่ปุ่น เขียน ยัง ไง,38
2026-08-17,97,ไวยากรณ์ ภาษา ญี่ปุ่น ชั้น ต้น,37
2026-08-17,98,สอบ jlpt ครั้ง แรก,37
2026-08-17,99,สอบ jlpt n2,37
2026-08-17,100,เรียน ภาษา ญี่ปุ่น a level,36
2026-08-18,1,คําศัพท์ภาษาญี่ปุ่น nc,290
2026-08-18,2,ข้อสอบภาษาญี่ปุ่น n4,290
2026-08-18,3,สนทนาภาษาญี่ปุ่นพื้นฐาน,287
2026-08-18,4,สนทนาภาษาญี่ปุ่น เบื้องต้น,269
2026-08-18,5,ไวยากรณ์ภาษาญี่ปุ่น n1,251
2026-08-18,6,ข้อสอบภาษาญี่ปุ่น n5,245
2026-08-18,7,ข้อสอบ ภาษา ญี่ปุ่น คือ,235
2026-08-18,8,ข้อสอบ ภาษา ญี่ปุ่น pdf,200
2026-08-18,9,ไวยากรณ์ ภาษา ญี่ปุ่น pantip,197
2026-08-18,10,คําศัพท์ภาษาญี่ปุ่น n5,190
2026-08-18,11,คําศัพท์ภาษาญี่ปุ่นง่ายๆ,188
2026-08-18,12,เรียน ภาษา ญี่ปุ่น ด้วย ตัว เอง รีวิว,188
2026-08-18,13,ภาษา ญี่ปุ่น เบื้องต้น สนทนา,185
2026-08-18,14,คําศัพท์ภาษาญี่ปุ่นเบื้องต้น,168
2026-08-18,15,สนทนาภาษาญี่ปุ่น n4,167
2026-08-18,16,ภาษาญี่ปุ่น เบื้องต้น,165
2026-08-18,17,คอร์ส ภาษา ญี่ปุ่น ราคา,163
2026-08-18,18,ไวยากรณ์ภาษาญี่ปุ่น n4,159
2026-08-18,19,ภาษา ญี่ปุ่น เบื้องต้น pdf,156
2026-08-18,20,คอร์ส ภาษา ญี่ปุ่น พื้นฐาน,154
2026-08-18,21,คําศัพท์ภาษาญี่ปุ่น n1,152
2026-08-18,22,ไวยากรณ์ ภาษา ญี่ปุ่น คือ,138
2026-08-18,23,ไวยากรณ์ ภาษา ญี่ปุ่น พื้นฐาน,134
2026-08-18,24,คอร์ส ภาษา ญี่ปุ่น ออนไลน์,130
2026-08-18,25,คอร์ส ภาษา ญี่ปุ่น ฟรี,129
2026-08-18,26,ไวยากรณ์ ภาษา ญี่ปุ่น ทั้งหมด,124
2026-08-18,27,ไวยากรณ์ ภาษา ญี่ปุ่น เรียก ว่า,121
2026-08-18,28,คําศัพท์ภาษาญี่ปุ่นพื้นฐาน,117
2026-08-18,29,สนทนา ภาษา ญี่ปุ่น,115
2026-08-18,30,ข้อสอบ ภาษา ญี่ปุ่น พื้นฐาน,108
2026-08-18,31,เรียนภาษาญี่ปุ่นด้วยตัวเอง,106
2026-08-18,32,ไวยากรณ์ ภาษา ญี่ปุ่น pdf,103
2026-08-18,33,ภาษาญี่ปุ่นเบื้องต้น พยัญชนะ,97
2026-08-18,34,ภาษา ญี่ปุ่น เบื้องต้น n5,95
2026-08-18,35,คอร์ส เรียน ภาษา ญี่ปุ่น พื้นฐาน,91
2026-08-18,36,สอนภาษาญี่ปุ่นง่ายๆ,89
2026-08-18,37,ข้อสอบภาษาญี่ปุ่น,89
2026-08-18,38,สอนภาษาญี่ปุ่นฟรี,88
2026-08-18,39,สนทนาภาษาญี่ปุ่นเบื้องต้น,88
2026-08-18,40,คําศัพท์ภาษาญี่ปุ่น n4,81
2026-08-18,41,สนทนา ภาษา ญี่ปุ่น พื้นฐาน,81
2026-08-18,42,สอบ jlpt ผ่าน,79
2026-08-18,43,ไวยากรณ์ภาษาญี่ปุ่น n5,76
2026-08-18,44,ข้อสอบ ภาษา ญี่ปุ่น ง่ายๆ,76
2026-08-18,45,ไวยากรณ์ภาษาญี่ปุ่นเบื้องต้น,75
2026-08-18,46,คําศัพท์ภาษาญี่ปุ่น n3,75
2026-08-18,47,สอนภาษาญี่ปุ่นพื้นฐาน,75
2026-08-18,48,ข้อสอบ ภาษา ญี่ปุ่น เบื้องต้น,75
2026-08-18,49,คอร์ส ภาษา ญี่ปุ่น เบื้องต้น,74
2026-08-18,50,ภาษา ญี่ปุ่น เบื้องต้น ฟรี,74
2026-08-18,51,เรียน ภาษา ญี่ปุ่น ด้วย ตัว เอง pantip,70
2026-08-18,52,คอร์ส เรียน ภาษา ญี่ปุ่น พูด,70
2026-08-18,53,คอร์ส เรียน ภาษา ญี่ปุ่น รีวิว,69
2026-08-18,54,เรียน ภาษา ญี่ปุ่น ด้วย ตัว เอง ฟรี,68
2026-08-18,55,สอบ jlpt pantip,68
2026-08-18,56,คอร์ส ออนไลน์ สนทนา ภาษา ญี่ปุ่น พูด ได้ ใช้ คล่อง,66
2026-08-18,57,ไวยากรณ์ ภาษา ญี่ปุ่น เบื้องต้น,64
2026-08-18,58,ไวยากรณ์ภาษาญี่ปุ่น n2,58
2026-08-18,59,คอร์ส ภาษา ญี่ปุ่น ธุรกิจ,58
2026-08-18,60,ไวยากรณ์ภาษาญี่ปุ่น n3,56
2026-08-18,61,สอบ jlpt n5,55
2026-08-18,62,สอบ jlpt ยาก ไหม,55
2026-08-18,63,คอร์ส ภาษา ญี่ปุ่น มหิดล,52
2026-08-18,64,ภาษาญี่ปุ่นเบื้องต้น บทที่ 1,52
2026-08-18,65,สอบ jlpt ยัง ไง,52
2026-08-18,66,คําศัพท์ภาษาญี่ปุ่น n2,51
2026-08-18,67,ภาษา ญี่ปุ่น เบื้องต้น หนังสือ,50
2026-08-18,68,สอบ jlpt ไม่ ผ่าน,50
2026-08-18,69,เรียนภาษาญี่ปุ่น เด็ก,49
2026-08-18,70,เรียน ภาษา ญี่ปุ่น by click japanese,48
2026-08-18,71,สอบ jlpt ออนไลน์,48
2026-08-18,72,ข้อสอบ ภาษา ญี่ปุ่น พร้อม เฉลย,46
2026-08-18,73,คอร์ส เรียน ภาษา ญี่ปุ่น ราคา,45
2026-08-18,74,สอบ jlpt n1,45
2026-08-18,75,คอร์ส เรียน ภาษา ญี่ปุ่น pantip,44
2026-08-18,76,สอบ jlpt ที่ไหน,44
2026-08-18,77,ข้อสอบ ภาษา ญี่ปุ่น a level,44
2026-08-18,78,เรียน ภาษา ญี่ปุ่น future skill,43
2026-08-18,79,ไวยากรณ์ ภาษา ญี่ปุ่น เบื้องต้น ฉบับ สมบูรณ์ pdf,43
2026-08-18,80,ภาษา ญี่ปุ่น เบื้องต้น ประโยค,43
2026-08-18,81,สอบ jlpt ครั้ง ที่ 1,43
2026-08-18,82,เรียน ภาษา ญี่ปุ่น ด้วย ตัว เอง n1,42
2026-08-18,83,คอร์ส ภาษา ญี่ปุ่น ออนไลน์ ฟรี,41
2026-08-18,84,เรียน ภาษา ญี่ปุ่น i love japan,40
2026-08-18,85,สอนภาษาญี่ปุ่น n4,40
2026-08-18,86,สนทนา ภาษา ญี่ปุ่น ใน ชีวิต ประ จํา วัน,40
2026-08-18,87,ภาษา ญี่ปุ่น เบื้องต้น สวัสดี,40
2026-08-18,88,เรียนภาษาญี่ปุ่น ออนไลน์,39
2026-08-18,89,คอร์ส เรียน ภาษา ญี่ปุ่น a level,39
2026-08-18,90,เรียน ภาษา ญี่ปุ่น by click japanese รีวิว,39
2026-08-18,91,เรียน ภาษา ญี่ปุ่น by eri,39
2026-08-18,92,สอนภาษาญี่ปุ่น สนทนา,39
2026-08-18,93,สอบ jlpt ระดับ,39
2026-08-18,94,ข้อสอบ ภาษา ญี่ปุ่น แปล ว่า,39
2026-08-18,95,โรงเรียน สอน ภาษา ญี่ปุ่น ichiban japanese language center,38
2026-08-18,96,ข้อสอบ ภาษา ญี่ปุ่น เขียน ยัง ไง,38
2026-08-18,97,ไวยากรณ์ ภาษา ญี่ปุ่น ชั้น ต้น,37
2026-08-18,98,สอบ jlpt ครั้ง แรก,37
2026-08-18,99,สอบ jlpt n2,37
2026-08-18,100,เรียน ภาษา ญี่ปุ่น a level,36
2026-08-19,1,คําศัพท์ภาษาญี่ปุ่น nc,290
2026-08-19,2,ข้อสอบภาษาญี่ปุ่น n4,289
2026-08-19,3,สนทนาภาษาญี่ปุ่นพื้นฐาน,288
2026-08-19,4,สนทนาภาษาญี่ปุ่น เบื้องต้น,270
2026-08-19,5,ไวยากรณ์ภาษาญี่ปุ่น n1,251
2026-08-19,6,ข้อสอบภาษาญี่ปุ่น n5,245
2026-08-19,7,ข้อสอบ ภาษา ญี่ปุ่น คือ,237
2026-08-19,8,ข้อสอบ ภาษา ญี่ปุ่น pdf,201
2026-08-19,9,ไวยากรณ์ ภาษา ญี่ปุ่น pantip,198
2026-08-19,10,คําศัพท์ภาษาญี่ปุ่น n5,190
2026-08-19,11,คําศัพท์ภาษาญี่ปุ่นง่ายๆ,189
2026-08-19,12,เรียน ภาษา ญี่ปุ่น ด้วย ตัว เอง รีวิว,189
2026-08-19,13,ภาษา ญี่ปุ่น เบื้องต้น สนทนา,186
2026-08-19,14,คําศัพท์ภาษาญี่ปุ่นเบื้องต้น,167
2026-08-19,15,สนทนาภาษาญี่ปุ่น n4,167
2026-08-19,16,ภาษาญี่ปุ่น เบื้องต้น,166
2026-08-19,17,คอร์ส ภาษา ญี่ปุ่น ราคา,162
2026-08-19,18,ไวยากรณ์ภาษาญี่ปุ่น n4,157
2026-08-19,19,ภาษา ญี่ปุ่น เบื้องต้น pdf,156
2026-08-19,20,คําศัพท์ภาษาญี่ปุ่น n1,152
2026-08-19,21,คอร์ส ภาษา ญี่ปุ่น พื้นฐาน,152
2026-08-19,22,คอร์ส ภาษา ญี่ปุ่น ออนไลน์,144
2026-08-19,23,ไวยากรณ์ ภาษา ญี่ปุ่น คือ,138
2026-08-19,24,ไวยากรณ์ ภาษา ญี่ปุ่น พื้นฐาน,135
2026-08-19,25,คอร์ส ภาษา ญี่ปุ่น ฟรี,128
2026-08-19,26,ไวยากรณ์ ภาษา ญี่ปุ่น ทั้งหมด,123
2026-08-19,27,ไวยากรณ์ ภาษา ญี่ปุ่น เรียก ว่า,121
2026-08-19,28,คําศัพท์ภาษาญี่ปุ่นพื้นฐาน,117
2026-08-19,29,สนทนา ภาษา ญี่ปุ่น,115
2026-08-19,30,ข้อสอบ ภาษา ญี่ปุ่น พื้นฐาน,109
2026-08-19,31,เรียนภาษาญี่ปุ่นด้วยตัวเอง,107
2026-08-19,32,ไวยากรณ์ ภาษา ญี่ปุ่น pdf,103
2026-08-19,33,ภาษาญี่ปุ่นเบื้องต้น พยัญชนะ,97
2026-08-19,34,ภาษา ญี่ปุ่น เบื้องต้น n5,95
2026-08-19,35,ข้อสอบภาษาญี่ปุ่น,92
2026-08-19,36,คอร์ส เรียน ภาษา ญี่ปุ่น พื้นฐาน,91
2026-08-19,37,สอนภาษาญี่ปุ่นง่ายๆ,90
2026-08-19,38,สอนภาษาญี่ปุ่นฟรี,88
2026-08-19,39,สนทนาภาษาญี่ปุ่นเบื้องต้น,88
2026-08-19,40,คําศัพท์ภาษาญี่ปุ่น n4,82
2026-08-19,41,สนทนา ภาษา ญี่ปุ่น พื้นฐาน,81
2026-08-19,42,สอบ jlpt ผ่าน,79
2026-08-19,43,ข้อสอบ ภาษา ญี่ปุ่น ง่ายๆ,78
2026-08-19,44,คอร์ส เรียน ภาษา ญี่ปุ่น พูด,77
2026-08-19,45,ไวยากรณ์ภาษาญี่ปุ่น n5,76
2026-08-19,46,สอนภาษาญี่ปุ่นพื้นฐาน,76
2026-08-19,47,ข้อสอบ ภาษา ญี่ปุ่น เบื้องต้น,76
2026-08-19,48,คําศัพท์ภาษาญี่ปุ่น n3,75
2026-08-19,49,ไวยากรณ์ภาษาญี่ปุ่นเบื้องต้น,74
2026-08-19,50,คอร์ส ภาษา ญี่ปุ่น เบื้องต้น,74
2026-08-19,51,ภาษา ญี่ปุ่น เบื้องต้น ฟรี,74
2026-08-19,52,เรียน ภาษา ญี่ปุ่น ด้วย ตัว เอง pantip,70
2026-08-19,53,สอบ jlpt pantip,69
2026-08-19,54,เรียน ภาษา ญี่ปุ่น ด้วย ตัว เอง ฟรี,68
2026-08-19,55,คอร์ส เรียน ภาษา ญี่ปุ่น รีวิว,67
2026-08-19,56,คอร์ส ออนไลน์ สนทนา ภาษา ญี่ปุ่น พูด ได้ ใช้ คล่อง,65
2026-08-19,57,ไวยากรณ์ ภาษา ญี่ปุ่น เบื้องต้น,63
2026-08-19,58,ไวยากรณ์ภาษาญี่ปุ่น n3,58
2026-08-19,59,ไวยากรณ์ภาษาญี่ปุ่น n2,58
2026-08-19,60,คอร์ส ภาษา ญี่ปุ่น ธุรกิจ,56
2026-08-19,61,สอบ jlpt n5,54
2026-08-19,62,สอบ jlpt ยาก ไหม,54
2026-08-19,63,สอบ jlpt ยัง ไง,53
2026-08-19,64,ภาษาญี่ปุ่นเบื้องต้น บทที่ 1,52
2026-08-19,65,คําศัพท์ภาษาญี่ปุ่น n2,51
2026-08-19,66,คอร์ส ภาษา ญี่ปุ่น มหิดล,51
2026-08-19,67,ภาษา ญี่ปุ่น เบื้องต้น หนังสือ,50
2026-08-19,68,สอบ jlpt ไม่ ผ่าน,50
2026-08-19,69,สอบ jlpt ออนไลน์,48
2026-08-19,70,เรียน ภาษา ญี่ปุ่น by click japanese,46
2026-08-19,71,คอร์ส เรียน ภาษา ญี่ปุ่น ราคา,46
2026-08-19,72,ข้อสอบ ภาษา ญี่ปุ่น a level,46
2026-08-19,73,สอบ jlpt ที่ไหน,45
2026-08-19,74,ข้อสอบ ภาษา ญี่ปุ่น พร้อม เฉลย,45
2026-08-19,75,เรียนภาษาญี่ปุ่น เด็ก,44
2026-08-19,76,ภาษา ญี่ปุ่น เบื้องต้น ประโยค,44
2026-08-19,77,สอบ jlpt n1,44
2026-08-19,78,เรียน ภาษา ญี่ปุ่น future skill,43
2026-08-19,79,คอร์ส เรียน ภาษา ญี่ปุ่น pantip,43
2026-08-19,80,สอบ jlpt ครั้ง ที่ 1,43
2026-08-19,81,ไวยากรณ์ ภาษา ญี่ปุ่น เบื้องต้น ฉบับ สมบูรณ์ pdf,42
2026-08-19,82,เรียน ภาษา ญี่ปุ่น ด้วย ตัว เอง n1,42
2026-08-19,83,เรียน ภาษา ญี่ปุ่น a level,40
2026-08-19,84,สอนภาษาญี่ปุ่น สนทนา,40
2026-08-19,85,สอนภาษาญี่ปุ่น n4,40
2026-08-19,86,สนทนา ภาษา ญี่ปุ่น ใน ชีวิต ประ จํา วัน,40
2026-08-19,87,คอร์ส ภาษา ญี่ปุ่น ออนไลน์ ฟรี,40
2026-08-19,88,ภาษา ญี่ปุ่น เบื้องต้น สวัสดี,40
2026-08-19,89,คอร์ส เรียน ภาษา ญี่ปุ่น a level,39
2026-08-19,90,สอบ jlpt ระดับ,39
2026-08-19,91,ข้อสอบ ภาษา ญี่ปุ่น แปล ว่า,39
2026-08-19,92,เรียนภาษาญี่ปุ่น ออนไลน์,38
2026-08-19,93,เรียน ภาษา ญี่ปุ่น by click japanese รีวิว,38
2026-08-19,94,เรียน ภาษา ญี่ปุ่น by eri,38
2026-08-19,95,เรียน ภาษา ญี่ปุ่น i love japan,38
2026-08-19,96,โรงเรียน สอน ภาษา ญี่ปุ่น ichiban japanese language center,38
2026-08-19,97,สอบ jlpt n2,38
2026-08-19,98,ไวยากรณ์ ภาษา ญี่ปุ่น ชั้น ต้น,37
2026-08-19,99,คอร์ส ภาษา ญี่ปุ่น n4,37
2026-08-19,100,สอบ jlpt ครั้ง แรก,37
2026-08-20,1,คําศัพท์ภาษาญี่ปุ่น nc,290
2026-08-20,2,ข้อสอบภาษาญี่ปุ่น n4,289
2026-08-20,3,สนทนาภาษาญี่ปุ่นพื้นฐาน,287
2026-08-20,4,สนทนาภาษาญี่ปุ่น เบื้องต้น,269
2026-08-20,5,ไวยากรณ์ภาษาญี่ปุ่น n1,251
2026-08-20,6,ข้อสอบภาษาญี่ปุ่น n5,245
2026-08-20,7,ข้อสอบ ภาษา ญี่ปุ่น คือ,237
2026-08-20,8,ข้อสอบ ภาษา ญี่ปุ่น pdf,202
2026-08-20,9,ไวยากรณ์ ภาษา ญี่ปุ่น pantip,198
2026-08-20,10,คําศัพท์ภาษาญี่ปุ่น n5,190
2026-08-20,11,เรียน ภาษา ญี่ปุ่น ด้วย ตัว เอง รีวิว,189
2026-08-20,12,คําศัพท์ภาษาญี่ปุ่นง่ายๆ,188
2026-08-20,13,ภาษา ญี่ปุ่น เบื้องต้น สนทนา,186
2026-08-20,14,คําศัพท์ภาษาญี่ปุ่นเบื้องต้น,168
2026-08-20,15,สนทนาภาษาญี่ปุ่น n4,167
2026-08-20,16,ภาษาญี่ปุ่น เบื้องต้น,166
2026-08-20,17,คอร์ส ภาษา ญี่ปุ่น ราคา,161
2026-08-20,18,ไวยากรณ์ภาษาญี่ปุ่น n4,157
2026-08-20,19,ภาษา ญี่ปุ่น เบื้องต้น pdf,153
2026-08-20,20,คําศัพท์ภาษาญี่ปุ่น n1,152
2026-08-20,21,คอร์ส ภาษา ญี่ปุ่น พื้นฐาน,151
2026-08-20,22,คอร์ส ภาษา ญี่ปุ่น ออนไลน์,144
2026-08-20,23,ไวยากรณ์ ภาษา ญี่ปุ่น คือ,138
2026-08-20,24,ไวยากรณ์ ภาษา ญี่ปุ่น พื้นฐาน,136
2026-08-20,25,คอร์ส ภาษา ญี่ปุ่น ฟรี,128
2026-08-20,26,ไวยากรณ์ ภาษา ญี่ปุ่น ทั้งหมด,123
2026-08-20,27,ไวยากรณ์ ภาษา ญี่ปุ่น เรียก ว่า,121
2026-08-20,28,ไวยากรณ์ ภาษา ญี่ปุ่น pdf,117
2026-08-20,29,คําศัพท์ภาษาญี่ปุ่นพื้นฐาน,117
2026-08-20,30,สนทนา ภาษา ญี่ปุ่น,115
2026-08-20,31,ข้อสอบ ภาษา ญี่ปุ่น พื้นฐาน,109
2026-08-20,32,เรียนภาษาญี่ปุ่นด้วยตัวเอง,107
2026-08-20,33,ภาษาญี่ปุ่นเบื้องต้น พยัญชนะ,97
2026-08-20,34,ภาษา ญี่ปุ่น เบื้องต้น n5,95
2026-08-20,35,ข้อสอบภาษาญี่ปุ่น,93
2026-08-20,36,คอร์ส เรียน ภาษา ญี่ปุ่น พื้นฐาน,91
2026-08-20,37,สอนภาษาญี่ปุ่นง่ายๆ,90
2026-08-20,38,สอนภาษาญี่ปุ่นฟรี,88
2026-08-20,39,สนทนาภาษาญี่ปุ่นเบื้องต้น,88
2026-08-20,40,คําศัพท์ภาษาญี่ปุ่น n4,81
2026-08-20,41,สนทนา ภาษา ญี่ปุ่น พื้นฐาน,81
2026-08-20,42,สอบ jlpt ผ่าน,79
2026-08-20,43,ข้อสอบ ภาษา ญี่ปุ่น ง่ายๆ,78
2026-08-20,44,คอร์ส เรียน ภาษา ญี่ปุ่น พูด,77
2026-08-20,45,ไวยากรณ์ภาษาญี่ปุ่น n5,76
2026-08-20,46,สอนภาษาญี่ปุ่นพื้นฐาน,76
2026-08-20,47,ข้อสอบ ภาษา ญี่ปุ่น เบื้องต้น,76
2026-08-20,48,คําศัพท์ภาษาญี่ปุ่น n3,75
2026-08-20,49,ไวยากรณ์ภาษาญี่ปุ่นเบื้องต้น,74
2026-08-20,50,คอร์ส ภาษา ญี่ปุ่น เบื้องต้น,74
2026-08-20,51,ภาษา ญี่ปุ่น เบื้องต้น ฟรี,74
2026-08-20,52,เรียน ภาษา ญี่ปุ่น ด้วย ตัว เอง pantip,70
2026-08-20,53,สอบ jlpt pantip,69
2026-08-20,54,เรียน ภาษา ญี่ปุ่น ด้วย ตัว เอง ฟรี,68
2026-08-20,55,คอร์ส เรียน ภาษา ญี่ปุ่น รีวิว,67
2026-08-20,56,คอร์ส ออนไลน์ สนทนา ภาษา ญี่ปุ่น พูด ได้ ใช้ คล่อง,64
2026-08-20,57,ไวยากรณ์ ภาษา ญี่ปุ่น เบื้องต้น,63
2026-08-20,58,ไวยากรณ์ภาษาญี่ปุ่น n3,58
2026-08-20,59,ไวยากรณ์ภาษาญี่ปุ่น n2,58
2026-08-20,60,คอร์ส ภาษา ญี่ปุ่น ธุรกิจ,55
2026-08-20,61,สอบ jlpt n5,54
2026-08-20,62,สอบ jlpt ยาก ไหม,54
2026-08-20,63,สอบ jlpt ยัง ไง,53
2026-08-20,64,ภาษาญี่ปุ่นเบื้องต้น บทที่ 1,52
2026-08-20,65,คําศัพท์ภาษาญี่ปุ่น n2,51
2026-08-20,66,คอร์ส ภาษา ญี่ปุ่น มหิดล,51
2026-08-20,67,ภาษา ญี่ปุ่น เบื้องต้น หนังสือ,50
2026-08-20,68,สอบ jlpt ไม่ ผ่าน,50
2026-08-20,69,สอบ jlpt ออนไลน์,48
2026-08-20,70,คอร์ส เรียน ภาษา ญี่ปุ่น ราคา,46
2026-08-20,71,ข้อสอบ ภาษา ญี่ปุ่น a level,46
2026-08-20,72,เรียน ภาษา ญี่ปุ่น by click japanese,45
2026-08-20,73,สอบ jlpt ที่ไหน,45
2026-08-20,74,ข้อสอบ ภาษา ญี่ปุ่น พร้อม เฉลย,45
2026-08-20,75,เรียนภาษาญี่ปุ่น เด็ก,44
2026-08-20,76,ภาษา ญี่ปุ่น เบื้องต้น ประโยค,44
2026-08-20,77,สอบ jlpt n1,44
2026-08-20,78,เรียน ภาษา ญี่ปุ่น future skill,43
2026-08-20,79,คอร์ส เรียน ภาษา ญี่ปุ่น pantip,43
2026-08-20,80,สอบ jlpt ครั้ง ที่ 1,43
2026-08-20,81,ไวยากรณ์ ภาษา ญี่ปุ่น เบื้องต้น ฉบับ สมบูรณ์ pdf,42
2026-08-20,82,เรียน ภาษา ญี่ปุ่น ด้วย ตัว เอง n1,42
2026-08-20,83,เรียน ภาษา ญี่ปุ่น a level,40
2026-08-20,84,สอนภาษาญี่ปุ่น สนทนา,40
2026-08-20,85,สอนภาษาญี่ปุ่น n4,40
2026-08-20,86,สนทนา ภาษา ญี่ปุ่น ใน ชีวิต ประ จํา วัน,40
2026-08-20,87,คอร์ส ภาษา ญี่ปุ่น ออนไลน์ ฟรี,40
2026-08-20,88,ภาษา ญี่ปุ่น เบื้องต้น สวัสดี,40
2026-08-20,89,คอร์ส เรียน ภาษา ญี่ปุ่น a level,39
2026-08-20,90,สอบ jlpt ระดับ,39
2026-08-20,91,ข้อสอบ ภาษา ญี่ปุ่น แปล ว่า,39
2026-08-20,92,เรียนภาษาญี่ปุ่น ออนไลน์,38
2026-08-20,93,เรียน ภาษา ญี่ปุ่น by click japanese รีวิว,38
2026-08-20,94,เรียน ภาษา ญี่ปุ่น by eri,38
2026-08-20,95,โรงเรียน สอน ภาษา ญี่ปุ่น ichiban japanese language center,38
2026-08-20,96,สอบ jlpt n2,38
2026-08-20,97,เรียน ภาษา ญี่ปุ่น i love japan,37
2026-08-20,98,ไวยากรณ์ ภาษา ญี่ปุ่น ชั้น ต้น,37
2026-08-20,99,คอร์ส ภาษา ญี่ปุ่น n4,37
2026-08-20,100,สอบ jlpt ครั้ง แรก,37
2026-08-21,1,คําศัพท์ภาษาญี่ปุ่น nc,290
2026-08-21,2,ข้อสอบภาษาญี่ปุ่น n4,289
2026-08-21,3,สนทนาภาษาญี่ปุ่นพื้นฐาน,287
2026-08-21,4,สนทนาภาษาญี่ปุ่น เบื้องต้น,269
2026-08-21,5,ไวยากรณ์ภาษาญี่ปุ่น n1,251
2026-08-21,6,ข้อสอบภาษาญี่ปุ่น n5,245
2026-08-21,7,ข้อสอบ ภาษา ญี่ปุ่น คือ,237
2026-08-21,8,ข้อสอบ ภาษา ญี่ปุ่น pdf,201
2026-08-21,9,ไวยากรณ์ ภาษา ญี่ปุ่น pantip,198
2026-08-21,10,คําศัพท์ภาษาญี่ปุ่น n5,190
2026-08-21,11,เรียน ภาษา ญี่ปุ่น ด้วย ตัว เอง รีวิว,189
2026-08-21,12,คําศัพท์ภาษาญี่ปุ่นง่ายๆ,188
2026-08-21,13,ภาษา ญี่ปุ่น เบื้องต้น สนทนา,186
2026-08-21,14,คําศัพท์ภาษาญี่ปุ่นเบื้องต้น,168
2026-08-21,15,สนทนาภาษาญี่ปุ่น n4,167
2026-08-21,16,ภาษาญี่ปุ่น เบื้องต้น,166
2026-08-21,17,คอร์ส ภาษา ญี่ปุ่น ราคา,162
2026-08-21,18,ไวยากรณ์ภาษาญี่ปุ่น n4,157
2026-08-21,19,ภาษา ญี่ปุ่น เบื้องต้น pdf,156
2026-08-21,20,คําศัพท์ภาษาญี่ปุ่น n1,152
2026-08-21,21,คอร์ส ภาษา ญี่ปุ่น พื้นฐาน,152
2026-08-21,22,คอร์ส ภาษา ญี่ปุ่น ออนไลน์,144
2026-08-21,23,ไวยากรณ์ ภาษา ญี่ปุ่น คือ,138
2026-08-21,24,ไวยากรณ์ ภาษา ญี่ปุ่น พื้นฐาน,136
2026-08-21,25,คอร์ส ภาษา ญี่ปุ่น ฟรี,128
2026-08-21,26,ไวยากรณ์ ภาษา ญี่ปุ่น ทั้งหมด,123
2026-08-21,27,ไวยากรณ์ ภาษา ญี่ปุ่น เรียก ว่า,121
2026-08-21,28,คําศัพท์ภาษาญี่ปุ่นพื้นฐาน,117
2026-08-21,29,ไวยากรณ์ ภาษา ญี่ปุ่น pdf,116
2026-08-21,30,สนทนา ภาษา ญี่ปุ่น,115
2026-08-21,31,ข้อสอบ ภาษา ญี่ปุ่น พื้นฐาน,109
2026-08-21,32,เรียนภาษาญี่ปุ่นด้วยตัวเอง,107
2026-08-21,33,ภาษาญี่ปุ่นเบื้องต้น พยัญชนะ,97
2026-08-21,34,ภาษา ญี่ปุ่น เบื้องต้น n5,95
2026-08-21,35,สอนภาษาญี่ปุ่นง่ายๆ,93
2026-08-21,36,ข้อสอบภาษาญี่ปุ่น,92
2026-08-21,37,คอร์ส เรียน ภาษา ญี่ปุ่น พื้นฐาน,91
2026-08-21,38,สอนภาษาญี่ปุ่นฟรี,88
2026-08-21,39,สนทนาภาษาญี่ปุ่นเบื้องต้น,88
2026-08-21,40,คําศัพท์ภาษาญี่ปุ่น n4,81
2026-08-21,41,สนทนา ภาษา ญี่ปุ่น พื้นฐาน,81
2026-08-21,42,สอบ jlpt ผ่าน,79
2026-08-21,43,ข้อสอบ ภาษา ญี่ปุ่น ง่ายๆ,78
2026-08-21,44,คอร์ส เรียน ภาษา ญี่ปุ่น พูด,77
2026-08-21,45,ไวยากรณ์ภาษาญี่ปุ่น n5,76
2026-08-21,46,สอนภาษาญี่ปุ่นพื้นฐาน,76
2026-08-21,47,ข้อสอบ ภาษา ญี่ปุ่น เบื้องต้น,76
2026-08-21,48,คําศัพท์ภาษาญี่ปุ่น n3,75
2026-08-21,49,ไวยากรณ์ภาษาญี่ปุ่นเบื้องต้น,74
2026-08-21,50,คอร์ส ภาษา ญี่ปุ่น เบื้องต้น,74
2026-08-21,51,ภาษา ญี่ปุ่น เบื้องต้น ฟรี,74
2026-08-21,52,เรียน ภาษา ญี่ปุ่น ด้วย ตัว เอง pantip,70
2026-08-21,53,เรียน ภาษา ญี่ปุ่น ด้วย ตัว เอง ฟรี,68
2026-08-21,54,สอบ jlpt pantip,68
2026-08-21,55,คอร์ส เรียน ภาษา ญี่ปุ่น รีวิว,67
2026-08-21,56,คอร์ส ออนไลน์ สนทนา ภาษา ญี่ปุ่น พูด ได้ ใช้ คล่อง,64
2026-08-21,57,ไวยากรณ์ ภาษา ญี่ปุ่น เบื้องต้น,63
2026-08-21,58,ไวยากรณ์ภาษาญี่ปุ่น n3,58
2026-08-21,59,ไวยากรณ์ภาษาญี่ปุ่น n2,58
2026-08-21,60,คอร์ส ภาษา ญี่ปุ่น ธุรกิจ,56
2026-08-21,61,สอบ jlpt n5,54
2026-08-21,62,สอบ jlpt ยาก ไหม,53
2026-08-21,63,สอบ jlpt ยัง ไง,53
2026-08-21,64,ภาษาญี่ปุ่นเบื้องต้น บทที่ 1,52
2026-08-21,65,คําศัพท์ภาษาญี่ปุ่น n2,51
2026-08-21,66,คอร์ส ภาษา ญี่ปุ่น มหิดล,51
2026-08-21,67,ภาษา ญี่ปุ่น เบื้องต้น หนังสือ,50
2026-08-21,68,สอบ jlpt ไม่ ผ่าน,50
2026-08-21,69,สอบ jlpt ออนไลน์,48
2026-08-21,70,คอร์ส เรียน ภาษา ญี่ปุ่น ราคา,46
2026-08-21,71,ข้อสอบ ภาษา ญี่ปุ่น a level,46
2026-08-21,72,เรียน ภาษา ญี่ปุ่น by click japanese,45
2026-08-21,73,สอบ jlpt ที่ไหน,45
2026-08-21,74,ข้อสอบ ภาษา ญี่ปุ่น พร้อม เฉลย,45
2026-08-21,75,เรียนภาษาญี่ปุ่น เด็ก,44
2026-08-21,76,ภาษา ญี่ปุ่น เบื้องต้น ประโยค,44
2026-08-21,77,สอบ jlpt n1,44
2026-08-21,78,เรียน ภาษา ญี่ปุ่น future skill,43
2026-08-21,79,คอร์ส เรียน ภาษา ญี่ปุ่น pantip,43
2026-08-21,80,สอนภาษาญี่ปุ่น n4,43
2026-08-21,81,สอบ jlpt ครั้ง ที่ 1,43
2026-08-21,82,ไวยากรณ์ ภาษา ญี่ปุ่น เบื้องต้น ฉบับ สมบูรณ์ pdf,42
2026-08-21,83,เรียน ภาษา ญี่ปุ่น ด้วย ตัว เอง n1,42
2026-08-21,84,เรียน ภาษา ญี่ปุ่น a level,40
2026-08-21,85,สอนภาษาญี่ปุ่น สนทนา,40
2026-08-21,86,สนทนา ภาษา ญี่ปุ่น ใน ชีวิต ประ จํา วัน,40
2026-08-21,87,คอร์ส ภาษา ญี่ปุ่น ออนไลน์ ฟรี,40
2026-08-21,88,ภาษา ญี่ปุ่น เบื้องต้น สวัสดี,40
2026-08-21,89,คอร์ส เรียน ภาษา ญี่ปุ่น a level,39
2026-08-21,90,สอบ jlpt ระดับ,39
2026-08-21,91,ข้อสอบ ภาษา ญี่ปุ่น แปล ว่า,39
2026-08-21,92,เรียน ภาษา ญี่ปุ่น by click japanese รีวิว,38
2026-08-21,93,เรียน ภาษา ญี่ปุ่น by eri,38
2026-08-21,94,โรงเรียน สอน ภาษา ญี่ปุ่น ichiban japanese language center,38
2026-08-21,95,สอบ jlpt n2,38
2026-08-21,96,เรียนภาษาญี่ปุ่น ออนไลน์,37
2026-08-21,97,เรียน ภาษา ญี่ปุ่น i love japan,37
2026-08-21,98,ไวยากรณ์ ภาษา ญี่ปุ่น ชั้น ต้น,37
2026-08-21,99,คอร์ส ภาษา ญี่ปุ่น n4,37
2026-08-21,100,สอบ jlpt ครั้ง แรก,37
2026-08-22,1,ข้อสอบภาษาญี่ปุ่น n4,291
2026-08-22,2,คําศัพท์ภาษาญี่ปุ่น nc,290
2026-08-22,3,สนทนาภาษาญี่ปุ่นพื้นฐาน,287
2026-08-22,4,สนทนาภาษาญี่ปุ่น เบื้องต้น,269
2026-08-22,5,ไวยากรณ์ภาษาญี่ปุ่น n1,251
2026-08-22,6,ข้อสอบภาษาญี่ปุ่น n5,247
2026-08-22,7,ข้อสอบ ภาษา ญี่ปุ่น คือ,237
2026-08-22,8,ข้อสอบ ภาษา ญี่ปุ่น pdf,203
2026-08-22,9,ไวยากรณ์ ภาษา ญี่ปุ่น pantip,198
2026-08-22,10,คําศัพท์ภาษาญี่ปุ่น n5,190
2026-08-22,11,เรียน ภาษา ญี่ปุ่น ด้วย ตัว เอง รีวิว,189
2026-08-22,12,คําศัพท์ภาษาญี่ปุ่นง่ายๆ,188
2026-08-22,13,ภาษา ญี่ปุ่น เบื้องต้น สนทนา,186
2026-08-22,14,คําศัพท์ภาษาญี่ปุ่นเบื้องต้น,168
2026-08-22,15,สนทนาภาษาญี่ปุ่น n4,167
2026-08-22,16,ภาษาญี่ปุ่น เบื้องต้น,166
2026-08-22,17,คอร์ส ภาษา ญี่ปุ่น ราคา,162
2026-08-22,18,ไวยากรณ์ภาษาญี่ปุ่น n4,157
2026-08-22,19,ภาษา ญี่ปุ่น เบื้องต้น pdf,156
2026-08-22,20,คําศัพท์ภาษาญี่ปุ่น n1,152
2026-08-22,21,คอร์ส ภาษา ญี่ปุ่น พื้นฐาน,152
2026-08-22,22,คอร์ส ภาษา ญี่ปุ่น ออนไลน์,144
2026-08-22,23,ไวยากรณ์ ภาษา ญี่ปุ่น คือ,138
2026-08-22,24,ไวยากรณ์ ภาษา ญี่ปุ่น พื้นฐาน,136
2026-08-22,25,คอร์ส ภาษา ญี่ปุ่น ฟรี,128
2026-08-22,26,ไวยากรณ์ ภาษา ญี่ปุ่น ทั้งหมด,123
2026-08-22,27,ไวยากรณ์ ภาษา ญี่ปุ่น เรียก ว่า,121
2026-08-22,28,คําศัพท์ภาษาญี่ปุ่นพื้นฐาน,117
2026-08-22,29,ไวยากรณ์ ภาษา ญี่ปุ่น pdf,116
2026-08-22,30,สนทนา ภาษา ญี่ปุ่น,115
2026-08-22,31,ข้อสอบ ภาษา ญี่ปุ่น พื้นฐาน,109
2026-08-22,32,เรียนภาษาญี่ปุ่นด้วยตัวเอง,106
2026-08-22,33,ภาษาญี่ปุ่นเบื้องต้น พยัญชนะ,97
2026-08-22,34,ภาษา ญี่ปุ่น เบื้องต้น n5,95
2026-08-22,35,ข้อสอบภาษาญี่ปุ่น,93
2026-08-22,36,คอร์ส เรียน ภาษา ญี่ปุ่น พื้นฐาน,91
2026-08-22,37,สอนภาษาญี่ปุ่นง่ายๆ,90
2026-08-22,38,สอนภาษาญี่ปุ่นฟรี,88
2026-08-22,39,สนทนาภาษาญี่ปุ่นเบื้องต้น,88
2026-08-22,40,คําศัพท์ภาษาญี่ปุ่น n4,81
2026-08-22,41,สนทนา ภาษา ญี่ปุ่น พื้นฐาน,81
2026-08-22,42,สอบ jlpt ผ่าน,79
2026-08-22,43,ข้อสอบ ภาษา ญี่ปุ่น ง่ายๆ,78
2026-08-22,44,คอร์ส เรียน ภาษา ญี่ปุ่น พูด,77
2026-08-22,45,ไวยากรณ์ภาษาญี่ปุ่น n5,76
2026-08-22,46,สอนภาษาญี่ปุ่นพื้นฐาน,76
2026-08-22,47,ข้อสอบ ภาษา ญี่ปุ่น เบื้องต้น,76
2026-08-22,48,คําศัพท์ภาษาญี่ปุ่น n3,75
2026-08-22,49,ไวยากรณ์ภาษาญี่ปุ่นเบื้องต้น,74
2026-08-22,50,คอร์ส ภาษา ญี่ปุ่น เบื้องต้น,74
2026-08-22,51,ภาษา ญี่ปุ่น เบื้องต้น ฟรี,74
2026-08-22,52,เรียน ภาษา ญี่ปุ่น ด้วย ตัว เอง pantip,70
2026-08-22,53,สอบ jlpt pantip,69
2026-08-22,54,เรียน ภาษา ญี่ปุ่น ด้วย ตัว เอง ฟรี,68
2026-08-22,55,คอร์ส เรียน ภาษา ญี่ปุ่น รีวิว,67
2026-08-22,56,คอร์ส ออนไลน์ สนทนา ภาษา ญี่ปุ่น พูด ได้ ใช้ คล่อง,64
2026-08-22,57,ไวยากรณ์ ภาษา ญี่ปุ่น เบื้องต้น,63
2026-08-22,58,ไวยากรณ์ภาษาญี่ปุ่น n3,58
2026-08-22,59,ไวยากรณ์ภาษาญี่ปุ่น n2,58
2026-08-22,60,คอร์ส ภาษา ญี่ปุ่น ธุรกิจ,56
2026-08-22,61,สอบ jlpt n5,54
2026-08-22,62,สอบ jlpt ยาก ไหม,54
2026-08-22,63,สอบ jlpt ยัง ไง,53
2026-08-22,64,ภาษาญี่ปุ่นเบื้องต้น บทที่ 1,52
2026-08-22,65,คําศัพท์ภาษาญี่ปุ่น n2,51
2026-08-22,66,คอร์ส ภาษา ญี่ปุ่น มหิดล,51
2026-08-22,67,ภาษา ญี่ปุ่น เบื้องต้น หนังสือ,50
2026-08-22,68,สอบ jlpt ไม่ ผ่าน,50
2026-08-22,69,สอบ jlpt ออนไลน์,48
2026-08-22,70,คอร์ส เรียน ภาษา ญี่ปุ่น ราคา,46
2026-08-22,71,ข้อสอบ ภาษา ญี่ปุ่น a level,46
2026-08-22,72,เรียน ภาษา ญี่ปุ่น by click japanese,45
2026-08-22,73,สอบ jlpt ที่ไหน,45
2026-08-22,74,ข้อสอบ ภาษา ญี่ปุ่น พร้อม เฉลย,45
2026-08-22,75,เรียนภาษาญี่ปุ่น เด็ก,44
2026-08-22,76,ภาษา ญี่ปุ่น เบื้องต้น ประโยค,44
2026-08-22,77,สอบ jlpt n1,44
2026-08-22,78,เรียน ภาษา ญี่ปุ่น future skill,43
2026-08-22,79,คอร์ส เรียน ภาษา ญี่ปุ่น pantip,43
2026-08-22,80,สอบ jlpt ครั้ง ที่ 1,43
2026-08-22,81,ไวยากรณ์ ภาษา ญี่ปุ่น เบื้องต้น ฉบับ สมบูรณ์ pdf,42
2026-08-22,82,เรียน ภาษา ญี่ปุ่น ด้วย ตัว เอง n1,42
2026-08-22,83,เรียน ภาษา ญี่ปุ่น a level,40
2026-08-22,84,สอนภาษาญี่ปุ่น สนทนา,40
2026-08-22,85,สอนภาษาญี่ปุ่น n4,40
2026-08-22,86,สนทนา ภาษา ญี่ปุ่น ใน ชีวิต ประ จํา วัน,40
2026-08-22,87,คอร์ส ภาษา ญี่ปุ่น ออนไลน์ ฟรี,40
2026-08-22,88,ภาษา ญี่ปุ่น เบื้องต้น สวัสดี,40
2026-08-22,89,คอร์ส เรียน ภาษา ญี่ปุ่น a level,39
2026-08-22,90,สอบ jlpt ระดับ,39
2026-08-22,91,ข้อสอบ ภาษา ญี่ปุ่น แปล ว่า,39
2026-08-22,92,เรียนภาษาญี่ปุ่น ออนไลน์,38
2026-08-22,93,เรียน ภาษา ญี่ปุ่น by click japanese รีวิว,38
2026-08-22,94,เรียน ภาษา ญี่ปุ่น by eri,38
2026-08-22,95,โรงเรียน สอน ภาษา ญี่ปุ่น ichiban japanese language center,38
2026-08-22,96,สอบ jlpt n2,38
2026-08-22,97,เรียน ภาษา ญี่ปุ่น i love japan,37
2026-08-22,98,ไวยากรณ์ ภาษา ญี่ปุ่น ชั้น ต้น,37
2026-08-22,99,คอร์ส ภาษา ญี่ปุ่น n4,37
2026-08-22,100,สอบ jlpt ครั้ง แรก,37
2026-08-23,1,คําศัพท์ภาษาญี่ปุ่น nc,290
2026-08-23,2,ข้อสอบภาษาญี่ปุ่น n4,289
2026-08-23,3,สนทนาภาษาญี่ปุ่นพื้นฐาน,286
2026-08-23,4,สนทนาภาษาญี่ปุ่น เบื้องต้น,268
2026-08-23,5,ไวยากรณ์ภาษาญี่ปุ่น n1,251
2026-08-23,6,ข้อสอบภาษาญี่ปุ่น n5,245
2026-08-23,7,ข้อสอบ ภาษา ญี่ปุ่น คือ,237
2026-08-23,8,ข้อสอบ ภาษา ญี่ปุ่น pdf,201
2026-08-23,9,ไวยากรณ์ ภาษา ญี่ปุ่น pantip,198
2026-08-23,10,คําศัพท์ภาษาญี่ปุ่น n5,190
2026-08-23,11,คําศัพท์ภาษาญี่ปุ่นง่ายๆ,189
2026-08-23,12,เรียน ภาษา ญี่ปุ่น ด้วย ตัว เอง รีวิว,189
2026-08-23,13,ภาษา ญี่ปุ่น เบื้องต้น สนทนา,186
2026-08-23,14,คําศัพท์ภาษาญี่ปุ่นเบื้องต้น,167
2026-08-23,15,สนทนาภาษาญี่ปุ่น n4,167
2026-08-23,16,ภาษาญี่ปุ่น เบื้องต้น,166
2026-08-23,17,คอร์ส ภาษา ญี่ปุ่น ราคา,163
2026-08-23,18,ไวยากรณ์ภาษาญี่ปุ่น n4,157
2026-08-23,19,ภาษา ญี่ปุ่น เบื้องต้น pdf,156
2026-08-23,20,คําศัพท์ภาษาญี่ปุ่น n1,152
2026-08-23,21,คอร์ส ภาษา ญี่ปุ่น พื้นฐาน,152
2026-08-23,22,คอร์ส ภาษา ญี่ปุ่น ออนไลน์,144
2026-08-23,23,ไวยากรณ์ ภาษา ญี่ปุ่น คือ,138
2026-08-23,24,ไวยากรณ์ ภาษา ญี่ปุ่น พื้นฐาน,136
2026-08-23,25,คอร์ส ภาษา ญี่ปุ่น ฟรี,128
2026-08-23,26,ไวยากรณ์ ภาษา ญี่ปุ่น ทั้งหมด,123
2026-08-23,27,ไวยากรณ์ ภาษา ญี่ปุ่น เรียก ว่า,121
2026-08-23,28,คําศัพท์ภาษาญี่ปุ่นพื้นฐาน,117
2026-08-23,29,ไวยากรณ์ ภาษา ญี่ปุ่น pdf,116
2026-08-23,30,สนทนา ภาษา ญี่ปุ่น,114
2026-08-23,31,ข้อสอบ ภาษา ญี่ปุ่น พื้นฐาน,109
2026-08-23,32,เรียนภาษาญี่ปุ่นด้วยตัวเอง,107
2026-08-23,33,ภาษาญี่ปุ่นเบื้องต้น พยัญชนะ,97
2026-08-23,34,ภาษา ญี่ปุ่น เบื้องต้น n5,95
2026-08-23,35,ข้อสอบภาษาญี่ปุ่น,92
2026-08-23,36,คอร์ส เรียน ภาษา ญี่ปุ่น พื้นฐาน,91
2026-08-23,37,สอนภาษาญี่ปุ่นง่ายๆ,90
2026-08-23,38,สอนภาษาญี่ปุ่นฟรี,88
2026-08-23,39,สนทนาภาษาญี่ปุ่นเบื้องต้น,88
2026-08-23,40,คําศัพท์ภาษาญี่ปุ่น n4,82
2026-08-23,41,สนทนา ภาษา ญี่ปุ่น พื้นฐาน,81
2026-08-23,42,สอบ jlpt ผ่าน,79
2026-08-23,43,คอร์ส เรียน ภาษา ญี่ปุ่น พูด,78
2026-08-23,44,ข้อสอบ ภาษา ญี่ปุ่น ง่ายๆ,78
2026-08-23,45,ไวยากรณ์ภาษาญี่ปุ่น n5,76
2026-08-23,46,สอนภาษาญี่ปุ่นพื้นฐาน,76
2026-08-23,47,ข้อสอบ ภาษา ญี่ปุ่น เบื้องต้น,76
2026-08-23,48,คําศัพท์ภาษาญี่ปุ่น n3,75
2026-08-23,49,ภาษา ญี่ปุ่น เบื้องต้น ฟรี,75
2026-08-23,50,ไวยากรณ์ภาษาญี่ปุ่นเบื้องต้น,74
2026-08-23,51,คอร์ส ภาษา ญี่ปุ่น เบื้องต้น,74
2026-08-23,52,เรียน ภาษา ญี่ปุ่น ด้วย ตัว เอง pantip,70
2026-08-23,53,สอบ jlpt pantip,69
2026-08-23,54,เรียน ภาษา ญี่ปุ่น ด้วย ตัว เอง ฟรี,68
2026-08-23,55,คอร์ส เรียน ภาษา ญี่ปุ่น รีวิว,68
2026-08-23,56,คอร์ส ออนไลน์ สนทนา ภาษา ญี่ปุ่น พูด ได้ ใช้ คล่อง,65
2026-08-23,57,ไวยากรณ์ ภาษา ญี่ปุ่น เบื้องต้น,63
2026-08-23,58,ไวยากรณ์ภาษาญี่ปุ่น n3,58
2026-08-23,59,ไวยากรณ์ภาษาญี่ปุ่น n2,58
2026-08-23,60,คอร์ส ภาษา ญี่ปุ่น ธุรกิจ,56
2026-08-23,61,สอบ jlpt n5,54
2026-08-23,62,สอบ jlpt ยาก ไหม,53
2026-08-23,63,สอบ jlpt ยัง ไง,53
2026-08-23,64,ภาษาญี่ปุ่นเบื้องต้น บทที่ 1,52
2026-08-23,65,ภาษา ญี่ปุ่น เบื้องต้น หนังสือ,52
2026-08-23,66,คําศัพท์ภาษาญี่ปุ่น n2,51
2026-08-23,67,คอร์ส ภาษา ญี่ปุ่น มหิดล,51
2026-08-23,68,สอบ jlpt ไม่ ผ่าน,50
2026-08-23,69,สอบ jlpt ออนไลน์,48
2026-08-23,70,คอร์ส เรียน ภาษา ญี่ปุ่น ราคา,46
2026-08-23,71,ข้อสอบ ภาษา ญี่ปุ่น a level,46
2026-08-23,72,เรียน ภาษา ญี่ปุ่น by click japanese,45
2026-08-23,73,สอบ jlpt ที่ไหน,45
2026-08-23,74,ข้อสอบ ภาษา ญี่ปุ่น พร้อม เฉลย,45
2026-08-23,75,เรียนภาษาญี่ปุ่น เด็ก,44
2026-08-23,76,ไวยากรณ์ ภาษา ญี่ปุ่น เบื้องต้น ฉบับ สมบูรณ์ pdf,44
2026-08-23,77,ภาษา ญี่ปุ่น เบื้องต้น ประโยค,44
2026-08-23,78,สอบ jlpt n1,44
2026-08-23,79,เรียน ภาษา ญี่ปุ่น future skill,43
2026-08-23,80,คอร์ส เรียน ภาษา ญี่ปุ่น pantip,43
2026-08-23,81,สอบ jlpt ครั้ง ที่ 1,43
2026-08-23,82,เรียน ภาษา ญี่ปุ่น ด้วย ตัว เอง n1,42
2026-08-23,83,เรียน ภาษา ญี่ปุ่น a level,40
2026-08-23,84,สอนภาษาญี่ปุ่น สนทนา,40
2026-08-23,85,สอนภาษาญี่ปุ่น n4,40
2026-08-23,86,สนทนา ภาษา ญี่ปุ่น ใน ชีวิต ประ จํา วัน,40
2026-08-23,87,คอร์ส ภาษา ญี่ปุ่น ออนไลน์ ฟรี,40
2026-08-23,88,ภาษา ญี่ปุ่น เบื้องต้น สวัสดี,40
2026-08-23,89,คอร์ส เรียน ภาษา ญี่ปุ่น a level,39
2026-08-23,90,สอบ jlpt ระดับ,39
2026-08-23,91,ข้อสอบ ภาษา ญี่ปุ่น แปล ว่า,39
2026-08-23,92,เรียน ภาษา ญี่ปุ่น by click japanese รีวิว,38
2026-08-23,93,เรียน ภาษา ญี่ปุ่น by eri,38
2026-08-23,94,โรงเรียน สอน ภาษา ญี่ปุ่น ichiban japanese language center,38
2026-08-23,95,สอบ jlpt n2,38
2026-08-23,96,เรียน ภาษา ญี่ปุ่น i love japan,37
2026-08-23,97,ไวยากรณ์ ภาษา ญี่ปุ่น ชั้น ต้น,37
2026-08-23,98,คอร์ส ภาษา ญี่ปุ่น n4,37
2026-08-23,99,สอบ jlpt ครั้ง แรก,37
2026-08-23,100,ข้อสอบ ภาษา ญี่ปุ่น เขียน ยัง ไง,37
2026-08-24,1,คําศัพท์ภาษาญี่ปุ่น nc,290
2026-08-24,2,ข้อสอบภาษาญี่ปุ่น n4,289
2026-08-24,3,สนทนาภาษาญี่ปุ่นพื้นฐาน,286
2026-08-24,4,สนทนาภาษาญี่ปุ่น เบื้องต้น,270
2026-08-24,5,ไวยากรณ์ภาษาญี่ปุ่น n1,251
2026-08-24,6,ข้อสอบภาษาญี่ปุ่น n5,245
2026-08-24,7,ข้อสอบ ภาษา ญี่ปุ่น คือ,237
2026-08-24,8,ข้อสอบ ภาษา ญี่ปุ่น pdf,201
2026-08-24,9,ไวยากรณ์ ภาษา ญี่ปุ่น pantip,198
2026-08-24,10,คําศัพท์ภาษาญี่ปุ่น n5,190
2026-08-24,11,เรียน ภาษา ญี่ปุ่น ด้วย ตัว เอง รีวิว,189
2026-08-24,12,คําศัพท์ภาษาญี่ปุ่นง่ายๆ,188
2026-08-24,13,ภาษา ญี่ปุ่น เบื้องต้น สนทนา,186
2026-08-24,14,คําศัพท์ภาษาญี่ปุ่นเบื้องต้น,168
2026-08-24,15,สนทนาภาษาญี่ปุ่น n4,167
2026-08-24,16,ภาษาญี่ปุ่น เบื้องต้น,166
2026-08-24,17,คอร์ส ภาษา ญี่ปุ่น ราคา,161
2026-08-24,18,ไวยากรณ์ภาษาญี่ปุ่น n4,157
2026-08-24,19,ภาษา ญี่ปุ่น เบื้องต้น pdf,156
2026-08-24,20,คําศัพท์ภาษาญี่ปุ่น n1,152
2026-08-24,21,คอร์ส ภาษา ญี่ปุ่น พื้นฐาน,152
2026-08-24,22,คอร์ส ภาษา ญี่ปุ่น ออนไลน์,144
2026-08-24,23,ไวยากรณ์ ภาษา ญี่ปุ่น คือ,138
2026-08-24,24,ไวยากรณ์ ภาษา ญี่ปุ่น พื้นฐาน,136
2026-08-24,25,คอร์ส ภาษา ญี่ปุ่น ฟรี,128
2026-08-24,26,ไวยากรณ์ ภาษา ญี่ปุ่น ทั้งหมด,123
2026-08-24,27,ไวยากรณ์ ภาษา ญี่ปุ่น เรียก ว่า,121
2026-08-24,28,คําศัพท์ภาษาญี่ปุ่นพื้นฐาน,117
2026-08-24,29,ไวยากรณ์ ภาษา ญี่ปุ่น pdf,116
2026-08-24,30,สนทนา ภาษา ญี่ปุ่น,116
2026-08-24,31,ข้อสอบ ภาษา ญี่ปุ่น พื้นฐาน,109
2026-08-24,32,เรียนภาษาญี่ปุ่นด้วยตัวเอง,107
2026-08-24,33,ภาษาญี่ปุ่นเบื้องต้น พยัญชนะ,97
2026-08-24,34,ภาษา ญี่ปุ่น เบื้องต้น n5,95
2026-08-24,35,ข้อสอบภาษาญี่ปุ่น,92
2026-08-24,36,คอร์ส เรียน ภาษา ญี่ปุ่น พื้นฐาน,91
2026-08-24,37,สอนภาษาญี่ปุ่นง่ายๆ,90
2026-08-24,38,สอนภาษาญี่ปุ่นฟรี,88
2026-08-24,39,สนทนาภาษาญี่ปุ่นเบื้องต้น,88
2026-08-24,40,สนทนา ภาษา ญี่ปุ่น พื้นฐาน,83
2026-08-24,41,คําศัพท์ภาษาญี่ปุ่น n4,81
2026-08-24,42,สอบ jlpt ผ่าน,79
2026-08-24,43,ข้อสอบ ภาษา ญี่ปุ่น ง่ายๆ,78
2026-08-24,44,คอร์ส เรียน ภาษา ญี่ปุ่น พูด,77
2026-08-24,45,ไวยากรณ์ภาษาญี่ปุ่น n5,76
2026-08-24,46,สอนภาษาญี่ปุ่นพื้นฐาน,76
2026-08-24,47,ข้อสอบ ภาษา ญี่ปุ่น เบื้องต้น,76
2026-08-24,48,คําศัพท์ภาษาญี่ปุ่น n3,75
2026-08-24,49,ไวยากรณ์ภาษาญี่ปุ่นเบื้องต้น,74
2026-08-24,50,คอร์ส ภาษา ญี่ปุ่น เบื้องต้น,74
2026-08-24,51,ภาษา ญี่ปุ่น เบื้องต้น ฟรี,74
2026-08-24,52,เรียน ภาษา ญี่ปุ่น ด้วย ตัว เอง pantip,70
2026-08-24,53,สอบ jlpt pantip,69
2026-08-24,54,เรียน ภาษา ญี่ปุ่น ด้วย ตัว เอง ฟรี,68
2026-08-24,55,คอร์ส เรียน ภาษา ญี่ปุ่น รีวิว,67
2026-08-24,56,คอร์ส ออนไลน์ สนทนา ภาษา ญี่ปุ่น พูด ได้ ใช้ คล่อง,64
2026-08-24,57,ไวยากรณ์ ภาษา ญี่ปุ่น เบื้องต้น,63
2026-08-24,58,ไวยากรณ์ภาษาญี่ปุ่น n3,58
2026-08-24,59,ไวยากรณ์ภาษาญี่ปุ่น n2,58
2026-08-24,60,คอร์ส ภาษา ญี่ปุ่น ธุรกิจ,56
2026-08-24,61,สอบ jlpt n5,54
2026-08-24,62,สอบ jlpt ยาก ไหม,54
2026-08-24,63,สอบ jlpt ยัง ไง,53
2026-08-24,64,ภาษาญี่ปุ่นเบื้องต้น บทที่ 1,52
2026-08-24,65,คําศัพท์ภาษาญี่ปุ่น n2,51
2026-08-24,66,คอร์ส ภาษา ญี่ปุ่น มหิดล,51
2026-08-24,67,ภาษา ญี่ปุ่น เบื้องต้น หนังสือ,50
2026-08-24,68,สอบ jlpt ไม่ ผ่าน,50
2026-08-24,69,สอบ jlpt ออนไลน์,48
2026-08-24,70,คอร์ส เรียน ภาษา ญี่ปุ่น ราคา,46
2026-08-24,71,ข้อสอบ ภาษา ญี่ปุ่น a level,46
2026-08-24,72,เรียน ภาษา ญี่ปุ่น by click japanese,45
2026-08-24,73,สอบ jlpt ที่ไหน,45
2026-08-24,74,ข้อสอบ ภาษา ญี่ปุ่น พร้อม เฉลย,45
2026-08-24,75,เรียนภาษาญี่ปุ่น เด็ก,44
2026-08-24,76,ภาษา ญี่ปุ่น เบื้องต้น ประโยค,44
2026-08-24,77,สอบ jlpt n1,44
2026-08-24,78,เรียน ภาษา ญี่ปุ่น future skill,43
2026-08-24,79,คอร์ส เรียน ภาษา ญี่ปุ่น pantip,43
2026-08-24,80,สอบ jlpt ครั้ง ที่ 1,43
2026-08-24,81,ไวยากรณ์ ภาษา ญี่ปุ่น เบื้องต้น ฉบับ สมบูรณ์ pdf,42
2026-08-24,82,เรียน ภาษา ญี่ปุ่น ด้วย ตัว เอง n1,42
2026-08-24,83,เรียน ภาษา ญี่ปุ่น a level,40
2026-08-24,84,สอนภาษาญี่ปุ่น สนทนา,40
2026-08-24,85,สอนภาษาญี่ปุ่น n4,40
2026-08-24,86,สนทนา ภาษา ญี่ปุ่น ใน ชีวิต ประ จํา วัน,40
2026-08-24,87,คอร์ส ภาษา ญี่ปุ่น ออนไลน์ ฟรี,40
2026-08-24,88,ภาษา ญี่ปุ่น เบื้องต้น สวัสดี,40
2026-08-24,89,คอร์ส เรียน ภาษา ญี่ปุ่น a level,39
2026-08-24,90,สอบ jlpt ระดับ,39
2026-08-24,91,ข้อสอบ ภาษา ญี่ปุ่น แปล ว่า,39
2026-08-24,92,เรียนภาษาญี่ปุ่น ออนไลน์,38
2026-08-24,93,เรียน ภาษา ญี่ปุ่น by click japanese รีวิว,38
2026-08-24,94,เรียน ภาษา ญี่ปุ่น by eri,38
2026-08-24,95,โรงเรียน สอน ภาษา ญี่ปุ่น ichiban japanese language center,38
2026-08-24,96,สอบ jlpt n2,38
2026-08-24,97,เรียน ภาษา ญี่ปุ่น i love japan,37
2026-08-24,98,ไวยากรณ์ ภาษา ญี่ปุ่น ชั้น ต้น,37
2026-08-24,99,คอร์ส ภาษา ญี่ปุ่น n4,37
2026-08-24,100,สอบ jlpt ครั้ง แรก,37
2026-08-25,1,คําศัพท์ภาษาญี่ปุ่น nc,290
2026-08-25,2,ข้อสอบภาษาญี่ปุ่น n4,288
2026-08-25,3,สนทนาภาษาญี่ปุ่นพื้นฐาน,287
2026-08-25,4,สนทนาภาษาญี่ปุ่น เบื้องต้น,269
2026-08-25,5,ไวยากรณ์ภาษาญี่ปุ่น n1,251
2026-08-25,6,ข้อสอบภาษาญี่ปุ่น n5,244
2026-08-25,7,ข้อสอบ ภาษา ญี่ปุ่น คือ,237
2026-08-25,8,ข้อสอบ ภาษา ญี่ปุ่น pdf,200
2026-08-25,9,ไวยากรณ์ ภาษา ญี่ปุ่น pantip,198
2026-08-25,10,คําศัพท์ภาษาญี่ปุ่น n5,190
2026-08-25,11,เรียน ภาษา ญี่ปุ่น ด้วย ตัว เอง รีวิว,189
2026-08-25,12,คําศัพท์ภาษาญี่ปุ่นง่ายๆ,188
2026-08-25,13,ภาษา ญี่ปุ่น เบื้องต้น สนทนา,185
2026-08-25,14,คําศัพท์ภาษาญี่ปุ่นเบื้องต้น,168
2026-08-25,15,สนทนาภาษาญี่ปุ่น n4,167
2026-08-25,16,ภาษาญี่ปุ่น เบื้องต้น,165
2026-08-25,17,คอร์ส ภาษา ญี่ปุ่น ราคา,162
2026-08-25,18,ไวยากรณ์ภาษาญี่ปุ่น n4,157
2026-08-25,19,ภาษา ญี่ปุ่น เบื้องต้น pdf,155
2026-08-25,20,คําศัพท์ภาษาญี่ปุ่น n1,152
2026-08-25,21,คอร์ส ภาษา ญี่ปุ่น พื้นฐาน,152
2026-08-25,22,คอร์ส ภาษา ญี่ปุ่น ออนไลน์,144
2026-08-25,23,ไวยากรณ์ ภาษา ญี่ปุ่น คือ,138
2026-08-25,24,ไวยากรณ์ ภาษา ญี่ปุ่น พื้นฐาน,136
2026-08-25,25,คอร์ส ภาษา ญี่ปุ่น ฟรี,128
2026-08-25,26,ไวยากรณ์ ภาษา ญี่ปุ่น ทั้งหมด,123
2026-08-25,27,ไวยากรณ์ ภาษา ญี่ปุ่น เรียก ว่า,121
2026-08-25,28,คําศัพท์ภาษาญี่ปุ่นพื้นฐาน,117
2026-08-25,29,ไวยากรณ์ ภาษา ญี่ปุ่น pdf,116
2026-08-25,30,สนทนา ภาษา ญี่ปุ่น,115
2026-08-25,31,ข้อสอบ ภาษา ญี่ปุ่น พื้นฐาน,108
2026-08-25,32,เรียนภาษาญี่ปุ่นด้วยตัวเอง,107
2026-08-25,33,ภาษาญี่ปุ่นเบื้องต้น พยัญชนะ,97
2026-08-25,34,ภาษา ญี่ปุ่น เบื้องต้น n5,95
2026-08-25,35,ข้อสอบภาษาญี่ปุ่น,93
2026-08-25,36,คอร์ส เรียน ภาษา ญี่ปุ่น พื้นฐาน,91
2026-08-25,37,สอนภาษาญี่ปุ่นง่ายๆ,90
2026-08-25,38,สนทนาภาษาญี่ปุ่นเบื้องต้น,88
2026-08-25,39,คําศัพท์ภาษาญี่ปุ่น n4,81
2026-08-25,40,สนทนา ภาษา ญี่ปุ่น พื้นฐาน,81
2026-08-25,41,สอนภาษาญี่ปุ่นฟรี,79
2026-08-25,42,สอบ jlpt ผ่าน,79
2026-08-25,43,สอนภาษาญี่ปุ่นพื้นฐาน,78
2026-08-25,44,คอร์ส เรียน ภาษา ญี่ปุ่น พูด,77
2026-08-25,45,ข้อสอบ ภาษา ญี่ปุ่น ง่ายๆ,77
2026-08-25,46,ไวยากรณ์ภาษาญี่ปุ่น n5,76
2026-08-25,47,ข้อสอบ ภาษา ญี่ปุ่น เบื้องต้น,76
2026-08-25,48,คําศัพท์ภาษาญี่ปุ่น n3,75
2026-08-25,49,ไวยากรณ์ภาษาญี่ปุ่นเบื้องต้น,74
2026-08-25,50,คอร์ส ภาษา ญี่ปุ่น เบื้องต้น,74
2026-08-25,51,ภาษา ญี่ปุ่น เบื้องต้น ฟรี,74
2026-08-25,52,เรียน ภาษา ญี่ปุ่น ด้วย ตัว เอง pantip,70
2026-08-25,53,สอบ jlpt pantip,69
2026-08-25,54,เรียน ภาษา ญี่ปุ่น ด้วย ตัว เอง ฟรี,68
2026-08-25,55,คอร์ส เรียน ภาษา ญี่ปุ่น รีวิว,67
2026-08-25,56,คอร์ส ออนไลน์ สนทนา ภาษา ญี่ปุ่น พูด ได้ ใช้ คล่อง,64
2026-08-25,57,ไวยากรณ์ ภาษา ญี่ปุ่น เบื้องต้น,63
2026-08-25,58,ไวยากรณ์ภาษาญี่ปุ่น n3,58
2026-08-25,59,ไวยากรณ์ภาษาญี่ปุ่น n2,58
2026-08-25,60,คอร์ส ภาษา ญี่ปุ่น ธุรกิจ,56
2026-08-25,61,สอบ jlpt n5,54
2026-08-25,62,สอบ jlpt ยาก ไหม,54
2026-08-25,63,สอบ jlpt ยัง ไง,53
2026-08-25,64,ภาษาญี่ปุ่นเบื้องต้น บทที่ 1,52
2026-08-25,65,คําศัพท์ภาษาญี่ปุ่น n2,51
2026-08-25,66,คอร์ส ภาษา ญี่ปุ่น มหิดล,51
2026-08-25,67,สอบ jlpt ไม่ ผ่าน,50
2026-08-25,68,ภาษา ญี่ปุ่น เบื้องต้น หนังสือ,49
2026-08-25,69,สอบ jlpt ออนไลน์,48
2026-08-25,70,คอร์ส เรียน ภาษา ญี่ปุ่น ราคา,46
2026-08-25,71,ข้อสอบ ภาษา ญี่ปุ่น a level,46
2026-08-25,72,เรียน ภาษา ญี่ปุ่น by click japanese,45
2026-08-25,73,สอบ jlpt ที่ไหน,45
2026-08-25,74,ข้อสอบ ภาษา ญี่ปุ่น พร้อม เฉลย,45
2026-08-25,75,เรียนภาษาญี่ปุ่น เด็ก,44
2026-08-25,76,ภาษา ญี่ปุ่น เบื้องต้น ประโยค,44
2026-08-25,77,สอบ jlpt n1,44
2026-08-25,78,เรียน ภาษา ญี่ปุ่น future skill,43
2026-08-25,79,คอร์ส เรียน ภาษา ญี่ปุ่น pantip,43
2026-08-25,80,สอบ jlpt ครั้ง ที่ 1,43
2026-08-25,81,ไวยากรณ์ ภาษา ญี่ปุ่น เบื้องต้น ฉบับ สมบูรณ์ pdf,42
2026-08-25,82,เรียน ภาษา ญี่ปุ่น ด้วย ตัว เอง n1,42
2026-08-25,83,เรียน ภาษา ญี่ปุ่น a level,40
2026-08-25,84,สอนภาษาญี่ปุ่น สนทนา,40
2026-08-25,85,สอนภาษาญี่ปุ่น n4,40
2026-08-25,86,สนทนา ภาษา ญี่ปุ่น ใน ชีวิต ประ จํา วัน,40
2026-08-25,87,คอร์ส ภาษา ญี่ปุ่น ออนไลน์ ฟรี,40
2026-08-25,88,ภาษา ญี่ปุ่น เบื้องต้น สวัสดี,40
2026-08-25,89,คอร์ส เรียน ภาษา ญี่ปุ่น a level,39
2026-08-25,90,สอบ jlpt ระดับ,39
2026-08-25,91,ข้อสอบ ภาษา ญี่ปุ่น แปล ว่า,39
2026-08-25,92,เรียน ภาษา ญี่ปุ่น by click japanese รีวิว,38
2026-08-25,93,เรียน ภาษา ญี่ปุ่น by eri,38
2026-08-25,94,โรงเรียน สอน ภาษา ญี่ปุ่น ichiban japanese language center,38
2026-08-25,95,สอบ jlpt n2,38
2026-08-25,96,เรียนภาษาญี่ปุ่น ออนไลน์,37
2026-08-25,97,เรียน ภาษา ญี่ปุ่น i love japan,37
2026-08-25,98,ไวยากรณ์ ภาษา ญี่ปุ่น ชั้น ต้น,37
2026-08-25,99,คอร์ส ภาษา ญี่ปุ่น n4,37
2026-08-25,100,สอบ jlpt ครั้ง แรก,37
